2026-03-07 14:14:34,835 [Worker-5: Loading available Gradle versions] INFO  o.e.b.c.i.u.g.PublishedGradleVersions - Gradle version information cache is not available. Remote download required.
2026-03-07 14:15:18,742 [Worker-10: Importing Maven projects] INFO  o.e.m.c.i.e.AbstractTransferListenerAdapter - Downloading https://repo.maven.apache.org/maven2/org/springframework/boot/spring-boot-starter-parent/4.0.3/spring-boot-starter-parent-4.0.3.pom
2026-03-07 14:15:18,793 [Worker-10: Importing Maven projects] INFO  o.e.m.c.i.e.AbstractTransferListenerAdapter - Downloaded https://repo.maven.apache.org/maven2/org/springframework/boot/spring-boot-starter-parent/4.0.3/spring-boot-starter-parent-4.0.3.pom
2026-03-07 14:15:18,884 [Worker-10: Importing Maven projects] INFO  o.e.m.c.i.e.AbstractTransferListenerAdapter - Downloading https://repo.maven.apache.org/maven2/org/springframework/boot/spring-boot-dependencies/4.0.3/spring-boot-dependencies-4.0.3.pom
2026-03-07 14:15:18,948 [Worker-10: Importing Maven projects] INFO  o.e.m.c.i.e.AbstractTransferListenerAdapter - Downloaded https://repo.maven.apache.org/maven2/org/springframework/boot/spring-boot-dependencies/4.0.3/spring-boot-dependencies-4.0.3.pom
2026-03-07 14:15:19,292 [Worker-10: Importing Maven projects] INFO  o.e.m.c.i.e.AbstractTransferListenerAdapter - Downloading https://repo.maven.apache.org/maven2/org/assertj/assertj-bom/3.27.7/assertj-bom-3.27.7.pom
2026-03-07 14:15:19,341 [Worker-10: Importing Maven projects] INFO  o.e.m.c.i.e.AbstractTransferListenerAdapter - Downloaded https://repo.maven.apache.org/maven2/org/assertj/assertj-bom/3.27.7/assertj-bom-3.27.7.pom
2026-03-07 14:15:19,555 [Worker-10: Importing Maven projects] INFO  o.e.m.c.i.e.AbstractTransferListenerAdapter - Downloading https://repo.maven.apache.org/maven2/org/apache/groovy/groovy-bom/5.0.4/groovy-bom-5.0.4.pom
2026-03-07 14:15:19,600 [Worker-10: Importing Maven projects] INFO  o.e.m.c.i.e.AbstractTransferListenerAdapter - Downloaded https://repo.maven.apache.org/maven2/org/apache/groovy/groovy-bom/5.0.4/groovy-bom-5.0.4.pom
2026-03-07 14:15:19,884 [Worker-10: Importing Maven projects] INFO  o.e.m.c.i.e.AbstractTransferListenerAdapter - Downloading https://repo.maven.apache.org/maven2/org/glassfish/jersey/jersey-bom/4.0.2/jersey-bom-4.0.2.pom
2026-03-07 14:15:19,935 [Worker-10: Importing Maven projects] INFO  o.e.m.c.i.e.AbstractTransferListenerAdapter - Downloaded https://repo.maven.apache.org/maven2/org/glassfish/jersey/jersey-bom/4.0.2/jersey-bom-4.0.2.pom
2026-03-07 14:15:20,040 [Worker-10: Importing Maven projects] INFO  o.e.m.c.i.e.AbstractTransferListenerAdapter - Downloading https://repo.maven.apache.org/maven2/org/eclipse/jetty/ee11/jetty-ee11-bom/12.1.6/jetty-ee11-bom-12.1.6.pom
2026-03-07 14:15:20,110 [Worker-10: Importing Maven projects] INFO  o.e.m.c.i.e.AbstractTransferListenerAdapter - Downloaded https://repo.maven.apache.org/maven2/org/eclipse/jetty/ee11/jetty-ee11-bom/12.1.6/jetty-ee11-bom-12.1.6.pom
2026-03-07 14:15:20,188 [Worker-10: Importing Maven projects] INFO  o.e.m.c.i.e.AbstractTransferListenerAdapter - Downloading https://repo.maven.apache.org/maven2/org/eclipse/jetty/jetty-bom/12.1.6/jetty-bom-12.1.6.pom
2026-03-07 14:15:20,248 [Worker-10: Importing Maven projects] INFO  o.e.m.c.i.e.AbstractTransferListenerAdapter - Downloaded https://repo.maven.apache.org/maven2/org/eclipse/jetty/jetty-bom/12.1.6/jetty-bom-12.1.6.pom
2026-03-07 14:15:20,309 [Worker-10: Importing Maven projects] INFO  o.e.m.c.i.e.AbstractTransferListenerAdapter - Downloading https://repo.maven.apache.org/maven2/org/jooq/jooq-bom/3.19.30/jooq-bom-3.19.30.pom
2026-03-07 14:15:20,357 [Worker-10: Importing Maven projects] INFO  o.e.m.c.i.e.AbstractTransferListenerAdapter - Downloaded https://repo.maven.apache.org/maven2/org/jooq/jooq-bom/3.19.30/jooq-bom-3.19.30.pom
2026-03-07 14:15:20,409 [Worker-10: Importing Maven projects] INFO  o.e.m.c.i.e.AbstractTransferListenerAdapter - Downloading https://repo.maven.apache.org/maven2/org/junit/junit-bom/6.0.3/junit-bom-6.0.3.pom
2026-03-07 14:15:20,458 [Worker-10: Importing Maven projects] INFO  o.e.m.c.i.e.AbstractTransferListenerAdapter - Downloaded https://repo.maven.apache.org/maven2/org/junit/junit-bom/6.0.3/junit-bom-6.0.3.pom
2026-03-07 14:15:20,665 [Worker-10: Importing Maven projects] INFO  o.e.m.c.i.e.AbstractTransferListenerAdapter - Downloading https://repo.maven.apache.org/maven2/io/micrometer/micrometer-bom/1.16.3/micrometer-bom-1.16.3.pom
2026-03-07 14:15:20,721 [Worker-10: Importing Maven projects] INFO  o.e.m.c.i.e.AbstractTransferListenerAdapter - Downloaded https://repo.maven.apache.org/maven2/io/micrometer/micrometer-bom/1.16.3/micrometer-bom-1.16.3.pom
2026-03-07 14:15:20,798 [Worker-10: Importing Maven projects] INFO  o.e.m.c.i.e.AbstractTransferListenerAdapter - Downloading https://repo.maven.apache.org/maven2/io/micrometer/micrometer-tracing-bom/1.6.3/micrometer-tracing-bom-1.6.3.pom
2026-03-07 14:15:20,835 [Worker-10: Importing Maven projects] INFO  o.e.m.c.i.e.AbstractTransferListenerAdapter - Downloaded https://repo.maven.apache.org/maven2/io/micrometer/micrometer-tracing-bom/1.6.3/micrometer-tracing-bom-1.6.3.pom
2026-03-07 14:15:20,926 [Worker-10: Importing Maven projects] INFO  o.e.m.c.i.e.AbstractTransferListenerAdapter - Downloading https://repo.maven.apache.org/maven2/org/mongodb/mongodb-driver-bom/5.6.3/mongodb-driver-bom-5.6.3.pom
2026-03-07 14:15:20,961 [Worker-10: Importing Maven projects] INFO  o.e.m.c.i.e.AbstractTransferListenerAdapter - Downloaded https://repo.maven.apache.org/maven2/org/mongodb/mongodb-driver-bom/5.6.3/mongodb-driver-bom-5.6.3.pom
2026-03-07 14:15:21,095 [Worker-10: Importing Maven projects] INFO  o.e.m.c.i.e.AbstractTransferListenerAdapter - Downloading https://repo.maven.apache.org/maven2/io/netty/netty-bom/4.2.10.Final/netty-bom-4.2.10.Final.pom
2026-03-07 14:15:21,156 [Worker-10: Importing Maven projects] INFO  o.e.m.c.i.e.AbstractTransferListenerAdapter - Downloaded https://repo.maven.apache.org/maven2/io/netty/netty-bom/4.2.10.Final/netty-bom-4.2.10.Final.pom
2026-03-07 14:15:21,486 [Worker-10: Importing Maven projects] INFO  o.e.m.c.i.e.AbstractTransferListenerAdapter - Downloading https://repo.maven.apache.org/maven2/io/projectreactor/reactor-bom/2025.0.3/reactor-bom-2025.0.3.pom
2026-03-07 14:15:21,613 [Worker-10: Importing Maven projects] INFO  o.e.m.c.i.e.AbstractTransferListenerAdapter - Downloaded https://repo.maven.apache.org/maven2/io/projectreactor/reactor-bom/2025.0.3/reactor-bom-2025.0.3.pom
2026-03-07 14:15:21,793 [Worker-10: Importing Maven projects] INFO  o.e.m.c.i.e.AbstractTransferListenerAdapter - Downloading https://repo.maven.apache.org/maven2/org/springframework/data/spring-data-bom/2025.1.3/spring-data-bom-2025.1.3.pom
2026-03-07 14:15:21,855 [Worker-10: Importing Maven projects] INFO  o.e.m.c.i.e.AbstractTransferListenerAdapter - Downloaded https://repo.maven.apache.org/maven2/org/springframework/data/spring-data-bom/2025.1.3/spring-data-bom-2025.1.3.pom
2026-03-07 14:15:21,904 [Worker-10: Importing Maven projects] INFO  o.e.m.c.i.e.AbstractTransferListenerAdapter - Downloading https://repo.maven.apache.org/maven2/org/springframework/spring-framework-bom/7.0.5/spring-framework-bom-7.0.5.pom
2026-03-07 14:15:21,966 [Worker-10: Importing Maven projects] INFO  o.e.m.c.i.e.AbstractTransferListenerAdapter - Downloaded https://repo.maven.apache.org/maven2/org/springframework/spring-framework-bom/7.0.5/spring-framework-bom-7.0.5.pom
2026-03-07 14:15:22,024 [Worker-10: Importing Maven projects] INFO  o.e.m.c.i.e.AbstractTransferListenerAdapter - Downloading https://repo.maven.apache.org/maven2/org/springframework/integration/spring-integration-bom/7.0.3/spring-integration-bom-7.0.3.pom
2026-03-07 14:15:22,165 [Worker-10: Importing Maven projects] INFO  o.e.m.c.i.e.AbstractTransferListenerAdapter - Downloaded https://repo.maven.apache.org/maven2/org/springframework/integration/spring-integration-bom/7.0.3/spring-integration-bom-7.0.3.pom
2026-03-07 14:15:22,236 [Worker-10: Importing Maven projects] INFO  o.e.m.c.i.e.AbstractTransferListenerAdapter - Downloading https://repo.maven.apache.org/maven2/org/springframework/pulsar/spring-pulsar-bom/2.0.3/spring-pulsar-bom-2.0.3.pom
2026-03-07 14:15:22,329 [Worker-10: Importing Maven projects] INFO  o.e.m.c.i.e.AbstractTransferListenerAdapter - Downloaded https://repo.maven.apache.org/maven2/org/springframework/pulsar/spring-pulsar-bom/2.0.3/spring-pulsar-bom-2.0.3.pom
2026-03-07 14:15:22,460 [Worker-10: Importing Maven projects] INFO  o.e.m.c.i.e.AbstractTransferListenerAdapter - Downloading https://repo.maven.apache.org/maven2/org/springframework/security/spring-security-bom/7.0.3/spring-security-bom-7.0.3.pom
2026-03-07 14:15:22,506 [Worker-10: Importing Maven projects] INFO  o.e.m.c.i.e.AbstractTransferListenerAdapter - Downloaded https://repo.maven.apache.org/maven2/org/springframework/security/spring-security-bom/7.0.3/spring-security-bom-7.0.3.pom
2026-03-07 14:15:22,552 [Worker-10: Importing Maven projects] INFO  o.e.m.c.i.e.AbstractTransferListenerAdapter - Downloading https://repo.maven.apache.org/maven2/org/springframework/session/spring-session-bom/4.0.2/spring-session-bom-4.0.2.pom
2026-03-07 14:15:22,601 [Worker-10: Importing Maven projects] INFO  o.e.m.c.i.e.AbstractTransferListenerAdapter - Downloaded https://repo.maven.apache.org/maven2/org/springframework/session/spring-session-bom/4.0.2/spring-session-bom-4.0.2.pom
2026-03-07 14:15:23,404 [Worker-10: Importing Maven projects] INFO  o.e.m.c.i.e.AbstractTransferListenerAdapter - Downloading https://repo.maven.apache.org/maven2/org/springframework/boot/spring-boot-maven-plugin/4.0.3/spring-boot-maven-plugin-4.0.3.pom
2026-03-07 14:15:23,438 [Worker-10: Importing Maven projects] INFO  o.e.m.c.i.e.AbstractTransferListenerAdapter - Downloaded https://repo.maven.apache.org/maven2/org/springframework/boot/spring-boot-maven-plugin/4.0.3/spring-boot-maven-plugin-4.0.3.pom
2026-03-07 14:15:23,488 [Worker-10: Importing Maven projects] INFO  o.e.m.c.i.e.AbstractTransferListenerAdapter - Downloading https://repo.maven.apache.org/maven2/org/springframework/boot/spring-boot-maven-plugin/4.0.3/spring-boot-maven-plugin-4.0.3.jar
2026-03-07 14:15:23,610 [Worker-10: Importing Maven projects] INFO  o.e.m.c.i.e.AbstractTransferListenerAdapter - Downloaded https://repo.maven.apache.org/maven2/org/springframework/boot/spring-boot-maven-plugin/4.0.3/spring-boot-maven-plugin-4.0.3.jar
2026-03-07 14:15:28,561 [Worker-10: Importing Maven projects] INFO  o.e.m.c.i.l.LifecycleMappingFactory - Using org.eclipse.m2e.jdt.JarLifecycleMapping lifecycle mapping for MavenProject: com.restaurantes:restaurantes:0.0.1-SNAPSHOT @ C:\Users\user\Documents\Juan PC guillermo SpringAngularAWS\WORKSPACES\workspacegRPC\restaurantes\pom.xml.
2026-03-07 14:15:29,166 [Worker-10: Importing Maven projects] INFO  o.e.m.c.i.e.AbstractTransferListenerAdapter - Downloading https://repo.maven.apache.org/maven2/org/springframework/boot/spring-boot-starter/4.0.3/spring-boot-starter-4.0.3.pom
2026-03-07 14:15:29,208 [Worker-10: Importing Maven projects] INFO  o.e.m.c.i.e.AbstractTransferListenerAdapter - Downloaded https://repo.maven.apache.org/maven2/org/springframework/boot/spring-boot-starter/4.0.3/spring-boot-starter-4.0.3.pom
2026-03-07 14:15:29,293 [Worker-10: Importing Maven projects] INFO  o.e.m.c.i.e.AbstractTransferListenerAdapter - Downloading https://repo.maven.apache.org/maven2/org/springframework/boot/spring-boot-starter-logging/4.0.3/spring-boot-starter-logging-4.0.3.pom
2026-03-07 14:15:29,413 [Worker-10: Importing Maven projects] INFO  o.e.m.c.i.e.AbstractTransferListenerAdapter - Downloaded https://repo.maven.apache.org/maven2/org/springframework/boot/spring-boot-starter-logging/4.0.3/spring-boot-starter-logging-4.0.3.pom
2026-03-07 14:15:29,517 [Worker-10: Importing Maven projects] INFO  o.e.m.c.i.e.AbstractTransferListenerAdapter - Downloading https://repo.maven.apache.org/maven2/ch/qos/logback/logback-classic/1.5.32/logback-classic-1.5.32.pom
2026-03-07 14:15:29,546 [Worker-10: Importing Maven projects] INFO  o.e.m.c.i.e.AbstractTransferListenerAdapter - Downloaded https://repo.maven.apache.org/maven2/ch/qos/logback/logback-classic/1.5.32/logback-classic-1.5.32.pom
2026-03-07 14:15:29,608 [Worker-10: Importing Maven projects] INFO  o.e.m.c.i.e.AbstractTransferListenerAdapter - Downloading https://repo.maven.apache.org/maven2/ch/qos/logback/logback-parent/1.5.32/logback-parent-1.5.32.pom
2026-03-07 14:15:29,659 [Worker-10: Importing Maven projects] INFO  o.e.m.c.i.e.AbstractTransferListenerAdapter - Downloaded https://repo.maven.apache.org/maven2/ch/qos/logback/logback-parent/1.5.32/logback-parent-1.5.32.pom
2026-03-07 14:15:29,722 [Worker-10: Importing Maven projects] INFO  o.e.m.c.i.e.AbstractTransferListenerAdapter - Downloading https://repo.maven.apache.org/maven2/ch/qos/logback/logback-core/1.5.32/logback-core-1.5.32.pom
2026-03-07 14:15:29,766 [Worker-10: Importing Maven projects] INFO  o.e.m.c.i.e.AbstractTransferListenerAdapter - Downloaded https://repo.maven.apache.org/maven2/ch/qos/logback/logback-core/1.5.32/logback-core-1.5.32.pom
2026-03-07 14:15:30,312 [Worker-10: Importing Maven projects] INFO  o.e.m.c.i.e.AbstractTransferListenerAdapter - Downloading https://repo.maven.apache.org/maven2/org/springframework/boot/spring-boot-autoconfigure/4.0.3/spring-boot-autoconfigure-4.0.3.pom
2026-03-07 14:15:30,358 [Worker-10: Importing Maven projects] INFO  o.e.m.c.i.e.AbstractTransferListenerAdapter - Downloaded https://repo.maven.apache.org/maven2/org/springframework/boot/spring-boot-autoconfigure/4.0.3/spring-boot-autoconfigure-4.0.3.pom
2026-03-07 14:15:30,400 [Worker-10: Importing Maven projects] INFO  o.e.m.c.i.e.AbstractTransferListenerAdapter - Downloading https://repo.maven.apache.org/maven2/org/springframework/boot/spring-boot/4.0.3/spring-boot-4.0.3.pom
2026-03-07 14:15:30,452 [Worker-10: Importing Maven projects] INFO  o.e.m.c.i.e.AbstractTransferListenerAdapter - Downloaded https://repo.maven.apache.org/maven2/org/springframework/boot/spring-boot/4.0.3/spring-boot-4.0.3.pom
2026-03-07 14:15:30,516 [Worker-10: Importing Maven projects] INFO  o.e.m.c.i.e.AbstractTransferListenerAdapter - Downloading https://repo.maven.apache.org/maven2/org/springframework/spring-core/7.0.5/spring-core-7.0.5.pom
2026-03-07 14:15:30,577 [Worker-10: Importing Maven projects] INFO  o.e.m.c.i.e.AbstractTransferListenerAdapter - Downloaded https://repo.maven.apache.org/maven2/org/springframework/spring-core/7.0.5/spring-core-7.0.5.pom
2026-03-07 14:15:30,761 [Worker-10: Importing Maven projects] INFO  o.e.m.c.i.e.AbstractTransferListenerAdapter - Downloading https://repo.maven.apache.org/maven2/org/springframework/spring-context/7.0.5/spring-context-7.0.5.pom
2026-03-07 14:15:30,801 [Worker-10: Importing Maven projects] INFO  o.e.m.c.i.e.AbstractTransferListenerAdapter - Downloaded https://repo.maven.apache.org/maven2/org/springframework/spring-context/7.0.5/spring-context-7.0.5.pom
2026-03-07 14:15:30,848 [Worker-10: Importing Maven projects] INFO  o.e.m.c.i.e.AbstractTransferListenerAdapter - Downloading https://repo.maven.apache.org/maven2/org/springframework/spring-aop/7.0.5/spring-aop-7.0.5.pom
2026-03-07 14:15:30,890 [Worker-10: Importing Maven projects] INFO  o.e.m.c.i.e.AbstractTransferListenerAdapter - Downloaded https://repo.maven.apache.org/maven2/org/springframework/spring-aop/7.0.5/spring-aop-7.0.5.pom
2026-03-07 14:15:30,941 [Worker-10: Importing Maven projects] INFO  o.e.m.c.i.e.AbstractTransferListenerAdapter - Downloading https://repo.maven.apache.org/maven2/org/springframework/spring-beans/7.0.5/spring-beans-7.0.5.pom
2026-03-07 14:15:30,987 [Worker-10: Importing Maven projects] INFO  o.e.m.c.i.e.AbstractTransferListenerAdapter - Downloaded https://repo.maven.apache.org/maven2/org/springframework/spring-beans/7.0.5/spring-beans-7.0.5.pom
2026-03-07 14:15:31,036 [Worker-10: Importing Maven projects] INFO  o.e.m.c.i.e.AbstractTransferListenerAdapter - Downloading https://repo.maven.apache.org/maven2/org/springframework/spring-expression/7.0.5/spring-expression-7.0.5.pom
2026-03-07 14:15:31,081 [Worker-10: Importing Maven projects] INFO  o.e.m.c.i.e.AbstractTransferListenerAdapter - Downloaded https://repo.maven.apache.org/maven2/org/springframework/spring-expression/7.0.5/spring-expression-7.0.5.pom
2026-03-07 14:15:31,126 [Worker-10: Importing Maven projects] INFO  o.e.m.c.i.e.AbstractTransferListenerAdapter - Downloading https://repo.maven.apache.org/maven2/io/micrometer/micrometer-observation/1.16.3/micrometer-observation-1.16.3.pom
2026-03-07 14:15:31,161 [Worker-10: Importing Maven projects] INFO  o.e.m.c.i.e.AbstractTransferListenerAdapter - Downloaded https://repo.maven.apache.org/maven2/io/micrometer/micrometer-observation/1.16.3/micrometer-observation-1.16.3.pom
2026-03-07 14:15:31,211 [Worker-10: Importing Maven projects] INFO  o.e.m.c.i.e.AbstractTransferListenerAdapter - Downloading https://repo.maven.apache.org/maven2/io/micrometer/micrometer-commons/1.16.3/micrometer-commons-1.16.3.pom
2026-03-07 14:15:31,257 [Worker-10: Importing Maven projects] INFO  o.e.m.c.i.e.AbstractTransferListenerAdapter - Downloaded https://repo.maven.apache.org/maven2/io/micrometer/micrometer-commons/1.16.3/micrometer-commons-1.16.3.pom
2026-03-07 14:15:31,367 [Worker-10: Importing Maven projects] INFO  o.e.m.c.i.e.AbstractTransferListenerAdapter - Downloading https://repo.maven.apache.org/maven2/org/springframework/boot/spring-boot-starter-test/4.0.3/spring-boot-starter-test-4.0.3.pom
2026-03-07 14:15:31,415 [Worker-10: Importing Maven projects] INFO  o.e.m.c.i.e.AbstractTransferListenerAdapter - Downloaded https://repo.maven.apache.org/maven2/org/springframework/boot/spring-boot-starter-test/4.0.3/spring-boot-starter-test-4.0.3.pom
2026-03-07 14:15:31,471 [Worker-10: Importing Maven projects] INFO  o.e.m.c.i.e.AbstractTransferListenerAdapter - Downloading https://repo.maven.apache.org/maven2/org/springframework/boot/spring-boot-test/4.0.3/spring-boot-test-4.0.3.pom
2026-03-07 14:15:31,537 [Worker-10: Importing Maven projects] INFO  o.e.m.c.i.e.AbstractTransferListenerAdapter - Downloaded https://repo.maven.apache.org/maven2/org/springframework/boot/spring-boot-test/4.0.3/spring-boot-test-4.0.3.pom
2026-03-07 14:15:31,593 [Worker-10: Importing Maven projects] INFO  o.e.m.c.i.e.AbstractTransferListenerAdapter - Downloading https://repo.maven.apache.org/maven2/org/springframework/spring-test/7.0.5/spring-test-7.0.5.pom
2026-03-07 14:15:31,655 [Worker-10: Importing Maven projects] INFO  o.e.m.c.i.e.AbstractTransferListenerAdapter - Downloaded https://repo.maven.apache.org/maven2/org/springframework/spring-test/7.0.5/spring-test-7.0.5.pom
2026-03-07 14:15:31,710 [Worker-10: Importing Maven projects] INFO  o.e.m.c.i.e.AbstractTransferListenerAdapter - Downloading https://repo.maven.apache.org/maven2/org/springframework/boot/spring-boot-test-autoconfigure/4.0.3/spring-boot-test-autoconfigure-4.0.3.pom
2026-03-07 14:15:31,773 [Worker-10: Importing Maven projects] INFO  o.e.m.c.i.e.AbstractTransferListenerAdapter - Downloaded https://repo.maven.apache.org/maven2/org/springframework/boot/spring-boot-test-autoconfigure/4.0.3/spring-boot-test-autoconfigure-4.0.3.pom
2026-03-07 14:15:32,177 [Worker-10: Importing Maven projects] INFO  o.e.m.c.i.e.AbstractTransferListenerAdapter - Downloading https://repo.maven.apache.org/maven2/org/assertj/assertj-core/3.27.7/assertj-core-3.27.7.pom
2026-03-07 14:15:32,217 [Worker-10: Importing Maven projects] INFO  o.e.m.c.i.e.AbstractTransferListenerAdapter - Downloaded https://repo.maven.apache.org/maven2/org/assertj/assertj-core/3.27.7/assertj-core-3.27.7.pom
2026-03-07 14:15:32,455 [Worker-10: Importing Maven projects] INFO  o.e.m.c.i.e.AbstractTransferListenerAdapter - Downloading https://repo.maven.apache.org/maven2/org/junit/jupiter/junit-jupiter/6.0.3/junit-jupiter-6.0.3.pom
2026-03-07 14:15:32,536 [Worker-10: Importing Maven projects] INFO  o.e.m.c.i.e.AbstractTransferListenerAdapter - Downloaded https://repo.maven.apache.org/maven2/org/junit/jupiter/junit-jupiter/6.0.3/junit-jupiter-6.0.3.pom
2026-03-07 14:15:32,590 [Worker-10: Importing Maven projects] INFO  o.e.m.c.i.e.AbstractTransferListenerAdapter - Downloading https://repo.maven.apache.org/maven2/org/junit/jupiter/junit-jupiter-api/6.0.3/junit-jupiter-api-6.0.3.pom
2026-03-07 14:15:32,644 [Worker-10: Importing Maven projects] INFO  o.e.m.c.i.e.AbstractTransferListenerAdapter - Downloaded https://repo.maven.apache.org/maven2/org/junit/jupiter/junit-jupiter-api/6.0.3/junit-jupiter-api-6.0.3.pom
2026-03-07 14:15:32,718 [Worker-10: Importing Maven projects] INFO  o.e.m.c.i.e.AbstractTransferListenerAdapter - Downloading https://repo.maven.apache.org/maven2/org/junit/platform/junit-platform-commons/6.0.3/junit-platform-commons-6.0.3.pom
2026-03-07 14:15:32,750 [Worker-10: Importing Maven projects] INFO  o.e.m.c.i.e.AbstractTransferListenerAdapter - Downloaded https://repo.maven.apache.org/maven2/org/junit/platform/junit-platform-commons/6.0.3/junit-platform-commons-6.0.3.pom
2026-03-07 14:15:32,825 [Worker-10: Importing Maven projects] INFO  o.e.m.c.i.e.AbstractTransferListenerAdapter - Downloading https://repo.maven.apache.org/maven2/org/junit/jupiter/junit-jupiter-params/6.0.3/junit-jupiter-params-6.0.3.pom
2026-03-07 14:15:32,882 [Worker-10: Importing Maven projects] INFO  o.e.m.c.i.e.AbstractTransferListenerAdapter - Downloaded https://repo.maven.apache.org/maven2/org/junit/jupiter/junit-jupiter-params/6.0.3/junit-jupiter-params-6.0.3.pom
2026-03-07 14:15:32,931 [Worker-10: Importing Maven projects] INFO  o.e.m.c.i.e.AbstractTransferListenerAdapter - Downloading https://repo.maven.apache.org/maven2/org/junit/jupiter/junit-jupiter-engine/6.0.3/junit-jupiter-engine-6.0.3.pom
2026-03-07 14:15:32,984 [Worker-10: Importing Maven projects] INFO  o.e.m.c.i.e.AbstractTransferListenerAdapter - Downloaded https://repo.maven.apache.org/maven2/org/junit/jupiter/junit-jupiter-engine/6.0.3/junit-jupiter-engine-6.0.3.pom
2026-03-07 14:15:33,040 [Worker-10: Importing Maven projects] INFO  o.e.m.c.i.e.AbstractTransferListenerAdapter - Downloading https://repo.maven.apache.org/maven2/org/junit/platform/junit-platform-engine/6.0.3/junit-platform-engine-6.0.3.pom
2026-03-07 14:15:33,100 [Worker-10: Importing Maven projects] INFO  o.e.m.c.i.e.AbstractTransferListenerAdapter - Downloaded https://repo.maven.apache.org/maven2/org/junit/platform/junit-platform-engine/6.0.3/junit-platform-engine-6.0.3.pom
2026-03-07 14:15:33,494 [Worker-10: Importing Maven projects] INFO  o.e.m.c.i.e.AbstractTransferListenerAdapter - Downloading https://repo.maven.apache.org/maven2/org/springframework/boot/spring-boot-starter/4.0.3/spring-boot-starter-4.0.3.jar
2026-03-07 14:15:33,571 [Worker-10: Importing Maven projects] INFO  o.e.m.c.i.e.AbstractTransferListenerAdapter - Downloaded https://repo.maven.apache.org/maven2/org/springframework/boot/spring-boot-starter/4.0.3/spring-boot-starter-4.0.3.jar
2026-03-07 14:15:33,609 [BasicRepositoryConnector-repo.maven.apache.org-0-1] INFO  o.e.m.c.i.e.AbstractTransferListenerAdapter - Downloading https://repo.maven.apache.org/maven2/ch/qos/logback/logback-classic/1.5.32/logback-classic-1.5.32.jar
2026-03-07 14:15:33,630 [BasicRepositoryConnector-repo.maven.apache.org-0-4] INFO  o.e.m.c.i.e.AbstractTransferListenerAdapter - Downloading https://repo.maven.apache.org/maven2/org/springframework/boot/spring-boot/4.0.3/spring-boot-4.0.3.jar
2026-03-07 14:15:33,656 [BasicRepositoryConnector-repo.maven.apache.org-0-2] INFO  o.e.m.c.i.e.AbstractTransferListenerAdapter - Downloading https://repo.maven.apache.org/maven2/ch/qos/logback/logback-core/1.5.32/logback-core-1.5.32.jar
2026-03-07 14:15:33,677 [BasicRepositoryConnector-repo.maven.apache.org-0-1] INFO  o.e.m.c.i.e.AbstractTransferListenerAdapter - Downloaded https://repo.maven.apache.org/maven2/ch/qos/logback/logback-classic/1.5.32/logback-classic-1.5.32.jar
2026-03-07 14:15:33,686 [BasicRepositoryConnector-repo.maven.apache.org-0-0] INFO  o.e.m.c.i.e.AbstractTransferListenerAdapter - Downloading https://repo.maven.apache.org/maven2/org/springframework/boot/spring-boot-starter-logging/4.0.3/spring-boot-starter-logging-4.0.3.jar
2026-03-07 14:15:33,692 [BasicRepositoryConnector-repo.maven.apache.org-0-3] INFO  o.e.m.c.i.e.AbstractTransferListenerAdapter - Downloading https://repo.maven.apache.org/maven2/org/springframework/boot/spring-boot-autoconfigure/4.0.3/spring-boot-autoconfigure-4.0.3.jar
2026-03-07 14:15:33,740 [BasicRepositoryConnector-repo.maven.apache.org-0-1] INFO  o.e.m.c.i.e.AbstractTransferListenerAdapter - Downloading https://repo.maven.apache.org/maven2/org/springframework/spring-context/7.0.5/spring-context-7.0.5.jar
2026-03-07 14:15:33,743 [BasicRepositoryConnector-repo.maven.apache.org-0-0] INFO  o.e.m.c.i.e.AbstractTransferListenerAdapter - Downloaded https://repo.maven.apache.org/maven2/org/springframework/boot/spring-boot-starter-logging/4.0.3/spring-boot-starter-logging-4.0.3.jar
2026-03-07 14:15:33,833 [BasicRepositoryConnector-repo.maven.apache.org-0-0] INFO  o.e.m.c.i.e.AbstractTransferListenerAdapter - Downloading https://repo.maven.apache.org/maven2/org/springframework/spring-aop/7.0.5/spring-aop-7.0.5.jar
2026-03-07 14:15:34,004 [BasicRepositoryConnector-repo.maven.apache.org-0-3] INFO  o.e.m.c.i.e.AbstractTransferListenerAdapter - Downloaded https://repo.maven.apache.org/maven2/org/springframework/boot/spring-boot-autoconfigure/4.0.3/spring-boot-autoconfigure-4.0.3.jar
2026-03-07 14:15:34,044 [BasicRepositoryConnector-repo.maven.apache.org-0-2] INFO  o.e.m.c.i.e.AbstractTransferListenerAdapter - Downloaded https://repo.maven.apache.org/maven2/ch/qos/logback/logback-core/1.5.32/logback-core-1.5.32.jar
2026-03-07 14:15:34,045 [BasicRepositoryConnector-repo.maven.apache.org-0-3] INFO  o.e.m.c.i.e.AbstractTransferListenerAdapter - Downloading https://repo.maven.apache.org/maven2/org/springframework/spring-beans/7.0.5/spring-beans-7.0.5.jar
2026-03-07 14:15:34,084 [BasicRepositoryConnector-repo.maven.apache.org-0-0] INFO  o.e.m.c.i.e.AbstractTransferListenerAdapter - Downloaded https://repo.maven.apache.org/maven2/org/springframework/spring-aop/7.0.5/spring-aop-7.0.5.jar
2026-03-07 14:15:34,097 [BasicRepositoryConnector-repo.maven.apache.org-0-2] INFO  o.e.m.c.i.e.AbstractTransferListenerAdapter - Downloading https://repo.maven.apache.org/maven2/org/springframework/spring-expression/7.0.5/spring-expression-7.0.5.jar
2026-03-07 14:15:34,105 [BasicRepositoryConnector-repo.maven.apache.org-0-1] INFO  o.e.m.c.i.e.AbstractTransferListenerAdapter - Downloaded https://repo.maven.apache.org/maven2/org/springframework/spring-context/7.0.5/spring-context-7.0.5.jar
2026-03-07 14:15:34,152 [BasicRepositoryConnector-repo.maven.apache.org-0-0] INFO  o.e.m.c.i.e.AbstractTransferListenerAdapter - Downloading https://repo.maven.apache.org/maven2/io/micrometer/micrometer-observation/1.16.3/micrometer-observation-1.16.3.jar
2026-03-07 14:15:34,171 [BasicRepositoryConnector-repo.maven.apache.org-0-1] INFO  o.e.m.c.i.e.AbstractTransferListenerAdapter - Downloading https://repo.maven.apache.org/maven2/io/micrometer/micrometer-commons/1.16.3/micrometer-commons-1.16.3.jar
2026-03-07 14:15:34,201 [BasicRepositoryConnector-repo.maven.apache.org-0-0] INFO  o.e.m.c.i.e.AbstractTransferListenerAdapter - Downloaded https://repo.maven.apache.org/maven2/io/micrometer/micrometer-observation/1.16.3/micrometer-observation-1.16.3.jar
2026-03-07 14:15:34,230 [BasicRepositoryConnector-repo.maven.apache.org-0-1] INFO  o.e.m.c.i.e.AbstractTransferListenerAdapter - Downloaded https://repo.maven.apache.org/maven2/io/micrometer/micrometer-commons/1.16.3/micrometer-commons-1.16.3.jar
2026-03-07 14:15:34,234 [BasicRepositoryConnector-repo.maven.apache.org-0-0] INFO  o.e.m.c.i.e.AbstractTransferListenerAdapter - Downloading https://repo.maven.apache.org/maven2/org/springframework/boot/spring-boot-starter-test/4.0.3/spring-boot-starter-test-4.0.3.jar
2026-03-07 14:15:34,242 [BasicRepositoryConnector-repo.maven.apache.org-0-2] INFO  o.e.m.c.i.e.AbstractTransferListenerAdapter - Downloaded https://repo.maven.apache.org/maven2/org/springframework/spring-expression/7.0.5/spring-expression-7.0.5.jar
2026-03-07 14:15:34,261 [BasicRepositoryConnector-repo.maven.apache.org-0-1] INFO  o.e.m.c.i.e.AbstractTransferListenerAdapter - Downloading https://repo.maven.apache.org/maven2/org/springframework/boot/spring-boot-test/4.0.3/spring-boot-test-4.0.3.jar
2026-03-07 14:15:34,288 [BasicRepositoryConnector-repo.maven.apache.org-0-2] INFO  o.e.m.c.i.e.AbstractTransferListenerAdapter - Downloading https://repo.maven.apache.org/maven2/org/springframework/boot/spring-boot-test-autoconfigure/4.0.3/spring-boot-test-autoconfigure-4.0.3.jar
2026-03-07 14:15:34,292 [BasicRepositoryConnector-repo.maven.apache.org-0-0] INFO  o.e.m.c.i.e.AbstractTransferListenerAdapter - Downloaded https://repo.maven.apache.org/maven2/org/springframework/boot/spring-boot-starter-test/4.0.3/spring-boot-starter-test-4.0.3.jar
2026-03-07 14:15:34,345 [BasicRepositoryConnector-repo.maven.apache.org-0-0] INFO  o.e.m.c.i.e.AbstractTransferListenerAdapter - Downloading https://repo.maven.apache.org/maven2/org/assertj/assertj-core/3.27.7/assertj-core-3.27.7.jar
2026-03-07 14:15:34,362 [BasicRepositoryConnector-repo.maven.apache.org-0-4] INFO  o.e.m.c.i.e.AbstractTransferListenerAdapter - Downloaded https://repo.maven.apache.org/maven2/org/springframework/boot/spring-boot/4.0.3/spring-boot-4.0.3.jar
2026-03-07 14:15:34,367 [BasicRepositoryConnector-repo.maven.apache.org-0-1] INFO  o.e.m.c.i.e.AbstractTransferListenerAdapter - Downloaded https://repo.maven.apache.org/maven2/org/springframework/boot/spring-boot-test/4.0.3/spring-boot-test-4.0.3.jar
2026-03-07 14:15:34,428 [BasicRepositoryConnector-repo.maven.apache.org-0-3] INFO  o.e.m.c.i.e.AbstractTransferListenerAdapter - Downloaded https://repo.maven.apache.org/maven2/org/springframework/spring-beans/7.0.5/spring-beans-7.0.5.jar
2026-03-07 14:15:34,429 [BasicRepositoryConnector-repo.maven.apache.org-0-4] INFO  o.e.m.c.i.e.AbstractTransferListenerAdapter - Downloading https://repo.maven.apache.org/maven2/org/junit/jupiter/junit-jupiter/6.0.3/junit-jupiter-6.0.3.jar
2026-03-07 14:15:34,429 [BasicRepositoryConnector-repo.maven.apache.org-0-1] INFO  o.e.m.c.i.e.AbstractTransferListenerAdapter - Downloading https://repo.maven.apache.org/maven2/org/junit/jupiter/junit-jupiter-api/6.0.3/junit-jupiter-api-6.0.3.jar
2026-03-07 14:15:34,504 [BasicRepositoryConnector-repo.maven.apache.org-0-4] INFO  o.e.m.c.i.e.AbstractTransferListenerAdapter - Downloaded https://repo.maven.apache.org/maven2/org/junit/jupiter/junit-jupiter/6.0.3/junit-jupiter-6.0.3.jar
2026-03-07 14:15:34,509 [BasicRepositoryConnector-repo.maven.apache.org-0-3] INFO  o.e.m.c.i.e.AbstractTransferListenerAdapter - Downloading https://repo.maven.apache.org/maven2/org/junit/platform/junit-platform-commons/6.0.3/junit-platform-commons-6.0.3.jar
2026-03-07 14:15:34,558 [BasicRepositoryConnector-repo.maven.apache.org-0-4] INFO  o.e.m.c.i.e.AbstractTransferListenerAdapter - Downloading https://repo.maven.apache.org/maven2/org/junit/jupiter/junit-jupiter-params/6.0.3/junit-jupiter-params-6.0.3.jar
2026-03-07 14:15:34,605 [BasicRepositoryConnector-repo.maven.apache.org-0-3] INFO  o.e.m.c.i.e.AbstractTransferListenerAdapter - Downloaded https://repo.maven.apache.org/maven2/org/junit/platform/junit-platform-commons/6.0.3/junit-platform-commons-6.0.3.jar
2026-03-07 14:15:34,613 [BasicRepositoryConnector-repo.maven.apache.org-0-1] INFO  o.e.m.c.i.e.AbstractTransferListenerAdapter - Downloaded https://repo.maven.apache.org/maven2/org/junit/jupiter/junit-jupiter-api/6.0.3/junit-jupiter-api-6.0.3.jar
2026-03-07 14:15:34,626 [BasicRepositoryConnector-repo.maven.apache.org-0-0] INFO  o.e.m.c.i.e.AbstractTransferListenerAdapter - Downloaded https://repo.maven.apache.org/maven2/org/assertj/assertj-core/3.27.7/assertj-core-3.27.7.jar
2026-03-07 14:15:34,633 [BasicRepositoryConnector-repo.maven.apache.org-0-3] INFO  o.e.m.c.i.e.AbstractTransferListenerAdapter - Downloading https://repo.maven.apache.org/maven2/org/junit/jupiter/junit-jupiter-engine/6.0.3/junit-jupiter-engine-6.0.3.jar
2026-03-07 14:15:34,644 [BasicRepositoryConnector-repo.maven.apache.org-0-1] INFO  o.e.m.c.i.e.AbstractTransferListenerAdapter - Downloading https://repo.maven.apache.org/maven2/org/junit/platform/junit-platform-engine/6.0.3/junit-platform-engine-6.0.3.jar
2026-03-07 14:15:34,666 [BasicRepositoryConnector-repo.maven.apache.org-0-0] INFO  o.e.m.c.i.e.AbstractTransferListenerAdapter - Downloading https://repo.maven.apache.org/maven2/org/springframework/spring-core/7.0.5/spring-core-7.0.5.jar
2026-03-07 14:15:34,674 [BasicRepositoryConnector-repo.maven.apache.org-0-4] INFO  o.e.m.c.i.e.AbstractTransferListenerAdapter - Downloaded https://repo.maven.apache.org/maven2/org/junit/jupiter/junit-jupiter-params/6.0.3/junit-jupiter-params-6.0.3.jar
2026-03-07 14:15:34,738 [BasicRepositoryConnector-repo.maven.apache.org-0-4] INFO  o.e.m.c.i.e.AbstractTransferListenerAdapter - Downloading https://repo.maven.apache.org/maven2/org/springframework/spring-test/7.0.5/spring-test-7.0.5.jar
2026-03-07 14:15:34,746 [BasicRepositoryConnector-repo.maven.apache.org-0-1] INFO  o.e.m.c.i.e.AbstractTransferListenerAdapter - Downloaded https://repo.maven.apache.org/maven2/org/junit/platform/junit-platform-engine/6.0.3/junit-platform-engine-6.0.3.jar
2026-03-07 14:15:34,761 [BasicRepositoryConnector-repo.maven.apache.org-0-3] INFO  o.e.m.c.i.e.AbstractTransferListenerAdapter - Downloaded https://repo.maven.apache.org/maven2/org/junit/jupiter/junit-jupiter-engine/6.0.3/junit-jupiter-engine-6.0.3.jar
2026-03-07 14:15:34,898 [BasicRepositoryConnector-repo.maven.apache.org-0-2] INFO  o.e.m.c.i.e.AbstractTransferListenerAdapter - Downloaded https://repo.maven.apache.org/maven2/org/springframework/boot/spring-boot-test-autoconfigure/4.0.3/spring-boot-test-autoconfigure-4.0.3.jar
2026-03-07 14:15:35,152 [BasicRepositoryConnector-repo.maven.apache.org-0-4] INFO  o.e.m.c.i.e.AbstractTransferListenerAdapter - Downloaded https://repo.maven.apache.org/maven2/org/springframework/spring-test/7.0.5/spring-test-7.0.5.jar
2026-03-07 14:15:35,203 [BasicRepositoryConnector-repo.maven.apache.org-0-0] INFO  o.e.m.c.i.e.AbstractTransferListenerAdapter - Downloaded https://repo.maven.apache.org/maven2/org/springframework/spring-core/7.0.5/spring-core-7.0.5.jar
2026-03-07 14:15:38,174 [Worker-10: Importing Maven projects] INFO  o.e.m.j.i.AbstractJavaProjectConfigurator - Adding source folder /restaurantes/src/main/java
2026-03-07 14:15:38,178 [Worker-10: Importing Maven projects] INFO  o.e.m.j.i.AbstractJavaProjectConfigurator - Adding resource folder /restaurantes/src/main/resources
2026-03-07 14:15:38,191 [Worker-10: Importing Maven projects] INFO  o.e.m.j.i.AbstractJavaProjectConfigurator - Adding resource folder /restaurantes/src/main/resources
2026-03-07 14:15:38,203 [Worker-10: Importing Maven projects] INFO  o.e.m.j.i.AbstractJavaProjectConfigurator - Adding source folder /restaurantes/src/test/java
2026-03-07 14:15:38,205 [Worker-10: Importing Maven projects] INFO  o.e.m.j.i.AbstractJavaProjectConfigurator - Adding resource folder /restaurantes/src/test/resources
2026-03-07 14:15:38,542 [Worker-0: Download sources and javadoc] INFO  o.e.m.c.i.e.AbstractTransferListenerAdapter - Downloading https://repo.maven.apache.org/maven2/org/springframework/boot/spring-boot-starter/4.0.3/spring-boot-starter-4.0.3-sources.jar
2026-03-07 14:15:38,552 [Worker-0: Download sources and javadoc] INFO  o.e.m.c.i.e.AbstractTransferListenerAdapter - Downloaded https://repo.maven.apache.org/maven2/org/springframework/boot/spring-boot-starter/4.0.3/spring-boot-starter-4.0.3-sources.jar
2026-03-07 14:15:38,558 [Worker-0: Download sources and javadoc] INFO  o.e.m.j.internal.DownloadSourcesJob - Downloaded sources for org.springframework.boot:spring-boot-starter:4.0.3
2026-03-07 14:15:38,638 [Worker-0: Download sources and javadoc] INFO  o.e.m.c.i.e.AbstractTransferListenerAdapter - Downloading https://repo.maven.apache.org/maven2/org/springframework/boot/spring-boot-starter-logging/4.0.3/spring-boot-starter-logging-4.0.3-sources.jar
2026-03-07 14:15:38,647 [Worker-0: Download sources and javadoc] INFO  o.e.m.c.i.e.AbstractTransferListenerAdapter - Downloaded https://repo.maven.apache.org/maven2/org/springframework/boot/spring-boot-starter-logging/4.0.3/spring-boot-starter-logging-4.0.3-sources.jar
2026-03-07 14:15:38,653 [Worker-0: Download sources and javadoc] INFO  o.e.m.j.internal.DownloadSourcesJob - Downloaded sources for org.springframework.boot:spring-boot-starter-logging:4.0.3
2026-03-07 14:15:38,731 [Worker-0: Download sources and javadoc] INFO  o.e.m.c.i.e.AbstractTransferListenerAdapter - Downloading https://repo.maven.apache.org/maven2/ch/qos/logback/logback-classic/1.5.32/logback-classic-1.5.32-sources.jar
2026-03-07 14:15:38,805 [Worker-0: Download sources and javadoc] INFO  o.e.m.c.i.e.AbstractTransferListenerAdapter - Downloaded https://repo.maven.apache.org/maven2/ch/qos/logback/logback-classic/1.5.32/logback-classic-1.5.32-sources.jar
2026-03-07 14:15:38,811 [Worker-0: Download sources and javadoc] INFO  o.e.m.j.internal.DownloadSourcesJob - Downloaded sources for ch.qos.logback:logback-classic:1.5.32
2026-03-07 14:15:38,912 [Worker-0: Download sources and javadoc] INFO  o.e.m.c.i.e.AbstractTransferListenerAdapter - Downloading https://repo.maven.apache.org/maven2/ch/qos/logback/logback-core/1.5.32/logback-core-1.5.32-sources.jar
2026-03-07 14:15:39,039 [Worker-0: Download sources and javadoc] INFO  o.e.m.c.i.e.AbstractTransferListenerAdapter - Downloaded https://repo.maven.apache.org/maven2/ch/qos/logback/logback-core/1.5.32/logback-core-1.5.32-sources.jar
2026-03-07 14:15:39,046 [Worker-0: Download sources and javadoc] INFO  o.e.m.j.internal.DownloadSourcesJob - Downloaded sources for ch.qos.logback:logback-core:1.5.32
2026-03-07 14:15:39,136 [Worker-0: Download sources and javadoc] INFO  o.e.m.c.i.e.AbstractTransferListenerAdapter - Downloading https://repo.maven.apache.org/maven2/org/springframework/boot/spring-boot-autoconfigure/4.0.3/spring-boot-autoconfigure-4.0.3-sources.jar
2026-03-07 14:15:39,209 [Worker-0: Download sources and javadoc] INFO  o.e.m.c.i.e.AbstractTransferListenerAdapter - Downloaded https://repo.maven.apache.org/maven2/org/springframework/boot/spring-boot-autoconfigure/4.0.3/spring-boot-autoconfigure-4.0.3-sources.jar
2026-03-07 14:15:39,217 [Worker-0: Download sources and javadoc] INFO  o.e.m.j.internal.DownloadSourcesJob - Downloaded sources for org.springframework.boot:spring-boot-autoconfigure:4.0.3
2026-03-07 14:15:39,317 [Worker-0: Download sources and javadoc] INFO  o.e.m.c.i.e.AbstractTransferListenerAdapter - Downloading https://repo.maven.apache.org/maven2/org/springframework/boot/spring-boot/4.0.3/spring-boot-4.0.3-sources.jar
2026-03-07 14:15:39,496 [Worker-0: Download sources and javadoc] INFO  o.e.m.c.i.e.AbstractTransferListenerAdapter - Downloaded https://repo.maven.apache.org/maven2/org/springframework/boot/spring-boot/4.0.3/spring-boot-4.0.3-sources.jar
2026-03-07 14:15:39,502 [Worker-0: Download sources and javadoc] INFO  o.e.m.j.internal.DownloadSourcesJob - Downloaded sources for org.springframework.boot:spring-boot:4.0.3
2026-03-07 14:15:39,580 [Worker-0: Download sources and javadoc] INFO  o.e.m.c.i.e.AbstractTransferListenerAdapter - Downloading https://repo.maven.apache.org/maven2/org/springframework/spring-context/7.0.5/spring-context-7.0.5-sources.jar
2026-03-07 14:15:39,780 [Worker-0: Download sources and javadoc] INFO  o.e.m.c.i.e.AbstractTransferListenerAdapter - Downloaded https://repo.maven.apache.org/maven2/org/springframework/spring-context/7.0.5/spring-context-7.0.5-sources.jar
2026-03-07 14:15:39,785 [Worker-0: Download sources and javadoc] INFO  o.e.m.j.internal.DownloadSourcesJob - Downloaded sources for org.springframework:spring-context:7.0.5
2026-03-07 14:15:39,860 [Worker-0: Download sources and javadoc] INFO  o.e.m.c.i.e.AbstractTransferListenerAdapter - Downloading https://repo.maven.apache.org/maven2/org/springframework/spring-aop/7.0.5/spring-aop-7.0.5-sources.jar
2026-03-07 14:15:39,959 [Worker-0: Download sources and javadoc] INFO  o.e.m.c.i.e.AbstractTransferListenerAdapter - Downloaded https://repo.maven.apache.org/maven2/org/springframework/spring-aop/7.0.5/spring-aop-7.0.5-sources.jar
2026-03-07 14:15:39,966 [Worker-0: Download sources and javadoc] INFO  o.e.m.j.internal.DownloadSourcesJob - Downloaded sources for org.springframework:spring-aop:7.0.5
2026-03-07 14:15:40,057 [Worker-0: Download sources and javadoc] INFO  o.e.m.c.i.e.AbstractTransferListenerAdapter - Downloading https://repo.maven.apache.org/maven2/org/springframework/spring-beans/7.0.5/spring-beans-7.0.5-sources.jar
2026-03-07 14:15:40,210 [Worker-0: Download sources and javadoc] INFO  o.e.m.c.i.e.AbstractTransferListenerAdapter - Downloaded https://repo.maven.apache.org/maven2/org/springframework/spring-beans/7.0.5/spring-beans-7.0.5-sources.jar
2026-03-07 14:15:40,216 [Worker-0: Download sources and javadoc] INFO  o.e.m.j.internal.DownloadSourcesJob - Downloaded sources for org.springframework:spring-beans:7.0.5
2026-03-07 14:15:40,288 [Worker-0: Download sources and javadoc] INFO  o.e.m.c.i.e.AbstractTransferListenerAdapter - Downloading https://repo.maven.apache.org/maven2/org/springframework/spring-expression/7.0.5/spring-expression-7.0.5-sources.jar
2026-03-07 14:15:40,384 [Worker-0: Download sources and javadoc] INFO  o.e.m.c.i.e.AbstractTransferListenerAdapter - Downloaded https://repo.maven.apache.org/maven2/org/springframework/spring-expression/7.0.5/spring-expression-7.0.5-sources.jar
2026-03-07 14:15:40,390 [Worker-0: Download sources and javadoc] INFO  o.e.m.j.internal.DownloadSourcesJob - Downloaded sources for org.springframework:spring-expression:7.0.5
2026-03-07 14:15:40,465 [Worker-0: Download sources and javadoc] INFO  o.e.m.c.i.e.AbstractTransferListenerAdapter - Downloading https://repo.maven.apache.org/maven2/io/micrometer/micrometer-observation/1.16.3/micrometer-observation-1.16.3-sources.jar
2026-03-07 14:15:40,516 [Worker-0: Download sources and javadoc] INFO  o.e.m.c.i.e.AbstractTransferListenerAdapter - Downloaded https://repo.maven.apache.org/maven2/io/micrometer/micrometer-observation/1.16.3/micrometer-observation-1.16.3-sources.jar
2026-03-07 14:15:40,524 [Worker-0: Download sources and javadoc] INFO  o.e.m.j.internal.DownloadSourcesJob - Downloaded sources for io.micrometer:micrometer-observation:1.16.3
2026-03-07 14:15:40,600 [Worker-0: Download sources and javadoc] INFO  o.e.m.c.i.e.AbstractTransferListenerAdapter - Downloading https://repo.maven.apache.org/maven2/io/micrometer/micrometer-commons/1.16.3/micrometer-commons-1.16.3-sources.jar
2026-03-07 14:15:41,347 [Worker-10: Importing Maven projects] INFO  o.e.m.c.i.p.ProjectConfigurationManager - Imported and configured 1 project(s) in 23 sec
2026-03-07 14:15:41,840 [Worker-0: Download sources and javadoc] INFO  o.e.m.c.i.e.AbstractTransferListenerAdapter - Downloaded https://repo.maven.apache.org/maven2/io/micrometer/micrometer-commons/1.16.3/micrometer-commons-1.16.3-sources.jar
2026-03-07 14:15:41,849 [Worker-0: Download sources and javadoc] INFO  o.e.m.j.internal.DownloadSourcesJob - Downloaded sources for io.micrometer:micrometer-commons:1.16.3
2026-03-07 14:15:41,927 [Worker-0: Download sources and javadoc] INFO  o.e.m.c.i.e.AbstractTransferListenerAdapter - Downloading https://repo.maven.apache.org/maven2/org/springframework/boot/spring-boot-starter-test/4.0.3/spring-boot-starter-test-4.0.3-sources.jar
2026-03-07 14:15:42,016 [Worker-0: Download sources and javadoc] INFO  o.e.m.c.i.e.AbstractTransferListenerAdapter - Downloaded https://repo.maven.apache.org/maven2/org/springframework/boot/spring-boot-starter-test/4.0.3/spring-boot-starter-test-4.0.3-sources.jar
2026-03-07 14:15:42,024 [Worker-0: Download sources and javadoc] INFO  o.e.m.j.internal.DownloadSourcesJob - Downloaded sources for org.springframework.boot:spring-boot-starter-test:4.0.3
2026-03-07 14:15:42,168 [Worker-0: Download sources and javadoc] INFO  o.e.m.c.i.e.AbstractTransferListenerAdapter - Downloading https://repo.maven.apache.org/maven2/org/springframework/boot/spring-boot-test/4.0.3/spring-boot-test-4.0.3-sources.jar
2026-03-07 14:15:42,658 [Worker-3: Importing Maven projects] INFO  o.e.m.c.i.l.LifecycleMappingFactory - Using org.eclipse.m2e.jdt.JarLifecycleMapping lifecycle mapping for MavenProject: com.recetas:recetasAPI:0.0.1-SNAPSHOT @ C:\Users\user\Documents\Juan PC guillermo SpringAngularAWS\WORKSPACES\workspacegRPC\recetasAPI\pom.xml.
2026-03-07 14:15:42,665 [Worker-0: Download sources and javadoc] INFO  o.e.m.c.i.e.AbstractTransferListenerAdapter - Downloaded https://repo.maven.apache.org/maven2/org/springframework/boot/spring-boot-test/4.0.3/spring-boot-test-4.0.3-sources.jar
2026-03-07 14:15:42,673 [Worker-0: Download sources and javadoc] INFO  o.e.m.j.internal.DownloadSourcesJob - Downloaded sources for org.springframework.boot:spring-boot-test:4.0.3
2026-03-07 14:15:42,748 [Worker-0: Download sources and javadoc] INFO  o.e.m.c.i.e.AbstractTransferListenerAdapter - Downloading https://repo.maven.apache.org/maven2/org/springframework/boot/spring-boot-test-autoconfigure/4.0.3/spring-boot-test-autoconfigure-4.0.3-sources.jar
2026-03-07 14:15:43,571 [Worker-3: Importing Maven projects] INFO  o.e.m.j.i.AbstractJavaProjectConfigurator - Adding source folder /recetasAPI/src/main/java
2026-03-07 14:15:43,574 [Worker-3: Importing Maven projects] INFO  o.e.m.j.i.AbstractJavaProjectConfigurator - Adding resource folder /recetasAPI/src/main/resources
2026-03-07 14:15:43,583 [Worker-3: Importing Maven projects] INFO  o.e.m.j.i.AbstractJavaProjectConfigurator - Adding resource folder /recetasAPI/src/main/resources
2026-03-07 14:15:43,592 [Worker-3: Importing Maven projects] INFO  o.e.m.j.i.AbstractJavaProjectConfigurator - Adding source folder /recetasAPI/src/test/java
2026-03-07 14:15:43,594 [Worker-3: Importing Maven projects] INFO  o.e.m.j.i.AbstractJavaProjectConfigurator - Adding resource folder /recetasAPI/src/test/resources
2026-03-07 14:15:43,627 [Worker-0: Download sources and javadoc] INFO  o.e.m.c.i.e.AbstractTransferListenerAdapter - Downloaded https://repo.maven.apache.org/maven2/org/springframework/boot/spring-boot-test-autoconfigure/4.0.3/spring-boot-test-autoconfigure-4.0.3-sources.jar
2026-03-07 14:15:43,638 [Worker-0: Download sources and javadoc] INFO  o.e.m.j.internal.DownloadSourcesJob - Downloaded sources for org.springframework.boot:spring-boot-test-autoconfigure:4.0.3
2026-03-07 14:15:43,727 [Worker-0: Download sources and javadoc] INFO  o.e.m.c.i.e.AbstractTransferListenerAdapter - Downloading https://repo.maven.apache.org/maven2/org/assertj/assertj-core/3.27.7/assertj-core-3.27.7-sources.jar
2026-03-07 14:15:43,988 [Worker-0: Download sources and javadoc] INFO  o.e.m.c.i.e.AbstractTransferListenerAdapter - Downloaded https://repo.maven.apache.org/maven2/org/assertj/assertj-core/3.27.7/assertj-core-3.27.7-sources.jar
2026-03-07 14:15:43,996 [Worker-0: Download sources and javadoc] INFO  o.e.m.j.internal.DownloadSourcesJob - Downloaded sources for org.assertj:assertj-core:3.27.7
2026-03-07 14:15:44,069 [Worker-0: Download sources and javadoc] INFO  o.e.m.c.i.e.AbstractTransferListenerAdapter - Downloading https://repo.maven.apache.org/maven2/org/junit/jupiter/junit-jupiter/6.0.3/junit-jupiter-6.0.3-sources.jar
2026-03-07 14:15:44,086 [Worker-3: Importing Maven projects] INFO  o.e.m.c.i.p.ProjectConfigurationManager - Imported and configured 1 project(s) in 2 sec
2026-03-07 14:15:44,179 [Worker-0: Download sources and javadoc] INFO  o.e.m.c.i.e.AbstractTransferListenerAdapter - Downloaded https://repo.maven.apache.org/maven2/org/junit/jupiter/junit-jupiter/6.0.3/junit-jupiter-6.0.3-sources.jar
2026-03-07 14:15:44,187 [Worker-0: Download sources and javadoc] INFO  o.e.m.j.internal.DownloadSourcesJob - Downloaded sources for org.junit.jupiter:junit-jupiter:6.0.3
2026-03-07 14:15:44,269 [Worker-0: Download sources and javadoc] INFO  o.e.m.c.i.e.AbstractTransferListenerAdapter - Downloading https://repo.maven.apache.org/maven2/org/junit/jupiter/junit-jupiter-api/6.0.3/junit-jupiter-api-6.0.3-sources.jar
2026-03-07 14:15:44,414 [Worker-0: Download sources and javadoc] INFO  o.e.m.c.i.e.AbstractTransferListenerAdapter - Downloaded https://repo.maven.apache.org/maven2/org/junit/jupiter/junit-jupiter-api/6.0.3/junit-jupiter-api-6.0.3-sources.jar
2026-03-07 14:15:44,421 [Worker-0: Download sources and javadoc] INFO  o.e.m.j.internal.DownloadSourcesJob - Downloaded sources for org.junit.jupiter:junit-jupiter-api:6.0.3
2026-03-07 14:15:44,492 [Worker-0: Download sources and javadoc] INFO  o.e.m.c.i.e.AbstractTransferListenerAdapter - Downloading https://repo.maven.apache.org/maven2/org/junit/platform/junit-platform-commons/6.0.3/junit-platform-commons-6.0.3-sources.jar
2026-03-07 14:15:44,584 [Worker-0: Download sources and javadoc] INFO  o.e.m.c.i.e.AbstractTransferListenerAdapter - Downloaded https://repo.maven.apache.org/maven2/org/junit/platform/junit-platform-commons/6.0.3/junit-platform-commons-6.0.3-sources.jar
2026-03-07 14:15:44,592 [Worker-0: Download sources and javadoc] INFO  o.e.m.j.internal.DownloadSourcesJob - Downloaded sources for org.junit.platform:junit-platform-commons:6.0.3
2026-03-07 14:15:44,679 [Worker-0: Download sources and javadoc] INFO  o.e.m.c.i.e.AbstractTransferListenerAdapter - Downloading https://repo.maven.apache.org/maven2/org/junit/jupiter/junit-jupiter-params/6.0.3/junit-jupiter-params-6.0.3-sources.jar
2026-03-07 14:15:44,779 [Worker-0: Download sources and javadoc] INFO  o.e.m.c.i.e.AbstractTransferListenerAdapter - Downloaded https://repo.maven.apache.org/maven2/org/junit/jupiter/junit-jupiter-params/6.0.3/junit-jupiter-params-6.0.3-sources.jar
2026-03-07 14:15:44,787 [Worker-0: Download sources and javadoc] INFO  o.e.m.j.internal.DownloadSourcesJob - Downloaded sources for org.junit.jupiter:junit-jupiter-params:6.0.3
2026-03-07 14:15:44,885 [Worker-0: Download sources and javadoc] INFO  o.e.m.c.i.e.AbstractTransferListenerAdapter - Downloading https://repo.maven.apache.org/maven2/org/junit/jupiter/junit-jupiter-engine/6.0.3/junit-jupiter-engine-6.0.3-sources.jar
2026-03-07 14:15:44,992 [Worker-0: Download sources and javadoc] INFO  o.e.m.c.i.e.AbstractTransferListenerAdapter - Downloaded https://repo.maven.apache.org/maven2/org/junit/jupiter/junit-jupiter-engine/6.0.3/junit-jupiter-engine-6.0.3-sources.jar
2026-03-07 14:15:45,002 [Worker-0: Download sources and javadoc] INFO  o.e.m.j.internal.DownloadSourcesJob - Downloaded sources for org.junit.jupiter:junit-jupiter-engine:6.0.3
2026-03-07 14:15:45,097 [Worker-0: Download sources and javadoc] INFO  o.e.m.c.i.e.AbstractTransferListenerAdapter - Downloading https://repo.maven.apache.org/maven2/org/junit/platform/junit-platform-engine/6.0.3/junit-platform-engine-6.0.3-sources.jar
2026-03-07 14:15:45,210 [Worker-0: Download sources and javadoc] INFO  o.e.m.c.i.e.AbstractTransferListenerAdapter - Downloaded https://repo.maven.apache.org/maven2/org/junit/platform/junit-platform-engine/6.0.3/junit-platform-engine-6.0.3-sources.jar
2026-03-07 14:15:45,218 [Worker-0: Download sources and javadoc] INFO  o.e.m.j.internal.DownloadSourcesJob - Downloaded sources for org.junit.platform:junit-platform-engine:6.0.3
2026-03-07 14:15:45,329 [Worker-0: Download sources and javadoc] INFO  o.e.m.c.i.e.AbstractTransferListenerAdapter - Downloading https://repo.maven.apache.org/maven2/org/springframework/spring-core/7.0.5/spring-core-7.0.5-sources.jar
2026-03-07 14:15:45,470 [Worker-12: Building] INFO  o.a.m.s.f.DefaultMavenResourcesFiltering - Copying 1 resource from src\main\resources to target\classes
2026-03-07 14:15:45,520 [Worker-12: Building] INFO  o.a.m.s.f.DefaultMavenResourcesFiltering - Copying 0 resource from src\main\resources to target\classes
2026-03-07 14:15:45,531 [Worker-12: Building] INFO  o.a.m.s.f.DefaultMavenResourcesFiltering - skip non existing resourceDirectory C:\Users\user\Documents\Juan PC guillermo SpringAngularAWS\WORKSPACES\workspacegRPC\recetasAPI\src\test\resources
2026-03-07 14:15:45,701 [Worker-0: Download sources and javadoc] INFO  o.e.m.c.i.e.AbstractTransferListenerAdapter - Downloaded https://repo.maven.apache.org/maven2/org/springframework/spring-core/7.0.5/spring-core-7.0.5-sources.jar
2026-03-07 14:15:45,708 [Worker-0: Download sources and javadoc] INFO  o.e.m.j.internal.DownloadSourcesJob - Downloaded sources for org.springframework:spring-core:7.0.5
2026-03-07 14:15:45,817 [Worker-0: Download sources and javadoc] INFO  o.e.m.c.i.e.AbstractTransferListenerAdapter - Downloading https://repo.maven.apache.org/maven2/org/springframework/spring-test/7.0.5/spring-test-7.0.5-sources.jar
2026-03-07 14:15:46,075 [Worker-0: Download sources and javadoc] INFO  o.e.m.c.i.e.AbstractTransferListenerAdapter - Downloaded https://repo.maven.apache.org/maven2/org/springframework/spring-test/7.0.5/spring-test-7.0.5-sources.jar
2026-03-07 14:15:46,084 [Worker-0: Download sources and javadoc] INFO  o.e.m.j.internal.DownloadSourcesJob - Downloaded sources for org.springframework:spring-test:7.0.5
2026-03-07 14:15:46,095 [Worker-0: Download sources and javadoc] INFO  o.e.m.j.internal.DownloadSourcesJob - Downloaded sources for org.springframework.boot:spring-boot-test-autoconfigure:4.0.3
2026-03-07 14:15:46,102 [Worker-0: Download sources and javadoc] INFO  o.e.m.j.internal.DownloadSourcesJob - Downloaded sources for org.assertj:assertj-core:3.27.7
2026-03-07 14:15:46,112 [Worker-0: Download sources and javadoc] INFO  o.e.m.j.internal.DownloadSourcesJob - Downloaded sources for org.junit.jupiter:junit-jupiter:6.0.3
2026-03-07 14:15:46,120 [Worker-0: Download sources and javadoc] INFO  o.e.m.j.internal.DownloadSourcesJob - Downloaded sources for org.junit.jupiter:junit-jupiter-api:6.0.3
2026-03-07 14:15:46,129 [Worker-0: Download sources and javadoc] INFO  o.e.m.j.internal.DownloadSourcesJob - Downloaded sources for org.junit.platform:junit-platform-commons:6.0.3
2026-03-07 14:15:46,137 [Worker-0: Download sources and javadoc] INFO  o.e.m.j.internal.DownloadSourcesJob - Downloaded sources for org.junit.jupiter:junit-jupiter-params:6.0.3
2026-03-07 14:15:46,146 [Worker-0: Download sources and javadoc] INFO  o.e.m.j.internal.DownloadSourcesJob - Downloaded sources for org.junit.jupiter:junit-jupiter-engine:6.0.3
2026-03-07 14:15:46,155 [Worker-0: Download sources and javadoc] INFO  o.e.m.j.internal.DownloadSourcesJob - Downloaded sources for org.junit.platform:junit-platform-engine:6.0.3
2026-03-07 14:15:46,164 [Worker-0: Download sources and javadoc] INFO  o.e.m.j.internal.DownloadSourcesJob - Downloaded sources for org.springframework:spring-core:7.0.5
2026-03-07 14:15:46,418 [Worker-0: Download sources and javadoc] INFO  o.e.m.j.internal.DownloadSourcesJob - Downloaded sources for org.springframework:spring-test:7.0.5
2026-03-07 14:15:47,750 [Worker-20: Building] INFO  o.a.m.s.f.DefaultMavenResourcesFiltering - Copying 1 resource from src\main\resources to target\classes
2026-03-07 14:15:47,788 [Worker-20: Building] INFO  o.a.m.s.f.DefaultMavenResourcesFiltering - Copying 0 resource from src\main\resources to target\classes
2026-03-07 14:15:47,799 [Worker-20: Building] INFO  o.a.m.s.f.DefaultMavenResourcesFiltering - skip non existing resourceDirectory C:\Users\user\Documents\Juan PC guillermo SpringAngularAWS\WORKSPACES\workspacegRPC\restaurantes\src\test\resources
2026-03-07 14:16:26,355 [Worker-7: Building] INFO  o.a.m.s.f.DefaultMavenResourcesFiltering - Copying 1 resource from src\main\resources to target\classes
2026-03-07 14:16:26,367 [Worker-7: Building] INFO  o.a.m.s.f.DefaultMavenResourcesFiltering - Copying 0 resource from src\main\resources to target\classes
2026-03-07 14:16:26,371 [Worker-7: Building] INFO  o.a.m.s.f.DefaultMavenResourcesFiltering - skip non existing resourceDirectory C:\Users\user\Documents\Juan PC guillermo SpringAngularAWS\WORKSPACES\workspacegRPC\restaurantes\src\test\resources
2026-03-07 14:16:51,086 [Worker-22: Building] INFO  o.a.m.s.f.DefaultMavenResourcesFiltering - Copying 1 resource from src\main\resources to target\classes
2026-03-07 14:16:51,093 [Worker-22: Building] INFO  o.a.m.s.f.DefaultMavenResourcesFiltering - Copying 0 resource from src\main\resources to target\classes
2026-03-07 14:16:51,099 [Worker-22: Building] INFO  o.a.m.s.f.DefaultMavenResourcesFiltering - skip non existing resourceDirectory C:\Users\user\Documents\Juan PC guillermo SpringAngularAWS\WORKSPACES\workspacegRPC\restaurantes\src\test\resources
2026-03-07 14:17:26,655 [Worker-14: Building] INFO  o.e.m.c.i.l.LifecycleMappingFactory - Using org.eclipse.m2e.jdt.JarLifecycleMapping lifecycle mapping for MavenProject: com.restaurantes:restaurantes:0.0.1-SNAPSHOT @ C:\Users\user\Documents\Juan PC guillermo SpringAngularAWS\WORKSPACES\workspacegRPC\restaurantes\pom.xml.
2026-03-07 14:17:27,177 [Worker-14: Building] INFO  o.a.m.s.f.DefaultMavenResourcesFiltering - Copying 0 resource from src\main\resources to target\classes
2026-03-07 14:17:27,178 [Worker-14: Building] INFO  o.a.m.s.f.DefaultMavenResourcesFiltering - Copying 0 resource from src\main\resources to target\classes
2026-03-07 14:17:27,184 [Worker-14: Building] INFO  o.a.m.s.f.DefaultMavenResourcesFiltering - skip non existing resourceDirectory C:\Users\user\Documents\Juan PC guillermo SpringAngularAWS\WORKSPACES\workspacegRPC\restaurantes\src\test\resources
2026-03-07 14:18:33,892 [Worker-15: Building] INFO  o.e.m.c.i.l.LifecycleMappingFactory - Using org.eclipse.m2e.jdt.JarLifecycleMapping lifecycle mapping for MavenProject: com.restaurantes:restaurantes:0.0.1-SNAPSHOT @ C:\Users\user\Documents\Juan PC guillermo SpringAngularAWS\WORKSPACES\workspacegRPC\restaurantes\pom.xml.
2026-03-07 14:18:34,417 [Worker-15: Building] INFO  o.e.m.c.i.e.AbstractTransferListenerAdapter - Downloading https://repo.maven.apache.org/maven2/org/springframework/boot/spring-boot-starter-data-jpa/4.0.3/spring-boot-starter-data-jpa-4.0.3.pom
2026-03-07 14:18:34,466 [Worker-15: Building] INFO  o.e.m.c.i.e.AbstractTransferListenerAdapter - Downloaded https://repo.maven.apache.org/maven2/org/springframework/boot/spring-boot-starter-data-jpa/4.0.3/spring-boot-starter-data-jpa-4.0.3.pom
2026-03-07 14:18:34,565 [Worker-15: Building] INFO  o.e.m.c.i.e.AbstractTransferListenerAdapter - Downloading https://repo.maven.apache.org/maven2/org/springframework/boot/spring-boot-starter-jdbc/4.0.3/spring-boot-starter-jdbc-4.0.3.pom
2026-03-07 14:18:34,608 [Worker-15: Building] INFO  o.e.m.c.i.e.AbstractTransferListenerAdapter - Downloaded https://repo.maven.apache.org/maven2/org/springframework/boot/spring-boot-starter-jdbc/4.0.3/spring-boot-starter-jdbc-4.0.3.pom
2026-03-07 14:18:34,666 [Worker-15: Building] INFO  o.e.m.c.i.e.AbstractTransferListenerAdapter - Downloading https://repo.maven.apache.org/maven2/org/springframework/boot/spring-boot-jdbc/4.0.3/spring-boot-jdbc-4.0.3.pom
2026-03-07 14:18:34,706 [Worker-15: Building] INFO  o.e.m.c.i.e.AbstractTransferListenerAdapter - Downloaded https://repo.maven.apache.org/maven2/org/springframework/boot/spring-boot-jdbc/4.0.3/spring-boot-jdbc-4.0.3.pom
2026-03-07 14:18:34,831 [Worker-15: Building] INFO  o.e.m.c.i.e.AbstractTransferListenerAdapter - Downloading https://repo.maven.apache.org/maven2/org/springframework/boot/spring-boot-sql/4.0.3/spring-boot-sql-4.0.3.pom
2026-03-07 14:18:34,883 [Worker-15: Building] INFO  o.e.m.c.i.e.AbstractTransferListenerAdapter - Downloaded https://repo.maven.apache.org/maven2/org/springframework/boot/spring-boot-sql/4.0.3/spring-boot-sql-4.0.3.pom
2026-03-07 14:18:35,017 [Worker-15: Building] INFO  o.e.m.c.i.e.AbstractTransferListenerAdapter - Downloading https://repo.maven.apache.org/maven2/org/springframework/boot/spring-boot-transaction/4.0.3/spring-boot-transaction-4.0.3.pom
2026-03-07 14:18:35,057 [Worker-15: Building] INFO  o.e.m.c.i.e.AbstractTransferListenerAdapter - Downloaded https://repo.maven.apache.org/maven2/org/springframework/boot/spring-boot-transaction/4.0.3/spring-boot-transaction-4.0.3.pom
2026-03-07 14:18:35,281 [Worker-15: Building] INFO  o.e.m.c.i.e.AbstractTransferListenerAdapter - Downloading https://repo.maven.apache.org/maven2/org/springframework/boot/spring-boot-persistence/4.0.3/spring-boot-persistence-4.0.3.pom
2026-03-07 14:18:35,328 [Worker-15: Building] INFO  o.e.m.c.i.e.AbstractTransferListenerAdapter - Downloaded https://repo.maven.apache.org/maven2/org/springframework/boot/spring-boot-persistence/4.0.3/spring-boot-persistence-4.0.3.pom
2026-03-07 14:18:35,500 [Worker-15: Building] INFO  o.e.m.c.i.e.AbstractTransferListenerAdapter - Downloading https://repo.maven.apache.org/maven2/org/springframework/spring-tx/7.0.5/spring-tx-7.0.5.pom
2026-03-07 14:18:35,542 [Worker-15: Building] INFO  o.e.m.c.i.e.AbstractTransferListenerAdapter - Downloaded https://repo.maven.apache.org/maven2/org/springframework/spring-tx/7.0.5/spring-tx-7.0.5.pom
2026-03-07 14:18:35,691 [Worker-15: Building] INFO  o.e.m.c.i.e.AbstractTransferListenerAdapter - Downloading https://repo.maven.apache.org/maven2/org/springframework/spring-jdbc/7.0.5/spring-jdbc-7.0.5.pom
2026-03-07 14:18:35,742 [Worker-15: Building] INFO  o.e.m.c.i.e.AbstractTransferListenerAdapter - Downloaded https://repo.maven.apache.org/maven2/org/springframework/spring-jdbc/7.0.5/spring-jdbc-7.0.5.pom
2026-03-07 14:18:35,788 [Worker-15: Building] INFO  o.e.m.c.i.e.AbstractTransferListenerAdapter - Downloading https://repo.maven.apache.org/maven2/com/zaxxer/HikariCP/7.0.2/HikariCP-7.0.2.pom
2026-03-07 14:18:35,858 [Worker-15: Building] INFO  o.e.m.c.i.e.AbstractTransferListenerAdapter - Downloaded https://repo.maven.apache.org/maven2/com/zaxxer/HikariCP/7.0.2/HikariCP-7.0.2.pom
2026-03-07 14:18:35,908 [Worker-15: Building] INFO  o.e.m.c.i.e.AbstractTransferListenerAdapter - Downloading https://repo.maven.apache.org/maven2/org/springframework/boot/spring-boot-data-jpa/4.0.3/spring-boot-data-jpa-4.0.3.pom
2026-03-07 14:18:35,959 [Worker-15: Building] INFO  o.e.m.c.i.e.AbstractTransferListenerAdapter - Downloaded https://repo.maven.apache.org/maven2/org/springframework/boot/spring-boot-data-jpa/4.0.3/spring-boot-data-jpa-4.0.3.pom
2026-03-07 14:18:35,994 [Worker-15: Building] INFO  o.e.m.c.i.e.AbstractTransferListenerAdapter - Downloading https://repo.maven.apache.org/maven2/org/springframework/boot/spring-boot-data-commons/4.0.3/spring-boot-data-commons-4.0.3.pom
2026-03-07 14:18:36,045 [Worker-15: Building] INFO  o.e.m.c.i.e.AbstractTransferListenerAdapter - Downloaded https://repo.maven.apache.org/maven2/org/springframework/boot/spring-boot-data-commons/4.0.3/spring-boot-data-commons-4.0.3.pom
2026-03-07 14:18:36,141 [Worker-15: Building] INFO  o.e.m.c.i.e.AbstractTransferListenerAdapter - Downloading https://repo.maven.apache.org/maven2/org/springframework/data/spring-data-commons/4.0.3/spring-data-commons-4.0.3.pom
2026-03-07 14:18:36,213 [Worker-15: Building] INFO  o.e.m.c.i.e.AbstractTransferListenerAdapter - Downloaded https://repo.maven.apache.org/maven2/org/springframework/data/spring-data-commons/4.0.3/spring-data-commons-4.0.3.pom
2026-03-07 14:18:36,281 [Worker-15: Building] INFO  o.e.m.c.i.e.AbstractTransferListenerAdapter - Downloading https://repo.maven.apache.org/maven2/org/springframework/data/build/spring-data-parent/4.0.3/spring-data-parent-4.0.3.pom
2026-03-07 14:18:36,340 [Worker-15: Building] INFO  o.e.m.c.i.e.AbstractTransferListenerAdapter - Downloaded https://repo.maven.apache.org/maven2/org/springframework/data/build/spring-data-parent/4.0.3/spring-data-parent-4.0.3.pom
2026-03-07 14:18:36,394 [Worker-15: Building] INFO  o.e.m.c.i.e.AbstractTransferListenerAdapter - Downloading https://repo.maven.apache.org/maven2/org/springframework/data/build/spring-data-build/4.0.3/spring-data-build-4.0.3.pom
2026-03-07 14:18:36,455 [Worker-15: Building] INFO  o.e.m.c.i.e.AbstractTransferListenerAdapter - Downloaded https://repo.maven.apache.org/maven2/org/springframework/data/build/spring-data-build/4.0.3/spring-data-build-4.0.3.pom
2026-03-07 14:18:36,522 [Worker-15: Building] INFO  o.e.m.c.i.e.AbstractTransferListenerAdapter - Downloading https://repo.maven.apache.org/maven2/org/jmolecules/jmolecules-bom/2025.0.0/jmolecules-bom-2025.0.0.pom
2026-03-07 14:18:36,562 [Worker-15: Building] INFO  o.e.m.c.i.e.AbstractTransferListenerAdapter - Downloaded https://repo.maven.apache.org/maven2/org/jmolecules/jmolecules-bom/2025.0.0/jmolecules-bom-2025.0.0.pom
2026-03-07 14:18:36,602 [Worker-15: Building] INFO  o.e.m.c.i.e.AbstractTransferListenerAdapter - Downloading https://repo.maven.apache.org/maven2/org/junit/junit-bom/6.0.0/junit-bom-6.0.0.pom
2026-03-07 14:18:36,637 [Worker-15: Building] INFO  o.e.m.c.i.e.AbstractTransferListenerAdapter - Downloaded https://repo.maven.apache.org/maven2/org/junit/junit-bom/6.0.0/junit-bom-6.0.0.pom
2026-03-07 14:18:36,673 [Worker-15: Building] INFO  o.e.m.c.i.e.AbstractTransferListenerAdapter - Downloading https://repo.maven.apache.org/maven2/org/springframework/boot/spring-boot-hibernate/4.0.3/spring-boot-hibernate-4.0.3.pom
2026-03-07 14:18:36,710 [Worker-15: Building] INFO  o.e.m.c.i.e.AbstractTransferListenerAdapter - Downloaded https://repo.maven.apache.org/maven2/org/springframework/boot/spring-boot-hibernate/4.0.3/spring-boot-hibernate-4.0.3.pom
2026-03-07 14:18:36,743 [Worker-15: Building] INFO  o.e.m.c.i.e.AbstractTransferListenerAdapter - Downloading https://repo.maven.apache.org/maven2/org/springframework/boot/spring-boot-jpa/4.0.3/spring-boot-jpa-4.0.3.pom
2026-03-07 14:18:36,789 [Worker-15: Building] INFO  o.e.m.c.i.e.AbstractTransferListenerAdapter - Downloaded https://repo.maven.apache.org/maven2/org/springframework/boot/spring-boot-jpa/4.0.3/spring-boot-jpa-4.0.3.pom
2026-03-07 14:18:36,846 [Worker-15: Building] INFO  o.e.m.c.i.e.AbstractTransferListenerAdapter - Downloading https://repo.maven.apache.org/maven2/jakarta/persistence/jakarta.persistence-api/3.2.0/jakarta.persistence-api-3.2.0.pom
2026-03-07 14:18:36,895 [Worker-15: Building] INFO  o.e.m.c.i.e.AbstractTransferListenerAdapter - Downloaded https://repo.maven.apache.org/maven2/jakarta/persistence/jakarta.persistence-api/3.2.0/jakarta.persistence-api-3.2.0.pom
2026-03-07 14:18:36,944 [Worker-15: Building] INFO  o.e.m.c.i.e.AbstractTransferListenerAdapter - Downloading https://repo.maven.apache.org/maven2/org/springframework/spring-orm/7.0.5/spring-orm-7.0.5.pom
2026-03-07 14:18:36,982 [Worker-15: Building] INFO  o.e.m.c.i.e.AbstractTransferListenerAdapter - Downloaded https://repo.maven.apache.org/maven2/org/springframework/spring-orm/7.0.5/spring-orm-7.0.5.pom
2026-03-07 14:18:37,016 [Worker-15: Building] INFO  o.e.m.c.i.e.AbstractTransferListenerAdapter - Downloading https://repo.maven.apache.org/maven2/org/hibernate/orm/hibernate-core/7.2.4.Final/hibernate-core-7.2.4.Final.pom
2026-03-07 14:18:37,048 [Worker-15: Building] INFO  o.e.m.c.i.e.AbstractTransferListenerAdapter - Downloaded https://repo.maven.apache.org/maven2/org/hibernate/orm/hibernate-core/7.2.4.Final/hibernate-core-7.2.4.Final.pom
2026-03-07 14:18:37,088 [Worker-15: Building] INFO  o.e.m.c.i.e.AbstractTransferListenerAdapter - Downloading https://repo.maven.apache.org/maven2/org/jboss/logging/jboss-logging/3.6.2.Final/jboss-logging-3.6.2.Final.pom
2026-03-07 14:18:37,133 [Worker-15: Building] INFO  o.e.m.c.i.e.AbstractTransferListenerAdapter - Downloaded https://repo.maven.apache.org/maven2/org/jboss/logging/jboss-logging/3.6.2.Final/jboss-logging-3.6.2.Final.pom
2026-03-07 14:18:37,191 [Worker-15: Building] INFO  o.e.m.c.i.e.AbstractTransferListenerAdapter - Downloading https://repo.maven.apache.org/maven2/org/jboss/jboss-parent/51/jboss-parent-51.pom
2026-03-07 14:18:37,246 [Worker-15: Building] INFO  o.e.m.c.i.e.AbstractTransferListenerAdapter - Downloaded https://repo.maven.apache.org/maven2/org/jboss/jboss-parent/51/jboss-parent-51.pom
2026-03-07 14:18:37,313 [Worker-15: Building] INFO  o.e.m.c.i.e.AbstractTransferListenerAdapter - Downloading https://repo.maven.apache.org/maven2/org/hibernate/models/hibernate-models/1.0.1/hibernate-models-1.0.1.pom
2026-03-07 14:18:37,352 [Worker-15: Building] INFO  o.e.m.c.i.e.AbstractTransferListenerAdapter - Downloaded https://repo.maven.apache.org/maven2/org/hibernate/models/hibernate-models/1.0.1/hibernate-models-1.0.1.pom
2026-03-07 14:18:37,390 [Worker-15: Building] INFO  o.e.m.c.i.e.AbstractTransferListenerAdapter - Downloading https://repo.maven.apache.org/maven2/com/fasterxml/classmate/1.7.3/classmate-1.7.3.pom
2026-03-07 14:18:37,421 [Worker-15: Building] INFO  o.e.m.c.i.e.AbstractTransferListenerAdapter - Downloaded https://repo.maven.apache.org/maven2/com/fasterxml/classmate/1.7.3/classmate-1.7.3.pom
2026-03-07 14:18:37,461 [Worker-15: Building] INFO  o.e.m.c.i.e.AbstractTransferListenerAdapter - Downloading https://repo.maven.apache.org/maven2/com/fasterxml/oss-parent/74/oss-parent-74.pom
2026-03-07 14:18:37,504 [Worker-15: Building] INFO  o.e.m.c.i.e.AbstractTransferListenerAdapter - Downloaded https://repo.maven.apache.org/maven2/com/fasterxml/oss-parent/74/oss-parent-74.pom
2026-03-07 14:18:37,793 [Worker-15: Building] INFO  o.e.m.c.i.e.AbstractTransferListenerAdapter - Downloading https://repo.maven.apache.org/maven2/org/antlr/antlr4-runtime/4.13.2/antlr4-runtime-4.13.2.pom
2026-03-07 14:18:37,833 [Worker-15: Building] INFO  o.e.m.c.i.e.AbstractTransferListenerAdapter - Downloaded https://repo.maven.apache.org/maven2/org/antlr/antlr4-runtime/4.13.2/antlr4-runtime-4.13.2.pom
2026-03-07 14:18:37,866 [Worker-15: Building] INFO  o.e.m.c.i.e.AbstractTransferListenerAdapter - Downloading https://repo.maven.apache.org/maven2/org/antlr/antlr4-master/4.13.2/antlr4-master-4.13.2.pom
2026-03-07 14:18:37,906 [Worker-15: Building] INFO  o.e.m.c.i.e.AbstractTransferListenerAdapter - Downloaded https://repo.maven.apache.org/maven2/org/antlr/antlr4-master/4.13.2/antlr4-master-4.13.2.pom
2026-03-07 14:18:37,938 [Worker-15: Building] INFO  o.e.m.c.i.e.AbstractTransferListenerAdapter - Downloading https://repo.maven.apache.org/maven2/org/springframework/data/spring-data-jpa/4.0.3/spring-data-jpa-4.0.3.pom
2026-03-07 14:18:37,983 [Worker-15: Building] INFO  o.e.m.c.i.e.AbstractTransferListenerAdapter - Downloaded https://repo.maven.apache.org/maven2/org/springframework/data/spring-data-jpa/4.0.3/spring-data-jpa-4.0.3.pom
2026-03-07 14:18:38,033 [Worker-15: Building] INFO  o.e.m.c.i.e.AbstractTransferListenerAdapter - Downloading https://repo.maven.apache.org/maven2/org/springframework/data/spring-data-jpa-parent/4.0.3/spring-data-jpa-parent-4.0.3.pom
2026-03-07 14:18:38,070 [Worker-15: Building] INFO  o.e.m.c.i.e.AbstractTransferListenerAdapter - Downloaded https://repo.maven.apache.org/maven2/org/springframework/data/spring-data-jpa-parent/4.0.3/spring-data-jpa-parent-4.0.3.pom
2026-03-07 14:18:38,113 [Worker-15: Building] INFO  o.e.m.c.i.e.AbstractTransferListenerAdapter - Downloading https://repo.maven.apache.org/maven2/org/springframework/spring-aspects/7.0.5/spring-aspects-7.0.5.pom
2026-03-07 14:18:38,168 [Worker-15: Building] INFO  o.e.m.c.i.e.AbstractTransferListenerAdapter - Downloaded https://repo.maven.apache.org/maven2/org/springframework/spring-aspects/7.0.5/spring-aspects-7.0.5.pom
2026-03-07 14:18:38,204 [Worker-15: Building] INFO  o.e.m.c.i.e.AbstractTransferListenerAdapter - Downloading https://repo.maven.apache.org/maven2/org/aspectj/aspectjweaver/1.9.25.1/aspectjweaver-1.9.25.1.pom
2026-03-07 14:18:38,259 [Worker-15: Building] INFO  o.e.m.c.i.e.AbstractTransferListenerAdapter - Downloaded https://repo.maven.apache.org/maven2/org/aspectj/aspectjweaver/1.9.25.1/aspectjweaver-1.9.25.1.pom
2026-03-07 14:18:38,322 [Worker-15: Building] INFO  o.e.m.c.i.e.AbstractTransferListenerAdapter - Downloading https://repo.maven.apache.org/maven2/com/h2database/h2/2.4.240/h2-2.4.240.pom
2026-03-07 14:18:38,417 [Worker-15: Building] INFO  o.e.m.c.i.e.AbstractTransferListenerAdapter - Downloaded https://repo.maven.apache.org/maven2/com/h2database/h2/2.4.240/h2-2.4.240.pom
2026-03-07 14:18:38,636 [Worker-15: Building] INFO  o.e.m.c.i.e.AbstractTransferListenerAdapter - Downloading https://repo.maven.apache.org/maven2/org/springframework/boot/spring-boot-starter-data-jpa/4.0.3/spring-boot-starter-data-jpa-4.0.3.jar
2026-03-07 14:18:38,727 [Worker-15: Building] INFO  o.e.m.c.i.e.AbstractTransferListenerAdapter - Downloaded https://repo.maven.apache.org/maven2/org/springframework/boot/spring-boot-starter-data-jpa/4.0.3/spring-boot-starter-data-jpa-4.0.3.jar
2026-03-07 14:18:38,759 [BasicRepositoryConnector-repo.maven.apache.org-1-0] INFO  o.e.m.c.i.e.AbstractTransferListenerAdapter - Downloading https://repo.maven.apache.org/maven2/org/springframework/boot/spring-boot-starter-jdbc/4.0.3/spring-boot-starter-jdbc-4.0.3.jar
2026-03-07 14:18:38,793 [BasicRepositoryConnector-repo.maven.apache.org-1-3] INFO  o.e.m.c.i.e.AbstractTransferListenerAdapter - Downloading https://repo.maven.apache.org/maven2/org/springframework/boot/spring-boot-data-commons/4.0.3/spring-boot-data-commons-4.0.3.jar
2026-03-07 14:18:38,822 [BasicRepositoryConnector-repo.maven.apache.org-1-4] INFO  o.e.m.c.i.e.AbstractTransferListenerAdapter - Downloading https://repo.maven.apache.org/maven2/org/springframework/boot/spring-boot-persistence/4.0.3/spring-boot-persistence-4.0.3.jar
2026-03-07 14:18:38,828 [BasicRepositoryConnector-repo.maven.apache.org-1-1] INFO  o.e.m.c.i.e.AbstractTransferListenerAdapter - Downloading https://repo.maven.apache.org/maven2/com/zaxxer/HikariCP/7.0.2/HikariCP-7.0.2.jar
2026-03-07 14:18:38,831 [BasicRepositoryConnector-repo.maven.apache.org-1-2] INFO  o.e.m.c.i.e.AbstractTransferListenerAdapter - Downloading https://repo.maven.apache.org/maven2/org/springframework/boot/spring-boot-data-jpa/4.0.3/spring-boot-data-jpa-4.0.3.jar
2026-03-07 14:18:38,875 [BasicRepositoryConnector-repo.maven.apache.org-1-0] INFO  o.e.m.c.i.e.AbstractTransferListenerAdapter - Downloaded https://repo.maven.apache.org/maven2/org/springframework/boot/spring-boot-starter-jdbc/4.0.3/spring-boot-starter-jdbc-4.0.3.jar
2026-03-07 14:18:38,913 [BasicRepositoryConnector-repo.maven.apache.org-1-0] INFO  o.e.m.c.i.e.AbstractTransferListenerAdapter - Downloading https://repo.maven.apache.org/maven2/org/springframework/data/spring-data-commons/4.0.3/spring-data-commons-4.0.3.jar
2026-03-07 14:18:38,920 [BasicRepositoryConnector-repo.maven.apache.org-1-1] INFO  o.e.m.c.i.e.AbstractTransferListenerAdapter - Downloaded https://repo.maven.apache.org/maven2/com/zaxxer/HikariCP/7.0.2/HikariCP-7.0.2.jar
2026-03-07 14:18:38,969 [BasicRepositoryConnector-repo.maven.apache.org-1-1] INFO  o.e.m.c.i.e.AbstractTransferListenerAdapter - Downloading https://repo.maven.apache.org/maven2/org/springframework/boot/spring-boot-hibernate/4.0.3/spring-boot-hibernate-4.0.3.jar
2026-03-07 14:18:39,152 [BasicRepositoryConnector-repo.maven.apache.org-1-0] INFO  o.e.m.c.i.e.AbstractTransferListenerAdapter - Downloaded https://repo.maven.apache.org/maven2/org/springframework/data/spring-data-commons/4.0.3/spring-data-commons-4.0.3.jar
2026-03-07 14:18:39,190 [BasicRepositoryConnector-repo.maven.apache.org-1-0] INFO  o.e.m.c.i.e.AbstractTransferListenerAdapter - Downloading https://repo.maven.apache.org/maven2/org/springframework/boot/spring-boot-jpa/4.0.3/spring-boot-jpa-4.0.3.jar
2026-03-07 14:18:39,247 [BasicRepositoryConnector-repo.maven.apache.org-1-4] INFO  o.e.m.c.i.e.AbstractTransferListenerAdapter - Downloaded https://repo.maven.apache.org/maven2/org/springframework/boot/spring-boot-persistence/4.0.3/spring-boot-persistence-4.0.3.jar
2026-03-07 14:18:39,280 [BasicRepositoryConnector-repo.maven.apache.org-1-4] INFO  o.e.m.c.i.e.AbstractTransferListenerAdapter - Downloading https://repo.maven.apache.org/maven2/jakarta/persistence/jakarta.persistence-api/3.2.0/jakarta.persistence-api-3.2.0.jar
2026-03-07 14:18:39,308 [BasicRepositoryConnector-repo.maven.apache.org-1-2] INFO  o.e.m.c.i.e.AbstractTransferListenerAdapter - Downloaded https://repo.maven.apache.org/maven2/org/springframework/boot/spring-boot-data-jpa/4.0.3/spring-boot-data-jpa-4.0.3.jar
2026-03-07 14:18:39,343 [BasicRepositoryConnector-repo.maven.apache.org-1-2] INFO  o.e.m.c.i.e.AbstractTransferListenerAdapter - Downloading https://repo.maven.apache.org/maven2/org/hibernate/orm/hibernate-core/7.2.4.Final/hibernate-core-7.2.4.Final.jar
2026-03-07 14:18:39,387 [BasicRepositoryConnector-repo.maven.apache.org-1-4] INFO  o.e.m.c.i.e.AbstractTransferListenerAdapter - Downloaded https://repo.maven.apache.org/maven2/jakarta/persistence/jakarta.persistence-api/3.2.0/jakarta.persistence-api-3.2.0.jar
2026-03-07 14:18:39,462 [BasicRepositoryConnector-repo.maven.apache.org-1-4] INFO  o.e.m.c.i.e.AbstractTransferListenerAdapter - Downloading https://repo.maven.apache.org/maven2/org/jboss/logging/jboss-logging/3.6.2.Final/jboss-logging-3.6.2.Final.jar
2026-03-07 14:18:39,525 [BasicRepositoryConnector-repo.maven.apache.org-1-4] INFO  o.e.m.c.i.e.AbstractTransferListenerAdapter - Downloaded https://repo.maven.apache.org/maven2/org/jboss/logging/jboss-logging/3.6.2.Final/jboss-logging-3.6.2.Final.jar
2026-03-07 14:18:39,592 [BasicRepositoryConnector-repo.maven.apache.org-1-4] INFO  o.e.m.c.i.e.AbstractTransferListenerAdapter - Downloading https://repo.maven.apache.org/maven2/org/hibernate/models/hibernate-models/1.0.1/hibernate-models-1.0.1.jar
2026-03-07 14:18:39,613 [BasicRepositoryConnector-repo.maven.apache.org-1-3] INFO  o.e.m.c.i.e.AbstractTransferListenerAdapter - Downloaded https://repo.maven.apache.org/maven2/org/springframework/boot/spring-boot-data-commons/4.0.3/spring-boot-data-commons-4.0.3.jar
2026-03-07 14:18:39,620 [BasicRepositoryConnector-repo.maven.apache.org-1-1] INFO  o.e.m.c.i.e.AbstractTransferListenerAdapter - Downloaded https://repo.maven.apache.org/maven2/org/springframework/boot/spring-boot-hibernate/4.0.3/spring-boot-hibernate-4.0.3.jar
2026-03-07 14:18:39,672 [BasicRepositoryConnector-repo.maven.apache.org-1-0] INFO  o.e.m.c.i.e.AbstractTransferListenerAdapter - Downloaded https://repo.maven.apache.org/maven2/org/springframework/boot/spring-boot-jpa/4.0.3/spring-boot-jpa-4.0.3.jar
2026-03-07 14:18:39,690 [BasicRepositoryConnector-repo.maven.apache.org-1-1] INFO  o.e.m.c.i.e.AbstractTransferListenerAdapter - Downloading https://repo.maven.apache.org/maven2/org/springframework/spring-orm/7.0.5/spring-orm-7.0.5.jar
2026-03-07 14:18:39,697 [BasicRepositoryConnector-repo.maven.apache.org-1-3] INFO  o.e.m.c.i.e.AbstractTransferListenerAdapter - Downloading https://repo.maven.apache.org/maven2/com/fasterxml/classmate/1.7.3/classmate-1.7.3.jar
2026-03-07 14:18:39,775 [BasicRepositoryConnector-repo.maven.apache.org-1-0] INFO  o.e.m.c.i.e.AbstractTransferListenerAdapter - Downloading https://repo.maven.apache.org/maven2/org/springframework/data/spring-data-jpa/4.0.3/spring-data-jpa-4.0.3.jar
2026-03-07 14:18:39,779 [BasicRepositoryConnector-repo.maven.apache.org-1-4] INFO  o.e.m.c.i.e.AbstractTransferListenerAdapter - Downloaded https://repo.maven.apache.org/maven2/org/hibernate/models/hibernate-models/1.0.1/hibernate-models-1.0.1.jar
2026-03-07 14:18:39,847 [BasicRepositoryConnector-repo.maven.apache.org-1-3] INFO  o.e.m.c.i.e.AbstractTransferListenerAdapter - Downloaded https://repo.maven.apache.org/maven2/com/fasterxml/classmate/1.7.3/classmate-1.7.3.jar
2026-03-07 14:18:39,867 [BasicRepositoryConnector-repo.maven.apache.org-1-4] INFO  o.e.m.c.i.e.AbstractTransferListenerAdapter - Downloading https://repo.maven.apache.org/maven2/org/springframework/spring-tx/7.0.5/spring-tx-7.0.5.jar
2026-03-07 14:18:39,907 [BasicRepositoryConnector-repo.maven.apache.org-1-3] INFO  o.e.m.c.i.e.AbstractTransferListenerAdapter - Downloading https://repo.maven.apache.org/maven2/org/antlr/antlr4-runtime/4.13.2/antlr4-runtime-4.13.2.jar
2026-03-07 14:18:39,914 [BasicRepositoryConnector-repo.maven.apache.org-1-1] INFO  o.e.m.c.i.e.AbstractTransferListenerAdapter - Downloaded https://repo.maven.apache.org/maven2/org/springframework/spring-orm/7.0.5/spring-orm-7.0.5.jar
2026-03-07 14:18:40,019 [BasicRepositoryConnector-repo.maven.apache.org-1-1] INFO  o.e.m.c.i.e.AbstractTransferListenerAdapter - Downloading https://repo.maven.apache.org/maven2/org/springframework/spring-aspects/7.0.5/spring-aspects-7.0.5.jar
2026-03-07 14:18:40,142 [BasicRepositoryConnector-repo.maven.apache.org-1-1] INFO  o.e.m.c.i.e.AbstractTransferListenerAdapter - Downloaded https://repo.maven.apache.org/maven2/org/springframework/spring-aspects/7.0.5/spring-aspects-7.0.5.jar
2026-03-07 14:18:40,166 [BasicRepositoryConnector-repo.maven.apache.org-1-4] INFO  o.e.m.c.i.e.AbstractTransferListenerAdapter - Downloaded https://repo.maven.apache.org/maven2/org/springframework/spring-tx/7.0.5/spring-tx-7.0.5.jar
2026-03-07 14:18:40,179 [BasicRepositoryConnector-repo.maven.apache.org-1-3] INFO  o.e.m.c.i.e.AbstractTransferListenerAdapter - Downloaded https://repo.maven.apache.org/maven2/org/antlr/antlr4-runtime/4.13.2/antlr4-runtime-4.13.2.jar
2026-03-07 14:18:40,204 [BasicRepositoryConnector-repo.maven.apache.org-1-1] INFO  o.e.m.c.i.e.AbstractTransferListenerAdapter - Downloading https://repo.maven.apache.org/maven2/org/aspectj/aspectjweaver/1.9.25.1/aspectjweaver-1.9.25.1.jar
2026-03-07 14:18:40,245 [BasicRepositoryConnector-repo.maven.apache.org-1-4] INFO  o.e.m.c.i.e.AbstractTransferListenerAdapter - Downloading https://repo.maven.apache.org/maven2/org/springframework/boot/spring-boot-jdbc/4.0.3/spring-boot-jdbc-4.0.3.jar
2026-03-07 14:18:40,269 [BasicRepositoryConnector-repo.maven.apache.org-1-3] INFO  o.e.m.c.i.e.AbstractTransferListenerAdapter - Downloading https://repo.maven.apache.org/maven2/org/springframework/boot/spring-boot-sql/4.0.3/spring-boot-sql-4.0.3.jar
2026-03-07 14:18:40,474 [BasicRepositoryConnector-repo.maven.apache.org-1-4] INFO  o.e.m.c.i.e.AbstractTransferListenerAdapter - Downloaded https://repo.maven.apache.org/maven2/org/springframework/boot/spring-boot-jdbc/4.0.3/spring-boot-jdbc-4.0.3.jar
2026-03-07 14:18:40,583 [BasicRepositoryConnector-repo.maven.apache.org-1-4] INFO  o.e.m.c.i.e.AbstractTransferListenerAdapter - Downloading https://repo.maven.apache.org/maven2/org/springframework/boot/spring-boot-transaction/4.0.3/spring-boot-transaction-4.0.3.jar
2026-03-07 14:18:40,976 [BasicRepositoryConnector-repo.maven.apache.org-1-3] INFO  o.e.m.c.i.e.AbstractTransferListenerAdapter - Downloaded https://repo.maven.apache.org/maven2/org/springframework/boot/spring-boot-sql/4.0.3/spring-boot-sql-4.0.3.jar
2026-03-07 14:18:41,027 [BasicRepositoryConnector-repo.maven.apache.org-1-4] INFO  o.e.m.c.i.e.AbstractTransferListenerAdapter - Downloaded https://repo.maven.apache.org/maven2/org/springframework/boot/spring-boot-transaction/4.0.3/spring-boot-transaction-4.0.3.jar
2026-03-07 14:18:41,107 [BasicRepositoryConnector-repo.maven.apache.org-1-3] INFO  o.e.m.c.i.e.AbstractTransferListenerAdapter - Downloading https://repo.maven.apache.org/maven2/org/springframework/spring-jdbc/7.0.5/spring-jdbc-7.0.5.jar
2026-03-07 14:18:41,138 [BasicRepositoryConnector-repo.maven.apache.org-1-4] INFO  o.e.m.c.i.e.AbstractTransferListenerAdapter - Downloading https://repo.maven.apache.org/maven2/com/h2database/h2/2.4.240/h2-2.4.240.jar
2026-03-07 14:18:41,594 [BasicRepositoryConnector-repo.maven.apache.org-1-3] INFO  o.e.m.c.i.e.AbstractTransferListenerAdapter - Downloaded https://repo.maven.apache.org/maven2/org/springframework/spring-jdbc/7.0.5/spring-jdbc-7.0.5.jar
2026-03-07 14:18:41,595 [BasicRepositoryConnector-repo.maven.apache.org-1-1] INFO  o.e.m.c.i.e.AbstractTransferListenerAdapter - Downloaded https://repo.maven.apache.org/maven2/org/aspectj/aspectjweaver/1.9.25.1/aspectjweaver-1.9.25.1.jar
2026-03-07 14:18:41,805 [BasicRepositoryConnector-repo.maven.apache.org-1-2] INFO  o.e.m.c.i.e.AbstractTransferListenerAdapter - Downloaded https://repo.maven.apache.org/maven2/org/hibernate/orm/hibernate-core/7.2.4.Final/hibernate-core-7.2.4.Final.jar
2026-03-07 14:18:41,816 [BasicRepositoryConnector-repo.maven.apache.org-1-0] INFO  o.e.m.c.i.e.AbstractTransferListenerAdapter - Downloaded https://repo.maven.apache.org/maven2/org/springframework/data/spring-data-jpa/4.0.3/spring-data-jpa-4.0.3.jar
2026-03-07 14:18:42,619 [BasicRepositoryConnector-repo.maven.apache.org-1-4] INFO  o.e.m.c.i.e.AbstractTransferListenerAdapter - Downloaded https://repo.maven.apache.org/maven2/com/h2database/h2/2.4.240/h2-2.4.240.jar
2026-03-07 14:18:43,143 [Worker-15: Building] INFO  o.e.m.c.i.l.LifecycleMappingFactory - Using org.eclipse.m2e.jdt.JarLifecycleMapping lifecycle mapping for MavenProject: com.recetas:recetasAPI:0.0.1-SNAPSHOT @ C:\Users\user\Documents\Juan PC guillermo SpringAngularAWS\WORKSPACES\workspacegRPC\recetasAPI\pom.xml.
2026-03-07 14:18:44,621 [Worker-15: Building] INFO  o.a.m.s.f.DefaultMavenResourcesFiltering - Copying 0 resource from src\main\resources to target\classes
2026-03-07 14:18:44,621 [Worker-15: Building] INFO  o.a.m.s.f.DefaultMavenResourcesFiltering - Copying 0 resource from src\main\resources to target\classes
2026-03-07 14:18:44,627 [Worker-15: Building] INFO  o.a.m.s.f.DefaultMavenResourcesFiltering - skip non existing resourceDirectory C:\Users\user\Documents\Juan PC guillermo SpringAngularAWS\WORKSPACES\workspacegRPC\restaurantes\src\test\resources
2026-03-07 14:18:45,344 [Worker-6: Building] INFO  o.a.m.s.f.DefaultMavenResourcesFiltering - Copying 1 resource from src\main\resources to target\classes
2026-03-07 14:18:45,388 [Worker-6: Building] INFO  o.a.m.s.f.DefaultMavenResourcesFiltering - Copying 0 resource from src\main\resources to target\classes
2026-03-07 14:18:45,396 [Worker-6: Building] INFO  o.a.m.s.f.DefaultMavenResourcesFiltering - skip non existing resourceDirectory C:\Users\user\Documents\Juan PC guillermo SpringAngularAWS\WORKSPACES\workspacegRPC\restaurantes\src\test\resources
2026-03-07 14:18:45,505 [Worker-19: Download sources and javadoc] INFO  o.e.m.c.i.e.AbstractTransferListenerAdapter - Downloading https://repo.maven.apache.org/maven2/org/springframework/boot/spring-boot-starter-data-jpa/4.0.3/spring-boot-starter-data-jpa-4.0.3-sources.jar
2026-03-07 14:18:45,518 [Worker-19: Download sources and javadoc] INFO  o.e.m.c.i.e.AbstractTransferListenerAdapter - Downloaded https://repo.maven.apache.org/maven2/org/springframework/boot/spring-boot-starter-data-jpa/4.0.3/spring-boot-starter-data-jpa-4.0.3-sources.jar
2026-03-07 14:18:45,525 [Worker-19: Download sources and javadoc] INFO  o.e.m.j.internal.DownloadSourcesJob - Downloaded sources for org.springframework.boot:spring-boot-starter-data-jpa:4.0.3
2026-03-07 14:18:45,596 [Worker-19: Download sources and javadoc] INFO  o.e.m.c.i.e.AbstractTransferListenerAdapter - Downloading https://repo.maven.apache.org/maven2/org/springframework/boot/spring-boot-starter-jdbc/4.0.3/spring-boot-starter-jdbc-4.0.3-sources.jar
2026-03-07 14:18:45,608 [Worker-19: Download sources and javadoc] INFO  o.e.m.c.i.e.AbstractTransferListenerAdapter - Downloaded https://repo.maven.apache.org/maven2/org/springframework/boot/spring-boot-starter-jdbc/4.0.3/spring-boot-starter-jdbc-4.0.3-sources.jar
2026-03-07 14:18:45,615 [Worker-19: Download sources and javadoc] INFO  o.e.m.j.internal.DownloadSourcesJob - Downloaded sources for org.springframework.boot:spring-boot-starter-jdbc:4.0.3
2026-03-07 14:18:45,694 [Worker-19: Download sources and javadoc] INFO  o.e.m.c.i.e.AbstractTransferListenerAdapter - Downloading https://repo.maven.apache.org/maven2/com/zaxxer/HikariCP/7.0.2/HikariCP-7.0.2-sources.jar
2026-03-07 14:18:45,773 [Worker-19: Download sources and javadoc] INFO  o.e.m.c.i.e.AbstractTransferListenerAdapter - Downloaded https://repo.maven.apache.org/maven2/com/zaxxer/HikariCP/7.0.2/HikariCP-7.0.2-sources.jar
2026-03-07 14:18:45,780 [Worker-19: Download sources and javadoc] INFO  o.e.m.j.internal.DownloadSourcesJob - Downloaded sources for com.zaxxer:HikariCP:7.0.2
2026-03-07 14:18:45,870 [Worker-19: Download sources and javadoc] INFO  o.e.m.c.i.e.AbstractTransferListenerAdapter - Downloading https://repo.maven.apache.org/maven2/org/springframework/boot/spring-boot-data-jpa/4.0.3/spring-boot-data-jpa-4.0.3-sources.jar
2026-03-07 14:18:46,183 [Worker-19: Download sources and javadoc] INFO  o.e.m.c.i.e.AbstractTransferListenerAdapter - Downloaded https://repo.maven.apache.org/maven2/org/springframework/boot/spring-boot-data-jpa/4.0.3/spring-boot-data-jpa-4.0.3-sources.jar
2026-03-07 14:18:46,190 [Worker-19: Download sources and javadoc] INFO  o.e.m.j.internal.DownloadSourcesJob - Downloaded sources for org.springframework.boot:spring-boot-data-jpa:4.0.3
2026-03-07 14:18:46,264 [Worker-19: Download sources and javadoc] INFO  o.e.m.c.i.e.AbstractTransferListenerAdapter - Downloading https://repo.maven.apache.org/maven2/org/springframework/boot/spring-boot-data-commons/4.0.3/spring-boot-data-commons-4.0.3-sources.jar
2026-03-07 14:18:46,963 [Worker-19: Download sources and javadoc] INFO  o.e.m.c.i.e.AbstractTransferListenerAdapter - Downloaded https://repo.maven.apache.org/maven2/org/springframework/boot/spring-boot-data-commons/4.0.3/spring-boot-data-commons-4.0.3-sources.jar
2026-03-07 14:18:46,971 [Worker-19: Download sources and javadoc] INFO  o.e.m.j.internal.DownloadSourcesJob - Downloaded sources for org.springframework.boot:spring-boot-data-commons:4.0.3
2026-03-07 14:18:47,109 [Worker-19: Download sources and javadoc] INFO  o.e.m.c.i.e.AbstractTransferListenerAdapter - Downloading https://repo.maven.apache.org/maven2/org/springframework/boot/spring-boot-persistence/4.0.3/spring-boot-persistence-4.0.3-sources.jar
2026-03-07 14:18:47,509 [Worker-19: Download sources and javadoc] INFO  o.e.m.c.i.e.AbstractTransferListenerAdapter - Downloaded https://repo.maven.apache.org/maven2/org/springframework/boot/spring-boot-persistence/4.0.3/spring-boot-persistence-4.0.3-sources.jar
2026-03-07 14:18:47,516 [Worker-19: Download sources and javadoc] INFO  o.e.m.j.internal.DownloadSourcesJob - Downloaded sources for org.springframework.boot:spring-boot-persistence:4.0.3
2026-03-07 14:18:47,609 [Worker-19: Download sources and javadoc] INFO  o.e.m.c.i.e.AbstractTransferListenerAdapter - Downloading https://repo.maven.apache.org/maven2/org/springframework/data/spring-data-commons/4.0.3/spring-data-commons-4.0.3-sources.jar
2026-03-07 14:18:47,834 [Worker-19: Download sources and javadoc] INFO  o.e.m.c.i.e.AbstractTransferListenerAdapter - Downloaded https://repo.maven.apache.org/maven2/org/springframework/data/spring-data-commons/4.0.3/spring-data-commons-4.0.3-sources.jar
2026-03-07 14:18:47,839 [Worker-19: Download sources and javadoc] INFO  o.e.m.j.internal.DownloadSourcesJob - Downloaded sources for org.springframework.data:spring-data-commons:4.0.3
2026-03-07 14:18:47,916 [Worker-19: Download sources and javadoc] INFO  o.e.m.c.i.e.AbstractTransferListenerAdapter - Downloading https://repo.maven.apache.org/maven2/org/springframework/boot/spring-boot-hibernate/4.0.3/spring-boot-hibernate-4.0.3-sources.jar
2026-03-07 14:18:48,334 [Worker-19: Download sources and javadoc] INFO  o.e.m.c.i.e.AbstractTransferListenerAdapter - Downloaded https://repo.maven.apache.org/maven2/org/springframework/boot/spring-boot-hibernate/4.0.3/spring-boot-hibernate-4.0.3-sources.jar
2026-03-07 14:18:48,340 [Worker-19: Download sources and javadoc] INFO  o.e.m.j.internal.DownloadSourcesJob - Downloaded sources for org.springframework.boot:spring-boot-hibernate:4.0.3
2026-03-07 14:18:48,420 [Worker-19: Download sources and javadoc] INFO  o.e.m.c.i.e.AbstractTransferListenerAdapter - Downloading https://repo.maven.apache.org/maven2/org/springframework/boot/spring-boot-jpa/4.0.3/spring-boot-jpa-4.0.3-sources.jar
2026-03-07 14:18:48,749 [Worker-19: Download sources and javadoc] INFO  o.e.m.c.i.e.AbstractTransferListenerAdapter - Downloaded https://repo.maven.apache.org/maven2/org/springframework/boot/spring-boot-jpa/4.0.3/spring-boot-jpa-4.0.3-sources.jar
2026-03-07 14:18:48,755 [Worker-19: Download sources and javadoc] INFO  o.e.m.j.internal.DownloadSourcesJob - Downloaded sources for org.springframework.boot:spring-boot-jpa:4.0.3
2026-03-07 14:18:48,834 [Worker-19: Download sources and javadoc] INFO  o.e.m.c.i.e.AbstractTransferListenerAdapter - Downloading https://repo.maven.apache.org/maven2/jakarta/persistence/jakarta.persistence-api/3.2.0/jakarta.persistence-api-3.2.0-sources.jar
2026-03-07 14:18:48,946 [Worker-19: Download sources and javadoc] INFO  o.e.m.c.i.e.AbstractTransferListenerAdapter - Downloaded https://repo.maven.apache.org/maven2/jakarta/persistence/jakarta.persistence-api/3.2.0/jakarta.persistence-api-3.2.0-sources.jar
2026-03-07 14:18:48,952 [Worker-19: Download sources and javadoc] INFO  o.e.m.j.internal.DownloadSourcesJob - Downloaded sources for jakarta.persistence:jakarta.persistence-api:3.2.0
2026-03-07 14:18:49,022 [Worker-19: Download sources and javadoc] INFO  o.e.m.c.i.e.AbstractTransferListenerAdapter - Downloading https://repo.maven.apache.org/maven2/org/hibernate/orm/hibernate-core/7.2.4.Final/hibernate-core-7.2.4.Final-sources.jar
2026-03-07 14:18:50,124 [Worker-19: Download sources and javadoc] INFO  o.e.m.c.i.e.AbstractTransferListenerAdapter - Downloaded https://repo.maven.apache.org/maven2/org/hibernate/orm/hibernate-core/7.2.4.Final/hibernate-core-7.2.4.Final-sources.jar
2026-03-07 14:18:50,133 [Worker-19: Download sources and javadoc] INFO  o.e.m.j.internal.DownloadSourcesJob - Downloaded sources for org.hibernate.orm:hibernate-core:7.2.4.Final
2026-03-07 14:18:50,216 [Worker-19: Download sources and javadoc] INFO  o.e.m.c.i.e.AbstractTransferListenerAdapter - Downloading https://repo.maven.apache.org/maven2/org/jboss/logging/jboss-logging/3.6.2.Final/jboss-logging-3.6.2.Final-sources.jar
2026-03-07 14:18:51,057 [Worker-19: Download sources and javadoc] INFO  o.e.m.c.i.e.AbstractTransferListenerAdapter - Downloaded https://repo.maven.apache.org/maven2/org/jboss/logging/jboss-logging/3.6.2.Final/jboss-logging-3.6.2.Final-sources.jar
2026-03-07 14:18:51,061 [Worker-19: Download sources and javadoc] INFO  o.e.m.j.internal.DownloadSourcesJob - Downloaded sources for org.jboss.logging:jboss-logging:3.6.2.Final
2026-03-07 14:18:51,133 [Worker-19: Download sources and javadoc] INFO  o.e.m.c.i.e.AbstractTransferListenerAdapter - Downloading https://repo.maven.apache.org/maven2/org/hibernate/models/hibernate-models/1.0.1/hibernate-models-1.0.1-sources.jar
2026-03-07 14:18:51,201 [Worker-19: Download sources and javadoc] INFO  o.e.m.c.i.e.AbstractTransferListenerAdapter - Downloaded https://repo.maven.apache.org/maven2/org/hibernate/models/hibernate-models/1.0.1/hibernate-models-1.0.1-sources.jar
2026-03-07 14:18:51,208 [Worker-19: Download sources and javadoc] INFO  o.e.m.j.internal.DownloadSourcesJob - Downloaded sources for org.hibernate.models:hibernate-models:1.0.1
2026-03-07 14:18:51,306 [Worker-19: Download sources and javadoc] INFO  o.e.m.c.i.e.AbstractTransferListenerAdapter - Downloading https://repo.maven.apache.org/maven2/com/fasterxml/classmate/1.7.3/classmate-1.7.3-sources.jar
2026-03-07 14:18:51,345 [Worker-19: Download sources and javadoc] INFO  o.e.m.c.i.e.AbstractTransferListenerAdapter - Downloaded https://repo.maven.apache.org/maven2/com/fasterxml/classmate/1.7.3/classmate-1.7.3-sources.jar
2026-03-07 14:18:51,349 [Worker-19: Download sources and javadoc] INFO  o.e.m.j.internal.DownloadSourcesJob - Downloaded sources for com.fasterxml:classmate:1.7.3
2026-03-07 14:18:51,419 [Worker-19: Download sources and javadoc] INFO  o.e.m.c.i.e.AbstractTransferListenerAdapter - Downloading https://repo.maven.apache.org/maven2/org/springframework/spring-orm/7.0.5/spring-orm-7.0.5-sources.jar
2026-03-07 14:18:51,485 [Worker-19: Download sources and javadoc] INFO  o.e.m.c.i.e.AbstractTransferListenerAdapter - Downloaded https://repo.maven.apache.org/maven2/org/springframework/spring-orm/7.0.5/spring-orm-7.0.5-sources.jar
2026-03-07 14:18:51,491 [Worker-19: Download sources and javadoc] INFO  o.e.m.j.internal.DownloadSourcesJob - Downloaded sources for org.springframework:spring-orm:7.0.5
2026-03-07 14:18:51,561 [Worker-19: Download sources and javadoc] INFO  o.e.m.c.i.e.AbstractTransferListenerAdapter - Downloading https://repo.maven.apache.org/maven2/org/springframework/data/spring-data-jpa/4.0.3/spring-data-jpa-4.0.3-sources.jar
2026-03-07 14:18:51,748 [Worker-19: Download sources and javadoc] INFO  o.e.m.c.i.e.AbstractTransferListenerAdapter - Downloaded https://repo.maven.apache.org/maven2/org/springframework/data/spring-data-jpa/4.0.3/spring-data-jpa-4.0.3-sources.jar
2026-03-07 14:18:51,753 [Worker-19: Download sources and javadoc] INFO  o.e.m.j.internal.DownloadSourcesJob - Downloaded sources for org.springframework.data:spring-data-jpa:4.0.3
2026-03-07 14:18:51,826 [Worker-19: Download sources and javadoc] INFO  o.e.m.c.i.e.AbstractTransferListenerAdapter - Downloading https://repo.maven.apache.org/maven2/org/springframework/spring-tx/7.0.5/spring-tx-7.0.5-sources.jar
2026-03-07 14:18:51,933 [Worker-19: Download sources and javadoc] INFO  o.e.m.c.i.e.AbstractTransferListenerAdapter - Downloaded https://repo.maven.apache.org/maven2/org/springframework/spring-tx/7.0.5/spring-tx-7.0.5-sources.jar
2026-03-07 14:18:51,937 [Worker-19: Download sources and javadoc] INFO  o.e.m.j.internal.DownloadSourcesJob - Downloaded sources for org.springframework:spring-tx:7.0.5
2026-03-07 14:18:52,002 [Worker-19: Download sources and javadoc] INFO  o.e.m.c.i.e.AbstractTransferListenerAdapter - Downloading https://repo.maven.apache.org/maven2/org/antlr/antlr4-runtime/4.13.2/antlr4-runtime-4.13.2-sources.jar
2026-03-07 14:18:52,120 [Worker-19: Download sources and javadoc] INFO  o.e.m.c.i.e.AbstractTransferListenerAdapter - Downloaded https://repo.maven.apache.org/maven2/org/antlr/antlr4-runtime/4.13.2/antlr4-runtime-4.13.2-sources.jar
2026-03-07 14:18:52,126 [Worker-19: Download sources and javadoc] INFO  o.e.m.j.internal.DownloadSourcesJob - Downloaded sources for org.antlr:antlr4-runtime:4.13.2
2026-03-07 14:18:52,198 [Worker-19: Download sources and javadoc] INFO  o.e.m.c.i.e.AbstractTransferListenerAdapter - Downloading https://repo.maven.apache.org/maven2/org/springframework/spring-aspects/7.0.5/spring-aspects-7.0.5-sources.jar
2026-03-07 14:18:52,837 [Worker-19: Download sources and javadoc] INFO  o.e.m.c.i.e.AbstractTransferListenerAdapter - Downloaded https://repo.maven.apache.org/maven2/org/springframework/spring-aspects/7.0.5/spring-aspects-7.0.5-sources.jar
2026-03-07 14:18:52,842 [Worker-19: Download sources and javadoc] INFO  o.e.m.j.internal.DownloadSourcesJob - Downloaded sources for org.springframework:spring-aspects:7.0.5
2026-03-07 14:18:52,909 [Worker-19: Download sources and javadoc] INFO  o.e.m.c.i.e.AbstractTransferListenerAdapter - Downloading https://repo.maven.apache.org/maven2/org/aspectj/aspectjweaver/1.9.25.1/aspectjweaver-1.9.25.1-sources.jar
2026-03-07 14:18:53,210 [Worker-19: Download sources and javadoc] INFO  o.e.m.c.i.e.AbstractTransferListenerAdapter - Downloaded https://repo.maven.apache.org/maven2/org/aspectj/aspectjweaver/1.9.25.1/aspectjweaver-1.9.25.1-sources.jar
2026-03-07 14:18:53,215 [Worker-19: Download sources and javadoc] INFO  o.e.m.j.internal.DownloadSourcesJob - Downloaded sources for org.aspectj:aspectjweaver:1.9.25.1
2026-03-07 14:18:53,294 [Worker-19: Download sources and javadoc] INFO  o.e.m.c.i.e.AbstractTransferListenerAdapter - Downloading https://repo.maven.apache.org/maven2/org/springframework/boot/spring-boot-jdbc/4.0.3/spring-boot-jdbc-4.0.3-sources.jar
2026-03-07 14:18:53,369 [Worker-19: Download sources and javadoc] INFO  o.e.m.c.i.e.AbstractTransferListenerAdapter - Downloaded https://repo.maven.apache.org/maven2/org/springframework/boot/spring-boot-jdbc/4.0.3/spring-boot-jdbc-4.0.3-sources.jar
2026-03-07 14:18:53,376 [Worker-19: Download sources and javadoc] INFO  o.e.m.j.internal.DownloadSourcesJob - Downloaded sources for org.springframework.boot:spring-boot-jdbc:4.0.3
2026-03-07 14:18:53,461 [Worker-19: Download sources and javadoc] INFO  o.e.m.c.i.e.AbstractTransferListenerAdapter - Downloading https://repo.maven.apache.org/maven2/org/springframework/boot/spring-boot-sql/4.0.3/spring-boot-sql-4.0.3-sources.jar
2026-03-07 14:18:54,052 [Worker-19: Download sources and javadoc] INFO  o.e.m.c.i.e.AbstractTransferListenerAdapter - Downloaded https://repo.maven.apache.org/maven2/org/springframework/boot/spring-boot-sql/4.0.3/spring-boot-sql-4.0.3-sources.jar
2026-03-07 14:18:54,059 [Worker-19: Download sources and javadoc] INFO  o.e.m.j.internal.DownloadSourcesJob - Downloaded sources for org.springframework.boot:spring-boot-sql:4.0.3
2026-03-07 14:18:54,133 [Worker-19: Download sources and javadoc] INFO  o.e.m.c.i.e.AbstractTransferListenerAdapter - Downloading https://repo.maven.apache.org/maven2/org/springframework/boot/spring-boot-transaction/4.0.3/spring-boot-transaction-4.0.3-sources.jar
2026-03-07 14:18:54,446 [Worker-19: Download sources and javadoc] INFO  o.e.m.c.i.e.AbstractTransferListenerAdapter - Downloaded https://repo.maven.apache.org/maven2/org/springframework/boot/spring-boot-transaction/4.0.3/spring-boot-transaction-4.0.3-sources.jar
2026-03-07 14:18:54,450 [Worker-19: Download sources and javadoc] INFO  o.e.m.j.internal.DownloadSourcesJob - Downloaded sources for org.springframework.boot:spring-boot-transaction:4.0.3
2026-03-07 14:18:54,540 [Worker-19: Download sources and javadoc] INFO  o.e.m.c.i.e.AbstractTransferListenerAdapter - Downloading https://repo.maven.apache.org/maven2/org/springframework/spring-jdbc/7.0.5/spring-jdbc-7.0.5-sources.jar
2026-03-07 14:18:54,682 [Worker-19: Download sources and javadoc] INFO  o.e.m.c.i.e.AbstractTransferListenerAdapter - Downloaded https://repo.maven.apache.org/maven2/org/springframework/spring-jdbc/7.0.5/spring-jdbc-7.0.5-sources.jar
2026-03-07 14:18:54,688 [Worker-19: Download sources and javadoc] INFO  o.e.m.j.internal.DownloadSourcesJob - Downloaded sources for org.springframework:spring-jdbc:7.0.5
2026-03-07 14:18:54,767 [Worker-19: Download sources and javadoc] INFO  o.e.m.c.i.e.AbstractTransferListenerAdapter - Downloading https://repo.maven.apache.org/maven2/com/h2database/h2/2.4.240/h2-2.4.240-sources.jar
2026-03-07 14:18:55,134 [Worker-19: Download sources and javadoc] INFO  o.e.m.c.i.e.AbstractTransferListenerAdapter - Downloaded https://repo.maven.apache.org/maven2/com/h2database/h2/2.4.240/h2-2.4.240-sources.jar
2026-03-07 14:18:55,138 [Worker-19: Download sources and javadoc] INFO  o.e.m.j.internal.DownloadSourcesJob - Downloaded sources for com.h2database:h2:2.4.240
2026-03-07 14:19:12,566 [Worker-19: Updating Maven Project] INFO  o.e.m.c.i.p.ProjectConfigurationManager - Update started
2026-03-07 14:19:13,020 [Worker-19: Updating Maven Project] INFO  o.e.m.c.i.l.LifecycleMappingFactory - Using org.eclipse.m2e.jdt.JarLifecycleMapping lifecycle mapping for MavenProject: com.restaurantes:restaurantes:0.0.1-SNAPSHOT @ C:\Users\user\Documents\Juan PC guillermo SpringAngularAWS\WORKSPACES\workspacegRPC\restaurantes\pom.xml.
2026-03-07 14:19:13,668 [Worker-19: Updating Maven Project] INFO  o.e.m.j.i.AbstractJavaProjectConfigurator - Adding source folder /restaurantes/src/main/java
2026-03-07 14:19:13,669 [Worker-19: Updating Maven Project] INFO  o.e.m.j.i.AbstractJavaProjectConfigurator - Adding resource folder /restaurantes/src/main/resources
2026-03-07 14:19:13,670 [Worker-19: Updating Maven Project] INFO  o.e.m.j.i.AbstractJavaProjectConfigurator - Adding resource folder /restaurantes/src/main/resources
2026-03-07 14:19:13,670 [Worker-19: Updating Maven Project] INFO  o.e.m.j.i.AbstractJavaProjectConfigurator - Adding source folder /restaurantes/src/test/java
2026-03-07 14:19:13,671 [Worker-19: Updating Maven Project] INFO  o.e.m.j.i.AbstractJavaProjectConfigurator - Adding resource folder /restaurantes/src/test/resources
2026-03-07 14:19:14,071 [Worker-19: Updating Maven Project] INFO  o.e.m.c.i.p.ProjectConfigurationManager - Update completed for 1 poms: local refresh takes 0,00 sec, refresh facades takes 1,00 sec, update config takes 0,00 sec 
2026-03-07 14:19:14,791 [Worker-1: Building] INFO  o.a.m.s.f.DefaultMavenResourcesFiltering - Copying 1 resource from src\main\resources to target\classes
2026-03-07 14:19:14,835 [Worker-1: Building] INFO  o.a.m.s.f.DefaultMavenResourcesFiltering - Copying 0 resource from src\main\resources to target\classes
2026-03-07 14:19:14,843 [Worker-1: Building] INFO  o.a.m.s.f.DefaultMavenResourcesFiltering - skip non existing resourceDirectory C:\Users\user\Documents\Juan PC guillermo SpringAngularAWS\WORKSPACES\workspacegRPC\restaurantes\src\test\resources
2026-03-07 14:19:23,850 [Worker-22: Launching Executing clean in C__Users_user_Documents_Juan PC guillermo SpringAngularAWS_WORKSPACES_workspacegRPC_restaurantes] INFO  o.eclipse.m2e.core.internal.Bundles - getClasspathEntries(Bundle=org.eclipse.m2e.maven.runtime_3.9.900.20240824-1409 [300])
2026-03-07 14:19:23,855 [Worker-22: Launching Executing clean in C__Users_user_Documents_Juan PC guillermo SpringAngularAWS_WORKSPACES_workspacegRPC_restaurantes] INFO  o.eclipse.m2e.core.internal.Bundles - 	Entry: C:\Users\user\.p2\pool\plugins\org.eclipse.m2e.maven.runtime_3.9.900.20240824-1409
2026-03-07 14:19:23,855 [Worker-22: Launching Executing clean in C__Users_user_Documents_Juan PC guillermo SpringAngularAWS_WORKSPACES_workspacegRPC_restaurantes] INFO  o.eclipse.m2e.core.internal.Bundles - 	Entry: C:\Users\user\.p2\pool\plugins\org.eclipse.m2e.maven.runtime_3.9.900.20240824-1409\jars\aopalliance-1.0.jar
2026-03-07 14:19:23,855 [Worker-22: Launching Executing clean in C__Users_user_Documents_Juan PC guillermo SpringAngularAWS_WORKSPACES_workspacegRPC_restaurantes] INFO  o.eclipse.m2e.core.internal.Bundles - 	Entry: C:\Users\user\.p2\pool\plugins\org.eclipse.m2e.maven.runtime_3.9.900.20240824-1409\jars\guice-5.1.0.jar
2026-03-07 14:19:23,855 [Worker-22: Launching Executing clean in C__Users_user_Documents_Juan PC guillermo SpringAngularAWS_WORKSPACES_workspacegRPC_restaurantes] INFO  o.eclipse.m2e.core.internal.Bundles - 	Entry: C:\Users\user\.p2\pool\plugins\org.eclipse.m2e.maven.runtime_3.9.900.20240824-1409\jars\httpclient-4.5.14.jar
2026-03-07 14:19:23,855 [Worker-22: Launching Executing clean in C__Users_user_Documents_Juan PC guillermo SpringAngularAWS_WORKSPACES_workspacegRPC_restaurantes] INFO  o.eclipse.m2e.core.internal.Bundles - 	Entry: C:\Users\user\.p2\pool\plugins\org.eclipse.m2e.maven.runtime_3.9.900.20240824-1409\jars\httpcore-4.4.16.jar
2026-03-07 14:19:23,856 [Worker-22: Launching Executing clean in C__Users_user_Documents_Juan PC guillermo SpringAngularAWS_WORKSPACES_workspacegRPC_restaurantes] INFO  o.eclipse.m2e.core.internal.Bundles - 	Entry: C:\Users\user\.p2\pool\plugins\org.eclipse.m2e.maven.runtime_3.9.900.20240824-1409\jars\jansi-2.4.1.jar
2026-03-07 14:19:23,856 [Worker-22: Launching Executing clean in C__Users_user_Documents_Juan PC guillermo SpringAngularAWS_WORKSPACES_workspacegRPC_restaurantes] INFO  o.eclipse.m2e.core.internal.Bundles - 	Entry: C:\Users\user\.p2\pool\plugins\org.eclipse.m2e.maven.runtime_3.9.900.20240824-1409\jars\jcl-over-slf4j-1.7.36.jar
2026-03-07 14:19:23,856 [Worker-22: Launching Executing clean in C__Users_user_Documents_Juan PC guillermo SpringAngularAWS_WORKSPACES_workspacegRPC_restaurantes] INFO  o.eclipse.m2e.core.internal.Bundles - 	Entry: C:\Users\user\.p2\pool\plugins\org.eclipse.m2e.maven.runtime_3.9.900.20240824-1409\jars\maven-artifact-3.9.9.jar
2026-03-07 14:19:23,856 [Worker-22: Launching Executing clean in C__Users_user_Documents_Juan PC guillermo SpringAngularAWS_WORKSPACES_workspacegRPC_restaurantes] INFO  o.eclipse.m2e.core.internal.Bundles - 	Entry: C:\Users\user\.p2\pool\plugins\org.eclipse.m2e.maven.runtime_3.9.900.20240824-1409\jars\maven-builder-support-3.9.9.jar
2026-03-07 14:19:23,856 [Worker-22: Launching Executing clean in C__Users_user_Documents_Juan PC guillermo SpringAngularAWS_WORKSPACES_workspacegRPC_restaurantes] INFO  o.eclipse.m2e.core.internal.Bundles - 	Entry: C:\Users\user\.p2\pool\plugins\org.eclipse.m2e.maven.runtime_3.9.900.20240824-1409\jars\maven-compat-3.9.9.jar
2026-03-07 14:19:23,856 [Worker-22: Launching Executing clean in C__Users_user_Documents_Juan PC guillermo SpringAngularAWS_WORKSPACES_workspacegRPC_restaurantes] INFO  o.eclipse.m2e.core.internal.Bundles - 	Entry: C:\Users\user\.p2\pool\plugins\org.eclipse.m2e.maven.runtime_3.9.900.20240824-1409\jars\maven-core-3.9.9.jar
2026-03-07 14:19:23,856 [Worker-22: Launching Executing clean in C__Users_user_Documents_Juan PC guillermo SpringAngularAWS_WORKSPACES_workspacegRPC_restaurantes] INFO  o.eclipse.m2e.core.internal.Bundles - 	Entry: C:\Users\user\.p2\pool\plugins\org.eclipse.m2e.maven.runtime_3.9.900.20240824-1409\jars\maven-embedder-3.9.9.jar
2026-03-07 14:19:23,856 [Worker-22: Launching Executing clean in C__Users_user_Documents_Juan PC guillermo SpringAngularAWS_WORKSPACES_workspacegRPC_restaurantes] INFO  o.eclipse.m2e.core.internal.Bundles - 	Entry: C:\Users\user\.p2\pool\plugins\org.eclipse.m2e.maven.runtime_3.9.900.20240824-1409\jars\maven-model-3.9.9.jar
2026-03-07 14:19:23,856 [Worker-22: Launching Executing clean in C__Users_user_Documents_Juan PC guillermo SpringAngularAWS_WORKSPACES_workspacegRPC_restaurantes] INFO  o.eclipse.m2e.core.internal.Bundles - 	Entry: C:\Users\user\.p2\pool\plugins\org.eclipse.m2e.maven.runtime_3.9.900.20240824-1409\jars\maven-model-builder-3.9.9.jar
2026-03-07 14:19:23,857 [Worker-22: Launching Executing clean in C__Users_user_Documents_Juan PC guillermo SpringAngularAWS_WORKSPACES_workspacegRPC_restaurantes] INFO  o.eclipse.m2e.core.internal.Bundles - 	Entry: C:\Users\user\.p2\pool\plugins\org.eclipse.m2e.maven.runtime_3.9.900.20240824-1409\jars\maven-plugin-api-3.9.9.jar
2026-03-07 14:19:23,857 [Worker-22: Launching Executing clean in C__Users_user_Documents_Juan PC guillermo SpringAngularAWS_WORKSPACES_workspacegRPC_restaurantes] INFO  o.eclipse.m2e.core.internal.Bundles - 	Entry: C:\Users\user\.p2\pool\plugins\org.eclipse.m2e.maven.runtime_3.9.900.20240824-1409\jars\maven-repository-metadata-3.9.9.jar
2026-03-07 14:19:23,857 [Worker-22: Launching Executing clean in C__Users_user_Documents_Juan PC guillermo SpringAngularAWS_WORKSPACES_workspacegRPC_restaurantes] INFO  o.eclipse.m2e.core.internal.Bundles - 	Entry: C:\Users\user\.p2\pool\plugins\org.eclipse.m2e.maven.runtime_3.9.900.20240824-1409\jars\maven-resolver-api-1.9.22.jar
2026-03-07 14:19:23,857 [Worker-22: Launching Executing clean in C__Users_user_Documents_Juan PC guillermo SpringAngularAWS_WORKSPACES_workspacegRPC_restaurantes] INFO  o.eclipse.m2e.core.internal.Bundles - 	Entry: C:\Users\user\.p2\pool\plugins\org.eclipse.m2e.maven.runtime_3.9.900.20240824-1409\jars\maven-resolver-connector-basic-1.9.22.jar
2026-03-07 14:19:23,857 [Worker-22: Launching Executing clean in C__Users_user_Documents_Juan PC guillermo SpringAngularAWS_WORKSPACES_workspacegRPC_restaurantes] INFO  o.eclipse.m2e.core.internal.Bundles - 	Entry: C:\Users\user\.p2\pool\plugins\org.eclipse.m2e.maven.runtime_3.9.900.20240824-1409\jars\maven-resolver-impl-1.9.22.jar
2026-03-07 14:19:23,857 [Worker-22: Launching Executing clean in C__Users_user_Documents_Juan PC guillermo SpringAngularAWS_WORKSPACES_workspacegRPC_restaurantes] INFO  o.eclipse.m2e.core.internal.Bundles - 	Entry: C:\Users\user\.p2\pool\plugins\org.eclipse.m2e.maven.runtime_3.9.900.20240824-1409\jars\maven-resolver-named-locks-1.9.22.jar
2026-03-07 14:19:23,857 [Worker-22: Launching Executing clean in C__Users_user_Documents_Juan PC guillermo SpringAngularAWS_WORKSPACES_workspacegRPC_restaurantes] INFO  o.eclipse.m2e.core.internal.Bundles - 	Entry: C:\Users\user\.p2\pool\plugins\org.eclipse.m2e.maven.runtime_3.9.900.20240824-1409\jars\maven-resolver-provider-3.9.9.jar
2026-03-07 14:19:23,858 [Worker-22: Launching Executing clean in C__Users_user_Documents_Juan PC guillermo SpringAngularAWS_WORKSPACES_workspacegRPC_restaurantes] INFO  o.eclipse.m2e.core.internal.Bundles - 	Entry: C:\Users\user\.p2\pool\plugins\org.eclipse.m2e.maven.runtime_3.9.900.20240824-1409\jars\maven-resolver-spi-1.9.22.jar
2026-03-07 14:19:23,858 [Worker-22: Launching Executing clean in C__Users_user_Documents_Juan PC guillermo SpringAngularAWS_WORKSPACES_workspacegRPC_restaurantes] INFO  o.eclipse.m2e.core.internal.Bundles - 	Entry: C:\Users\user\.p2\pool\plugins\org.eclipse.m2e.maven.runtime_3.9.900.20240824-1409\jars\maven-resolver-transport-file-1.9.22.jar
2026-03-07 14:19:23,858 [Worker-22: Launching Executing clean in C__Users_user_Documents_Juan PC guillermo SpringAngularAWS_WORKSPACES_workspacegRPC_restaurantes] INFO  o.eclipse.m2e.core.internal.Bundles - 	Entry: C:\Users\user\.p2\pool\plugins\org.eclipse.m2e.maven.runtime_3.9.900.20240824-1409\jars\maven-resolver-transport-http-1.9.22.jar
2026-03-07 14:19:23,858 [Worker-22: Launching Executing clean in C__Users_user_Documents_Juan PC guillermo SpringAngularAWS_WORKSPACES_workspacegRPC_restaurantes] INFO  o.eclipse.m2e.core.internal.Bundles - 	Entry: C:\Users\user\.p2\pool\plugins\org.eclipse.m2e.maven.runtime_3.9.900.20240824-1409\jars\maven-resolver-transport-wagon-1.9.22.jar
2026-03-07 14:19:23,858 [Worker-22: Launching Executing clean in C__Users_user_Documents_Juan PC guillermo SpringAngularAWS_WORKSPACES_workspacegRPC_restaurantes] INFO  o.eclipse.m2e.core.internal.Bundles - 	Entry: C:\Users\user\.p2\pool\plugins\org.eclipse.m2e.maven.runtime_3.9.900.20240824-1409\jars\maven-resolver-util-1.9.22.jar
2026-03-07 14:19:23,858 [Worker-22: Launching Executing clean in C__Users_user_Documents_Juan PC guillermo SpringAngularAWS_WORKSPACES_workspacegRPC_restaurantes] INFO  o.eclipse.m2e.core.internal.Bundles - 	Entry: C:\Users\user\.p2\pool\plugins\org.eclipse.m2e.maven.runtime_3.9.900.20240824-1409\jars\maven-settings-3.9.9.jar
2026-03-07 14:19:23,859 [Worker-22: Launching Executing clean in C__Users_user_Documents_Juan PC guillermo SpringAngularAWS_WORKSPACES_workspacegRPC_restaurantes] INFO  o.eclipse.m2e.core.internal.Bundles - 	Entry: C:\Users\user\.p2\pool\plugins\org.eclipse.m2e.maven.runtime_3.9.900.20240824-1409\jars\maven-settings-builder-3.9.9.jar
2026-03-07 14:19:23,859 [Worker-22: Launching Executing clean in C__Users_user_Documents_Juan PC guillermo SpringAngularAWS_WORKSPACES_workspacegRPC_restaurantes] INFO  o.eclipse.m2e.core.internal.Bundles - 	Entry: C:\Users\user\.p2\pool\plugins\org.eclipse.m2e.maven.runtime_3.9.900.20240824-1409\jars\maven-shared-utils-3.4.2.jar
2026-03-07 14:19:23,859 [Worker-22: Launching Executing clean in C__Users_user_Documents_Juan PC guillermo SpringAngularAWS_WORKSPACES_workspacegRPC_restaurantes] INFO  o.eclipse.m2e.core.internal.Bundles - 	Entry: C:\Users\user\.p2\pool\plugins\org.eclipse.m2e.maven.runtime_3.9.900.20240824-1409\jars\org.eclipse.sisu.inject-0.9.0.M3.jar
2026-03-07 14:19:23,859 [Worker-22: Launching Executing clean in C__Users_user_Documents_Juan PC guillermo SpringAngularAWS_WORKSPACES_workspacegRPC_restaurantes] INFO  o.eclipse.m2e.core.internal.Bundles - 	Entry: C:\Users\user\.p2\pool\plugins\org.eclipse.m2e.maven.runtime_3.9.900.20240824-1409\jars\org.eclipse.sisu.plexus-0.9.0.M3.jar
2026-03-07 14:19:23,859 [Worker-22: Launching Executing clean in C__Users_user_Documents_Juan PC guillermo SpringAngularAWS_WORKSPACES_workspacegRPC_restaurantes] INFO  o.eclipse.m2e.core.internal.Bundles - 	Entry: C:\Users\user\.p2\pool\plugins\org.eclipse.m2e.maven.runtime_3.9.900.20240824-1409\jars\plexus-build-api-0.0.7.jar
2026-03-07 14:19:23,859 [Worker-22: Launching Executing clean in C__Users_user_Documents_Juan PC guillermo SpringAngularAWS_WORKSPACES_workspacegRPC_restaurantes] INFO  o.eclipse.m2e.core.internal.Bundles - 	Entry: C:\Users\user\.p2\pool\plugins\org.eclipse.m2e.maven.runtime_3.9.900.20240824-1409\jars\plexus-build-api-1.2.0.jar
2026-03-07 14:19:23,859 [Worker-22: Launching Executing clean in C__Users_user_Documents_Juan PC guillermo SpringAngularAWS_WORKSPACES_workspacegRPC_restaurantes] INFO  o.eclipse.m2e.core.internal.Bundles - 	Entry: C:\Users\user\.p2\pool\plugins\org.eclipse.m2e.maven.runtime_3.9.900.20240824-1409\jars\plexus-cipher-2.0.jar
2026-03-07 14:19:23,859 [Worker-22: Launching Executing clean in C__Users_user_Documents_Juan PC guillermo SpringAngularAWS_WORKSPACES_workspacegRPC_restaurantes] INFO  o.eclipse.m2e.core.internal.Bundles - 	Entry: C:\Users\user\.p2\pool\plugins\org.eclipse.m2e.maven.runtime_3.9.900.20240824-1409\jars\plexus-classworlds-2.8.0.jar
2026-03-07 14:19:23,859 [Worker-22: Launching Executing clean in C__Users_user_Documents_Juan PC guillermo SpringAngularAWS_WORKSPACES_workspacegRPC_restaurantes] INFO  o.eclipse.m2e.core.internal.Bundles - 	Entry: C:\Users\user\.p2\pool\plugins\org.eclipse.m2e.maven.runtime_3.9.900.20240824-1409\jars\plexus-component-annotations-2.1.0.jar
2026-03-07 14:19:23,859 [Worker-22: Launching Executing clean in C__Users_user_Documents_Juan PC guillermo SpringAngularAWS_WORKSPACES_workspacegRPC_restaurantes] INFO  o.eclipse.m2e.core.internal.Bundles - 	Entry: C:\Users\user\.p2\pool\plugins\org.eclipse.m2e.maven.runtime_3.9.900.20240824-1409\jars\plexus-interpolation-1.27.jar
2026-03-07 14:19:23,859 [Worker-22: Launching Executing clean in C__Users_user_Documents_Juan PC guillermo SpringAngularAWS_WORKSPACES_workspacegRPC_restaurantes] INFO  o.eclipse.m2e.core.internal.Bundles - 	Entry: C:\Users\user\.p2\pool\plugins\org.eclipse.m2e.maven.runtime_3.9.900.20240824-1409\jars\plexus-sec-dispatcher-2.0.jar
2026-03-07 14:19:23,861 [Worker-22: Launching Executing clean in C__Users_user_Documents_Juan PC guillermo SpringAngularAWS_WORKSPACES_workspacegRPC_restaurantes] INFO  o.eclipse.m2e.core.internal.Bundles - 	Entry: C:\Users\user\.p2\pool\plugins\org.eclipse.m2e.maven.runtime_3.9.900.20240824-1409\jars\plexus-utils-3.5.1.jar
2026-03-07 14:19:23,861 [Worker-22: Launching Executing clean in C__Users_user_Documents_Juan PC guillermo SpringAngularAWS_WORKSPACES_workspacegRPC_restaurantes] INFO  o.eclipse.m2e.core.internal.Bundles - 	Entry: C:\Users\user\.p2\pool\plugins\org.eclipse.m2e.maven.runtime_3.9.900.20240824-1409\jars\plexus-xml-3.0.1.jar
2026-03-07 14:19:23,861 [Worker-22: Launching Executing clean in C__Users_user_Documents_Juan PC guillermo SpringAngularAWS_WORKSPACES_workspacegRPC_restaurantes] INFO  o.eclipse.m2e.core.internal.Bundles - 	Entry: C:\Users\user\.p2\pool\plugins\org.eclipse.m2e.maven.runtime_3.9.900.20240824-1409\jars\wagon-file-3.5.3.jar
2026-03-07 14:19:23,861 [Worker-22: Launching Executing clean in C__Users_user_Documents_Juan PC guillermo SpringAngularAWS_WORKSPACES_workspacegRPC_restaurantes] INFO  o.eclipse.m2e.core.internal.Bundles - 	Entry: C:\Users\user\.p2\pool\plugins\org.eclipse.m2e.maven.runtime_3.9.900.20240824-1409\jars\wagon-http-3.5.3.jar
2026-03-07 14:19:23,861 [Worker-22: Launching Executing clean in C__Users_user_Documents_Juan PC guillermo SpringAngularAWS_WORKSPACES_workspacegRPC_restaurantes] INFO  o.eclipse.m2e.core.internal.Bundles - 	Entry: C:\Users\user\.p2\pool\plugins\org.eclipse.m2e.maven.runtime_3.9.900.20240824-1409\jars\wagon-http-shared-3.5.3.jar
2026-03-07 14:19:23,861 [Worker-22: Launching Executing clean in C__Users_user_Documents_Juan PC guillermo SpringAngularAWS_WORKSPACES_workspacegRPC_restaurantes] INFO  o.eclipse.m2e.core.internal.Bundles - 	Entry: C:\Users\user\.p2\pool\plugins\org.eclipse.m2e.maven.runtime_3.9.900.20240824-1409\jars\wagon-provider-api-3.5.3.jar
2026-03-07 14:19:23,866 [Worker-22: Launching Executing clean in C__Users_user_Documents_Juan PC guillermo SpringAngularAWS_WORKSPACES_workspacegRPC_restaurantes] INFO  o.eclipse.m2e.core.internal.Bundles - getClasspathEntries(Bundle=com.google.guava_33.4.0.jre [544])
2026-03-07 14:19:23,867 [Worker-22: Launching Executing clean in C__Users_user_Documents_Juan PC guillermo SpringAngularAWS_WORKSPACES_workspacegRPC_restaurantes] INFO  o.eclipse.m2e.core.internal.Bundles - 	Entry: C:\Users\user\.p2\pool\plugins\com.google.guava_33.4.0.jre.jar
2026-03-07 14:19:23,867 [Worker-22: Launching Executing clean in C__Users_user_Documents_Juan PC guillermo SpringAngularAWS_WORKSPACES_workspacegRPC_restaurantes] INFO  o.eclipse.m2e.core.internal.Bundles - getClasspathEntries(Bundle=slf4j.api_2.0.17 [609])
2026-03-07 14:19:23,867 [Worker-22: Launching Executing clean in C__Users_user_Documents_Juan PC guillermo SpringAngularAWS_WORKSPACES_workspacegRPC_restaurantes] INFO  o.eclipse.m2e.core.internal.Bundles - 	Entry: C:\Users\user\.p2\pool\plugins\slf4j.api_2.0.17.jar
2026-03-07 14:19:23,868 [Worker-22: Launching Executing clean in C__Users_user_Documents_Juan PC guillermo SpringAngularAWS_WORKSPACES_workspacegRPC_restaurantes] INFO  o.eclipse.m2e.core.internal.Bundles - getClasspathEntries(Bundle=jakarta.inject.jakarta.inject-api_1.0.5 [22])
2026-03-07 14:19:23,868 [Worker-22: Launching Executing clean in C__Users_user_Documents_Juan PC guillermo SpringAngularAWS_WORKSPACES_workspacegRPC_restaurantes] INFO  o.eclipse.m2e.core.internal.Bundles - 	Entry: C:\Users\user\.p2\pool\plugins\jakarta.inject.jakarta.inject-api_1.0.5.jar
2026-03-07 14:19:23,868 [Worker-22: Launching Executing clean in C__Users_user_Documents_Juan PC guillermo SpringAngularAWS_WORKSPACES_workspacegRPC_restaurantes] INFO  o.eclipse.m2e.core.internal.Bundles - getClasspathEntries(Bundle=javax.annotation_1.3.5.v20200909-1856 [552])
2026-03-07 14:19:23,868 [Worker-22: Launching Executing clean in C__Users_user_Documents_Juan PC guillermo SpringAngularAWS_WORKSPACES_workspacegRPC_restaurantes] INFO  o.eclipse.m2e.core.internal.Bundles - 	Entry: C:\Users\user\.p2\pool\plugins\javax.annotation_1.3.5.v20200909-1856.jar
2026-03-07 14:19:23,868 [Worker-22: Launching Executing clean in C__Users_user_Documents_Juan PC guillermo SpringAngularAWS_WORKSPACES_workspacegRPC_restaurantes] INFO  o.eclipse.m2e.core.internal.Bundles - getClasspathEntries(Bundle=org.apache.commons.cli_1.9.0 [47])
2026-03-07 14:19:23,868 [Worker-22: Launching Executing clean in C__Users_user_Documents_Juan PC guillermo SpringAngularAWS_WORKSPACES_workspacegRPC_restaurantes] INFO  o.eclipse.m2e.core.internal.Bundles - 	Entry: C:\Users\user\.p2\pool\plugins\org.apache.commons.cli_1.9.0.jar
2026-03-07 14:19:23,868 [Worker-22: Launching Executing clean in C__Users_user_Documents_Juan PC guillermo SpringAngularAWS_WORKSPACES_workspacegRPC_restaurantes] INFO  o.eclipse.m2e.core.internal.Bundles - getClasspathEntries(Bundle=org.apache.commons.commons-codec_1.16.0 [50])
2026-03-07 14:19:23,868 [Worker-22: Launching Executing clean in C__Users_user_Documents_Juan PC guillermo SpringAngularAWS_WORKSPACES_workspacegRPC_restaurantes] INFO  o.eclipse.m2e.core.internal.Bundles - 	Entry: C:\Users\user\.p2\pool\plugins\org.apache.commons.commons-codec_1.16.0.jar
2026-03-07 14:19:23,868 [Worker-22: Launching Executing clean in C__Users_user_Documents_Juan PC guillermo SpringAngularAWS_WORKSPACES_workspacegRPC_restaurantes] INFO  o.eclipse.m2e.core.internal.Bundles - getClasspathEntries(Bundle=com.google.guava.failureaccess_1.0.2 [11])
2026-03-07 14:19:23,870 [Worker-22: Launching Executing clean in C__Users_user_Documents_Juan PC guillermo SpringAngularAWS_WORKSPACES_workspacegRPC_restaurantes] INFO  o.eclipse.m2e.core.internal.Bundles - 	Entry: C:\Users\user\.p2\pool\plugins\com.google.guava.failureaccess_1.0.2.jar
2026-03-07 14:19:23,878 [Worker-22: Launching Executing clean in C__Users_user_Documents_Juan PC guillermo SpringAngularAWS_WORKSPACES_workspacegRPC_restaurantes] INFO  o.e.m.i.launch.MavenLaunchDelegate - Run build in "C:\Users\user\Documents\Juan PC guillermo SpringAngularAWS\WORKSPACES\workspacegRPC\restaurantes":
2026-03-07 14:19:23,891 [Worker-22: Launching Executing clean in C__Users_user_Documents_Juan PC guillermo SpringAngularAWS_WORKSPACES_workspacegRPC_restaurantes] INFO  o.e.m.i.launch.MavenLaunchDelegate -  mvn  -B -Dstyle.color=always clean
2026-03-07 14:19:28,928 [Worker-22: Building] INFO  o.a.m.s.f.DefaultMavenResourcesFiltering - Copying 1 resource from src\main\resources to target\classes
2026-03-07 14:19:28,930 [Worker-22: Building] INFO  o.a.m.s.f.DefaultMavenResourcesFiltering - Copying 0 resource from src\main\resources to target\classes
2026-03-07 14:19:28,933 [Worker-22: Building] INFO  o.a.m.s.f.DefaultMavenResourcesFiltering - skip non existing resourceDirectory C:\Users\user\Documents\Juan PC guillermo SpringAngularAWS\WORKSPACES\workspacegRPC\restaurantes\src\test\resources
2026-03-07 14:19:34,621 [Worker-7: Launching Executing install in C__Users_user_Documents_Juan PC guillermo SpringAngularAWS_WORKSPACES_workspacegRPC_restaurantes] INFO  o.eclipse.m2e.core.internal.Bundles - getClasspathEntries(Bundle=org.eclipse.m2e.maven.runtime_3.9.900.20240824-1409 [300])
2026-03-07 14:19:34,622 [Worker-7: Launching Executing install in C__Users_user_Documents_Juan PC guillermo SpringAngularAWS_WORKSPACES_workspacegRPC_restaurantes] INFO  o.eclipse.m2e.core.internal.Bundles - 	Entry: C:\Users\user\.p2\pool\plugins\org.eclipse.m2e.maven.runtime_3.9.900.20240824-1409
2026-03-07 14:19:34,622 [Worker-7: Launching Executing install in C__Users_user_Documents_Juan PC guillermo SpringAngularAWS_WORKSPACES_workspacegRPC_restaurantes] INFO  o.eclipse.m2e.core.internal.Bundles - 	Entry: C:\Users\user\.p2\pool\plugins\org.eclipse.m2e.maven.runtime_3.9.900.20240824-1409\jars\aopalliance-1.0.jar
2026-03-07 14:19:34,623 [Worker-7: Launching Executing install in C__Users_user_Documents_Juan PC guillermo SpringAngularAWS_WORKSPACES_workspacegRPC_restaurantes] INFO  o.eclipse.m2e.core.internal.Bundles - 	Entry: C:\Users\user\.p2\pool\plugins\org.eclipse.m2e.maven.runtime_3.9.900.20240824-1409\jars\guice-5.1.0.jar
2026-03-07 14:19:34,623 [Worker-7: Launching Executing install in C__Users_user_Documents_Juan PC guillermo SpringAngularAWS_WORKSPACES_workspacegRPC_restaurantes] INFO  o.eclipse.m2e.core.internal.Bundles - 	Entry: C:\Users\user\.p2\pool\plugins\org.eclipse.m2e.maven.runtime_3.9.900.20240824-1409\jars\httpclient-4.5.14.jar
2026-03-07 14:19:34,623 [Worker-7: Launching Executing install in C__Users_user_Documents_Juan PC guillermo SpringAngularAWS_WORKSPACES_workspacegRPC_restaurantes] INFO  o.eclipse.m2e.core.internal.Bundles - 	Entry: C:\Users\user\.p2\pool\plugins\org.eclipse.m2e.maven.runtime_3.9.900.20240824-1409\jars\httpcore-4.4.16.jar
2026-03-07 14:19:34,623 [Worker-7: Launching Executing install in C__Users_user_Documents_Juan PC guillermo SpringAngularAWS_WORKSPACES_workspacegRPC_restaurantes] INFO  o.eclipse.m2e.core.internal.Bundles - 	Entry: C:\Users\user\.p2\pool\plugins\org.eclipse.m2e.maven.runtime_3.9.900.20240824-1409\jars\jansi-2.4.1.jar
2026-03-07 14:19:34,623 [Worker-7: Launching Executing install in C__Users_user_Documents_Juan PC guillermo SpringAngularAWS_WORKSPACES_workspacegRPC_restaurantes] INFO  o.eclipse.m2e.core.internal.Bundles - 	Entry: C:\Users\user\.p2\pool\plugins\org.eclipse.m2e.maven.runtime_3.9.900.20240824-1409\jars\jcl-over-slf4j-1.7.36.jar
2026-03-07 14:19:34,623 [Worker-7: Launching Executing install in C__Users_user_Documents_Juan PC guillermo SpringAngularAWS_WORKSPACES_workspacegRPC_restaurantes] INFO  o.eclipse.m2e.core.internal.Bundles - 	Entry: C:\Users\user\.p2\pool\plugins\org.eclipse.m2e.maven.runtime_3.9.900.20240824-1409\jars\maven-artifact-3.9.9.jar
2026-03-07 14:19:34,624 [Worker-7: Launching Executing install in C__Users_user_Documents_Juan PC guillermo SpringAngularAWS_WORKSPACES_workspacegRPC_restaurantes] INFO  o.eclipse.m2e.core.internal.Bundles - 	Entry: C:\Users\user\.p2\pool\plugins\org.eclipse.m2e.maven.runtime_3.9.900.20240824-1409\jars\maven-builder-support-3.9.9.jar
2026-03-07 14:19:34,624 [Worker-7: Launching Executing install in C__Users_user_Documents_Juan PC guillermo SpringAngularAWS_WORKSPACES_workspacegRPC_restaurantes] INFO  o.eclipse.m2e.core.internal.Bundles - 	Entry: C:\Users\user\.p2\pool\plugins\org.eclipse.m2e.maven.runtime_3.9.900.20240824-1409\jars\maven-compat-3.9.9.jar
2026-03-07 14:19:34,624 [Worker-7: Launching Executing install in C__Users_user_Documents_Juan PC guillermo SpringAngularAWS_WORKSPACES_workspacegRPC_restaurantes] INFO  o.eclipse.m2e.core.internal.Bundles - 	Entry: C:\Users\user\.p2\pool\plugins\org.eclipse.m2e.maven.runtime_3.9.900.20240824-1409\jars\maven-core-3.9.9.jar
2026-03-07 14:19:34,624 [Worker-7: Launching Executing install in C__Users_user_Documents_Juan PC guillermo SpringAngularAWS_WORKSPACES_workspacegRPC_restaurantes] INFO  o.eclipse.m2e.core.internal.Bundles - 	Entry: C:\Users\user\.p2\pool\plugins\org.eclipse.m2e.maven.runtime_3.9.900.20240824-1409\jars\maven-embedder-3.9.9.jar
2026-03-07 14:19:34,624 [Worker-7: Launching Executing install in C__Users_user_Documents_Juan PC guillermo SpringAngularAWS_WORKSPACES_workspacegRPC_restaurantes] INFO  o.eclipse.m2e.core.internal.Bundles - 	Entry: C:\Users\user\.p2\pool\plugins\org.eclipse.m2e.maven.runtime_3.9.900.20240824-1409\jars\maven-model-3.9.9.jar
2026-03-07 14:19:34,624 [Worker-7: Launching Executing install in C__Users_user_Documents_Juan PC guillermo SpringAngularAWS_WORKSPACES_workspacegRPC_restaurantes] INFO  o.eclipse.m2e.core.internal.Bundles - 	Entry: C:\Users\user\.p2\pool\plugins\org.eclipse.m2e.maven.runtime_3.9.900.20240824-1409\jars\maven-model-builder-3.9.9.jar
2026-03-07 14:19:34,624 [Worker-7: Launching Executing install in C__Users_user_Documents_Juan PC guillermo SpringAngularAWS_WORKSPACES_workspacegRPC_restaurantes] INFO  o.eclipse.m2e.core.internal.Bundles - 	Entry: C:\Users\user\.p2\pool\plugins\org.eclipse.m2e.maven.runtime_3.9.900.20240824-1409\jars\maven-plugin-api-3.9.9.jar
2026-03-07 14:19:34,624 [Worker-7: Launching Executing install in C__Users_user_Documents_Juan PC guillermo SpringAngularAWS_WORKSPACES_workspacegRPC_restaurantes] INFO  o.eclipse.m2e.core.internal.Bundles - 	Entry: C:\Users\user\.p2\pool\plugins\org.eclipse.m2e.maven.runtime_3.9.900.20240824-1409\jars\maven-repository-metadata-3.9.9.jar
2026-03-07 14:19:34,625 [Worker-7: Launching Executing install in C__Users_user_Documents_Juan PC guillermo SpringAngularAWS_WORKSPACES_workspacegRPC_restaurantes] INFO  o.eclipse.m2e.core.internal.Bundles - 	Entry: C:\Users\user\.p2\pool\plugins\org.eclipse.m2e.maven.runtime_3.9.900.20240824-1409\jars\maven-resolver-api-1.9.22.jar
2026-03-07 14:19:34,625 [Worker-7: Launching Executing install in C__Users_user_Documents_Juan PC guillermo SpringAngularAWS_WORKSPACES_workspacegRPC_restaurantes] INFO  o.eclipse.m2e.core.internal.Bundles - 	Entry: C:\Users\user\.p2\pool\plugins\org.eclipse.m2e.maven.runtime_3.9.900.20240824-1409\jars\maven-resolver-connector-basic-1.9.22.jar
2026-03-07 14:19:34,625 [Worker-7: Launching Executing install in C__Users_user_Documents_Juan PC guillermo SpringAngularAWS_WORKSPACES_workspacegRPC_restaurantes] INFO  o.eclipse.m2e.core.internal.Bundles - 	Entry: C:\Users\user\.p2\pool\plugins\org.eclipse.m2e.maven.runtime_3.9.900.20240824-1409\jars\maven-resolver-impl-1.9.22.jar
2026-03-07 14:19:34,625 [Worker-7: Launching Executing install in C__Users_user_Documents_Juan PC guillermo SpringAngularAWS_WORKSPACES_workspacegRPC_restaurantes] INFO  o.eclipse.m2e.core.internal.Bundles - 	Entry: C:\Users\user\.p2\pool\plugins\org.eclipse.m2e.maven.runtime_3.9.900.20240824-1409\jars\maven-resolver-named-locks-1.9.22.jar
2026-03-07 14:19:34,625 [Worker-7: Launching Executing install in C__Users_user_Documents_Juan PC guillermo SpringAngularAWS_WORKSPACES_workspacegRPC_restaurantes] INFO  o.eclipse.m2e.core.internal.Bundles - 	Entry: C:\Users\user\.p2\pool\plugins\org.eclipse.m2e.maven.runtime_3.9.900.20240824-1409\jars\maven-resolver-provider-3.9.9.jar
2026-03-07 14:19:34,625 [Worker-7: Launching Executing install in C__Users_user_Documents_Juan PC guillermo SpringAngularAWS_WORKSPACES_workspacegRPC_restaurantes] INFO  o.eclipse.m2e.core.internal.Bundles - 	Entry: C:\Users\user\.p2\pool\plugins\org.eclipse.m2e.maven.runtime_3.9.900.20240824-1409\jars\maven-resolver-spi-1.9.22.jar
2026-03-07 14:19:34,625 [Worker-7: Launching Executing install in C__Users_user_Documents_Juan PC guillermo SpringAngularAWS_WORKSPACES_workspacegRPC_restaurantes] INFO  o.eclipse.m2e.core.internal.Bundles - 	Entry: C:\Users\user\.p2\pool\plugins\org.eclipse.m2e.maven.runtime_3.9.900.20240824-1409\jars\maven-resolver-transport-file-1.9.22.jar
2026-03-07 14:19:34,626 [Worker-7: Launching Executing install in C__Users_user_Documents_Juan PC guillermo SpringAngularAWS_WORKSPACES_workspacegRPC_restaurantes] INFO  o.eclipse.m2e.core.internal.Bundles - 	Entry: C:\Users\user\.p2\pool\plugins\org.eclipse.m2e.maven.runtime_3.9.900.20240824-1409\jars\maven-resolver-transport-http-1.9.22.jar
2026-03-07 14:19:34,626 [Worker-7: Launching Executing install in C__Users_user_Documents_Juan PC guillermo SpringAngularAWS_WORKSPACES_workspacegRPC_restaurantes] INFO  o.eclipse.m2e.core.internal.Bundles - 	Entry: C:\Users\user\.p2\pool\plugins\org.eclipse.m2e.maven.runtime_3.9.900.20240824-1409\jars\maven-resolver-transport-wagon-1.9.22.jar
2026-03-07 14:19:34,626 [Worker-7: Launching Executing install in C__Users_user_Documents_Juan PC guillermo SpringAngularAWS_WORKSPACES_workspacegRPC_restaurantes] INFO  o.eclipse.m2e.core.internal.Bundles - 	Entry: C:\Users\user\.p2\pool\plugins\org.eclipse.m2e.maven.runtime_3.9.900.20240824-1409\jars\maven-resolver-util-1.9.22.jar
2026-03-07 14:19:34,626 [Worker-7: Launching Executing install in C__Users_user_Documents_Juan PC guillermo SpringAngularAWS_WORKSPACES_workspacegRPC_restaurantes] INFO  o.eclipse.m2e.core.internal.Bundles - 	Entry: C:\Users\user\.p2\pool\plugins\org.eclipse.m2e.maven.runtime_3.9.900.20240824-1409\jars\maven-settings-3.9.9.jar
2026-03-07 14:19:34,626 [Worker-7: Launching Executing install in C__Users_user_Documents_Juan PC guillermo SpringAngularAWS_WORKSPACES_workspacegRPC_restaurantes] INFO  o.eclipse.m2e.core.internal.Bundles - 	Entry: C:\Users\user\.p2\pool\plugins\org.eclipse.m2e.maven.runtime_3.9.900.20240824-1409\jars\maven-settings-builder-3.9.9.jar
2026-03-07 14:19:34,626 [Worker-7: Launching Executing install in C__Users_user_Documents_Juan PC guillermo SpringAngularAWS_WORKSPACES_workspacegRPC_restaurantes] INFO  o.eclipse.m2e.core.internal.Bundles - 	Entry: C:\Users\user\.p2\pool\plugins\org.eclipse.m2e.maven.runtime_3.9.900.20240824-1409\jars\maven-shared-utils-3.4.2.jar
2026-03-07 14:19:34,626 [Worker-7: Launching Executing install in C__Users_user_Documents_Juan PC guillermo SpringAngularAWS_WORKSPACES_workspacegRPC_restaurantes] INFO  o.eclipse.m2e.core.internal.Bundles - 	Entry: C:\Users\user\.p2\pool\plugins\org.eclipse.m2e.maven.runtime_3.9.900.20240824-1409\jars\org.eclipse.sisu.inject-0.9.0.M3.jar
2026-03-07 14:19:34,627 [Worker-7: Launching Executing install in C__Users_user_Documents_Juan PC guillermo SpringAngularAWS_WORKSPACES_workspacegRPC_restaurantes] INFO  o.eclipse.m2e.core.internal.Bundles - 	Entry: C:\Users\user\.p2\pool\plugins\org.eclipse.m2e.maven.runtime_3.9.900.20240824-1409\jars\org.eclipse.sisu.plexus-0.9.0.M3.jar
2026-03-07 14:19:34,627 [Worker-7: Launching Executing install in C__Users_user_Documents_Juan PC guillermo SpringAngularAWS_WORKSPACES_workspacegRPC_restaurantes] INFO  o.eclipse.m2e.core.internal.Bundles - 	Entry: C:\Users\user\.p2\pool\plugins\org.eclipse.m2e.maven.runtime_3.9.900.20240824-1409\jars\plexus-build-api-0.0.7.jar
2026-03-07 14:19:34,627 [Worker-7: Launching Executing install in C__Users_user_Documents_Juan PC guillermo SpringAngularAWS_WORKSPACES_workspacegRPC_restaurantes] INFO  o.eclipse.m2e.core.internal.Bundles - 	Entry: C:\Users\user\.p2\pool\plugins\org.eclipse.m2e.maven.runtime_3.9.900.20240824-1409\jars\plexus-build-api-1.2.0.jar
2026-03-07 14:19:34,627 [Worker-7: Launching Executing install in C__Users_user_Documents_Juan PC guillermo SpringAngularAWS_WORKSPACES_workspacegRPC_restaurantes] INFO  o.eclipse.m2e.core.internal.Bundles - 	Entry: C:\Users\user\.p2\pool\plugins\org.eclipse.m2e.maven.runtime_3.9.900.20240824-1409\jars\plexus-cipher-2.0.jar
2026-03-07 14:19:34,627 [Worker-7: Launching Executing install in C__Users_user_Documents_Juan PC guillermo SpringAngularAWS_WORKSPACES_workspacegRPC_restaurantes] INFO  o.eclipse.m2e.core.internal.Bundles - 	Entry: C:\Users\user\.p2\pool\plugins\org.eclipse.m2e.maven.runtime_3.9.900.20240824-1409\jars\plexus-classworlds-2.8.0.jar
2026-03-07 14:19:34,627 [Worker-7: Launching Executing install in C__Users_user_Documents_Juan PC guillermo SpringAngularAWS_WORKSPACES_workspacegRPC_restaurantes] INFO  o.eclipse.m2e.core.internal.Bundles - 	Entry: C:\Users\user\.p2\pool\plugins\org.eclipse.m2e.maven.runtime_3.9.900.20240824-1409\jars\plexus-component-annotations-2.1.0.jar
2026-03-07 14:19:34,627 [Worker-7: Launching Executing install in C__Users_user_Documents_Juan PC guillermo SpringAngularAWS_WORKSPACES_workspacegRPC_restaurantes] INFO  o.eclipse.m2e.core.internal.Bundles - 	Entry: C:\Users\user\.p2\pool\plugins\org.eclipse.m2e.maven.runtime_3.9.900.20240824-1409\jars\plexus-interpolation-1.27.jar
2026-03-07 14:19:34,627 [Worker-7: Launching Executing install in C__Users_user_Documents_Juan PC guillermo SpringAngularAWS_WORKSPACES_workspacegRPC_restaurantes] INFO  o.eclipse.m2e.core.internal.Bundles - 	Entry: C:\Users\user\.p2\pool\plugins\org.eclipse.m2e.maven.runtime_3.9.900.20240824-1409\jars\plexus-sec-dispatcher-2.0.jar
2026-03-07 14:19:34,628 [Worker-7: Launching Executing install in C__Users_user_Documents_Juan PC guillermo SpringAngularAWS_WORKSPACES_workspacegRPC_restaurantes] INFO  o.eclipse.m2e.core.internal.Bundles - 	Entry: C:\Users\user\.p2\pool\plugins\org.eclipse.m2e.maven.runtime_3.9.900.20240824-1409\jars\plexus-utils-3.5.1.jar
2026-03-07 14:19:34,628 [Worker-7: Launching Executing install in C__Users_user_Documents_Juan PC guillermo SpringAngularAWS_WORKSPACES_workspacegRPC_restaurantes] INFO  o.eclipse.m2e.core.internal.Bundles - 	Entry: C:\Users\user\.p2\pool\plugins\org.eclipse.m2e.maven.runtime_3.9.900.20240824-1409\jars\plexus-xml-3.0.1.jar
2026-03-07 14:19:34,628 [Worker-7: Launching Executing install in C__Users_user_Documents_Juan PC guillermo SpringAngularAWS_WORKSPACES_workspacegRPC_restaurantes] INFO  o.eclipse.m2e.core.internal.Bundles - 	Entry: C:\Users\user\.p2\pool\plugins\org.eclipse.m2e.maven.runtime_3.9.900.20240824-1409\jars\wagon-file-3.5.3.jar
2026-03-07 14:19:34,628 [Worker-7: Launching Executing install in C__Users_user_Documents_Juan PC guillermo SpringAngularAWS_WORKSPACES_workspacegRPC_restaurantes] INFO  o.eclipse.m2e.core.internal.Bundles - 	Entry: C:\Users\user\.p2\pool\plugins\org.eclipse.m2e.maven.runtime_3.9.900.20240824-1409\jars\wagon-http-3.5.3.jar
2026-03-07 14:19:34,628 [Worker-7: Launching Executing install in C__Users_user_Documents_Juan PC guillermo SpringAngularAWS_WORKSPACES_workspacegRPC_restaurantes] INFO  o.eclipse.m2e.core.internal.Bundles - 	Entry: C:\Users\user\.p2\pool\plugins\org.eclipse.m2e.maven.runtime_3.9.900.20240824-1409\jars\wagon-http-shared-3.5.3.jar
2026-03-07 14:19:34,628 [Worker-7: Launching Executing install in C__Users_user_Documents_Juan PC guillermo SpringAngularAWS_WORKSPACES_workspacegRPC_restaurantes] INFO  o.eclipse.m2e.core.internal.Bundles - 	Entry: C:\Users\user\.p2\pool\plugins\org.eclipse.m2e.maven.runtime_3.9.900.20240824-1409\jars\wagon-provider-api-3.5.3.jar
2026-03-07 14:19:34,628 [Worker-7: Launching Executing install in C__Users_user_Documents_Juan PC guillermo SpringAngularAWS_WORKSPACES_workspacegRPC_restaurantes] INFO  o.eclipse.m2e.core.internal.Bundles - getClasspathEntries(Bundle=com.google.guava_33.4.0.jre [544])
2026-03-07 14:19:34,629 [Worker-7: Launching Executing install in C__Users_user_Documents_Juan PC guillermo SpringAngularAWS_WORKSPACES_workspacegRPC_restaurantes] INFO  o.eclipse.m2e.core.internal.Bundles - 	Entry: C:\Users\user\.p2\pool\plugins\com.google.guava_33.4.0.jre.jar
2026-03-07 14:19:34,629 [Worker-7: Launching Executing install in C__Users_user_Documents_Juan PC guillermo SpringAngularAWS_WORKSPACES_workspacegRPC_restaurantes] INFO  o.eclipse.m2e.core.internal.Bundles - getClasspathEntries(Bundle=slf4j.api_2.0.17 [609])
2026-03-07 14:19:34,629 [Worker-7: Launching Executing install in C__Users_user_Documents_Juan PC guillermo SpringAngularAWS_WORKSPACES_workspacegRPC_restaurantes] INFO  o.eclipse.m2e.core.internal.Bundles - 	Entry: C:\Users\user\.p2\pool\plugins\slf4j.api_2.0.17.jar
2026-03-07 14:19:34,629 [Worker-7: Launching Executing install in C__Users_user_Documents_Juan PC guillermo SpringAngularAWS_WORKSPACES_workspacegRPC_restaurantes] INFO  o.eclipse.m2e.core.internal.Bundles - getClasspathEntries(Bundle=jakarta.inject.jakarta.inject-api_1.0.5 [22])
2026-03-07 14:19:34,630 [Worker-7: Launching Executing install in C__Users_user_Documents_Juan PC guillermo SpringAngularAWS_WORKSPACES_workspacegRPC_restaurantes] INFO  o.eclipse.m2e.core.internal.Bundles - 	Entry: C:\Users\user\.p2\pool\plugins\jakarta.inject.jakarta.inject-api_1.0.5.jar
2026-03-07 14:19:34,630 [Worker-7: Launching Executing install in C__Users_user_Documents_Juan PC guillermo SpringAngularAWS_WORKSPACES_workspacegRPC_restaurantes] INFO  o.eclipse.m2e.core.internal.Bundles - getClasspathEntries(Bundle=javax.annotation_1.3.5.v20200909-1856 [552])
2026-03-07 14:19:34,631 [Worker-7: Launching Executing install in C__Users_user_Documents_Juan PC guillermo SpringAngularAWS_WORKSPACES_workspacegRPC_restaurantes] INFO  o.eclipse.m2e.core.internal.Bundles - 	Entry: C:\Users\user\.p2\pool\plugins\javax.annotation_1.3.5.v20200909-1856.jar
2026-03-07 14:19:34,631 [Worker-7: Launching Executing install in C__Users_user_Documents_Juan PC guillermo SpringAngularAWS_WORKSPACES_workspacegRPC_restaurantes] INFO  o.eclipse.m2e.core.internal.Bundles - getClasspathEntries(Bundle=org.apache.commons.cli_1.9.0 [47])
2026-03-07 14:19:34,631 [Worker-7: Launching Executing install in C__Users_user_Documents_Juan PC guillermo SpringAngularAWS_WORKSPACES_workspacegRPC_restaurantes] INFO  o.eclipse.m2e.core.internal.Bundles - 	Entry: C:\Users\user\.p2\pool\plugins\org.apache.commons.cli_1.9.0.jar
2026-03-07 14:19:34,633 [Worker-7: Launching Executing install in C__Users_user_Documents_Juan PC guillermo SpringAngularAWS_WORKSPACES_workspacegRPC_restaurantes] INFO  o.eclipse.m2e.core.internal.Bundles - getClasspathEntries(Bundle=org.apache.commons.commons-codec_1.16.0 [50])
2026-03-07 14:19:34,633 [Worker-7: Launching Executing install in C__Users_user_Documents_Juan PC guillermo SpringAngularAWS_WORKSPACES_workspacegRPC_restaurantes] INFO  o.eclipse.m2e.core.internal.Bundles - 	Entry: C:\Users\user\.p2\pool\plugins\org.apache.commons.commons-codec_1.16.0.jar
2026-03-07 14:19:34,633 [Worker-7: Launching Executing install in C__Users_user_Documents_Juan PC guillermo SpringAngularAWS_WORKSPACES_workspacegRPC_restaurantes] INFO  o.eclipse.m2e.core.internal.Bundles - getClasspathEntries(Bundle=com.google.guava.failureaccess_1.0.2 [11])
2026-03-07 14:19:34,633 [Worker-7: Launching Executing install in C__Users_user_Documents_Juan PC guillermo SpringAngularAWS_WORKSPACES_workspacegRPC_restaurantes] INFO  o.eclipse.m2e.core.internal.Bundles - 	Entry: C:\Users\user\.p2\pool\plugins\com.google.guava.failureaccess_1.0.2.jar
2026-03-07 14:19:34,635 [Worker-7: Launching Executing install in C__Users_user_Documents_Juan PC guillermo SpringAngularAWS_WORKSPACES_workspacegRPC_restaurantes] INFO  o.e.m.i.launch.MavenLaunchDelegate - Run build in "C:\Users\user\Documents\Juan PC guillermo SpringAngularAWS\WORKSPACES\workspacegRPC\restaurantes":
2026-03-07 14:19:34,635 [Worker-7: Launching Executing install in C__Users_user_Documents_Juan PC guillermo SpringAngularAWS_WORKSPACES_workspacegRPC_restaurantes] INFO  o.e.m.i.launch.MavenLaunchDelegate -  mvn  -B -Dstyle.color=always install
2026-03-07 14:20:42,364 [Worker-9: Building] INFO  o.a.m.s.f.DefaultMavenResourcesFiltering - Copying 1 resource from src\main\resources to target\classes
2026-03-07 14:20:42,370 [Worker-9: Building] INFO  o.a.m.s.f.DefaultMavenResourcesFiltering - Copying 0 resource from src\main\resources to target\classes
2026-03-07 14:20:42,375 [Worker-9: Building] INFO  o.a.m.s.f.DefaultMavenResourcesFiltering - skip non existing resourceDirectory C:\Users\user\Documents\Juan PC guillermo SpringAngularAWS\WORKSPACES\workspacegRPC\restaurantes\src\test\resources
2026-03-07 14:20:59,933 [Worker-9: Building] INFO  o.a.m.s.f.DefaultMavenResourcesFiltering - Copying 1 resource from src\main\resources to target\classes
2026-03-07 14:20:59,940 [Worker-9: Building] INFO  o.a.m.s.f.DefaultMavenResourcesFiltering - Copying 0 resource from src\main\resources to target\classes
2026-03-07 14:20:59,944 [Worker-9: Building] INFO  o.a.m.s.f.DefaultMavenResourcesFiltering - skip non existing resourceDirectory C:\Users\user\Documents\Juan PC guillermo SpringAngularAWS\WORKSPACES\workspacegRPC\restaurantes\src\test\resources
2026-03-07 14:21:34,050 [Worker-0: Building] INFO  o.a.m.s.f.DefaultMavenResourcesFiltering - Copying 1 resource from src\main\resources to target\classes
2026-03-07 14:21:34,054 [Worker-0: Building] INFO  o.a.m.s.f.DefaultMavenResourcesFiltering - Copying 0 resource from src\main\resources to target\classes
2026-03-07 14:21:34,060 [Worker-0: Building] INFO  o.a.m.s.f.DefaultMavenResourcesFiltering - skip non existing resourceDirectory C:\Users\user\Documents\Juan PC guillermo SpringAngularAWS\WORKSPACES\workspacegRPC\recetasAPI\src\test\resources
2026-03-07 14:21:34,249 [Worker-0: Building] INFO  o.a.m.s.f.DefaultMavenResourcesFiltering - Copying 1 resource from src\main\resources to target\classes
2026-03-07 14:21:34,250 [Worker-0: Building] INFO  o.a.m.s.f.DefaultMavenResourcesFiltering - Copying 0 resource from src\main\resources to target\classes
2026-03-07 14:21:34,256 [Worker-0: Building] INFO  o.a.m.s.f.DefaultMavenResourcesFiltering - skip non existing resourceDirectory C:\Users\user\Documents\Juan PC guillermo SpringAngularAWS\WORKSPACES\workspacegRPC\restaurantes\src\test\resources
2026-03-07 14:21:41,568 [Worker-4: Building] INFO  o.a.m.s.f.DefaultMavenResourcesFiltering - Copying 1 resource from src\main\resources to target\classes
2026-03-07 14:21:41,570 [Worker-4: Building] INFO  o.a.m.s.f.DefaultMavenResourcesFiltering - Copying 0 resource from src\main\resources to target\classes
2026-03-07 14:21:41,574 [Worker-4: Building] INFO  o.a.m.s.f.DefaultMavenResourcesFiltering - skip non existing resourceDirectory C:\Users\user\Documents\Juan PC guillermo SpringAngularAWS\WORKSPACES\workspacegRPC\recetasAPI\src\test\resources
2026-03-07 14:21:41,754 [Worker-4: Building] INFO  o.a.m.s.f.DefaultMavenResourcesFiltering - Copying 1 resource from src\main\resources to target\classes
2026-03-07 14:21:41,757 [Worker-4: Building] INFO  o.a.m.s.f.DefaultMavenResourcesFiltering - Copying 0 resource from src\main\resources to target\classes
2026-03-07 14:21:41,764 [Worker-4: Building] INFO  o.a.m.s.f.DefaultMavenResourcesFiltering - skip non existing resourceDirectory C:\Users\user\Documents\Juan PC guillermo SpringAngularAWS\WORKSPACES\workspacegRPC\restaurantes\src\test\resources
2026-03-07 14:22:33,918 [Worker-7: Building] INFO  o.a.m.s.f.DefaultMavenResourcesFiltering - Copying 1 resource from src\main\resources to target\classes
2026-03-07 14:22:33,925 [Worker-7: Building] INFO  o.a.m.s.f.DefaultMavenResourcesFiltering - Copying 0 resource from src\main\resources to target\classes
2026-03-07 14:22:33,929 [Worker-7: Building] INFO  o.a.m.s.f.DefaultMavenResourcesFiltering - skip non existing resourceDirectory C:\Users\user\Documents\Juan PC guillermo SpringAngularAWS\WORKSPACES\workspacegRPC\restaurantes\src\test\resources
2026-03-07 14:24:52,743 [Worker-0: Building] INFO  o.a.m.s.f.DefaultMavenResourcesFiltering - Copying 1 resource from src\main\resources to target\classes
2026-03-07 14:24:52,753 [Worker-0: Building] INFO  o.a.m.s.f.DefaultMavenResourcesFiltering - Copying 0 resource from src\main\resources to target\classes
2026-03-07 14:24:52,758 [Worker-0: Building] INFO  o.a.m.s.f.DefaultMavenResourcesFiltering - skip non existing resourceDirectory C:\Users\user\Documents\Juan PC guillermo SpringAngularAWS\WORKSPACES\workspacegRPC\recetasAPI\src\test\resources
2026-03-07 14:25:18,000 [Worker-23: Building] INFO  o.a.m.s.f.DefaultMavenResourcesFiltering - Copying 1 resource from src\main\resources to target\classes
2026-03-07 14:25:18,007 [Worker-23: Building] INFO  o.a.m.s.f.DefaultMavenResourcesFiltering - Copying 0 resource from src\main\resources to target\classes
2026-03-07 14:25:18,011 [Worker-23: Building] INFO  o.a.m.s.f.DefaultMavenResourcesFiltering - skip non existing resourceDirectory C:\Users\user\Documents\Juan PC guillermo SpringAngularAWS\WORKSPACES\workspacegRPC\recetasAPI\src\test\resources
2026-03-07 14:26:08,953 [Worker-23: Building] INFO  o.e.m.c.i.l.LifecycleMappingFactory - Using org.eclipse.m2e.jdt.JarLifecycleMapping lifecycle mapping for MavenProject: com.recetas:recetasAPI:0.0.1-SNAPSHOT @ C:\Users\user\Documents\Juan PC guillermo SpringAngularAWS\WORKSPACES\workspacegRPC\recetasAPI\pom.xml.
2026-03-07 14:26:09,699 [Worker-23: Building] INFO  o.a.m.s.f.DefaultMavenResourcesFiltering - Copying 0 resource from src\main\resources to target\classes
2026-03-07 14:26:09,700 [Worker-23: Building] INFO  o.a.m.s.f.DefaultMavenResourcesFiltering - Copying 0 resource from src\main\resources to target\classes
2026-03-07 14:26:09,706 [Worker-23: Building] INFO  o.a.m.s.f.DefaultMavenResourcesFiltering - skip non existing resourceDirectory C:\Users\user\Documents\Juan PC guillermo SpringAngularAWS\WORKSPACES\workspacegRPC\recetasAPI\src\test\resources
2026-03-07 14:26:10,950 [Worker-23: Building] INFO  o.a.m.s.f.DefaultMavenResourcesFiltering - Copying 1 resource from src\main\resources to target\classes
2026-03-07 14:26:10,978 [Worker-23: Building] INFO  o.a.m.s.f.DefaultMavenResourcesFiltering - Copying 0 resource from src\main\resources to target\classes
2026-03-07 14:26:10,982 [Worker-23: Building] INFO  o.a.m.s.f.DefaultMavenResourcesFiltering - skip non existing resourceDirectory C:\Users\user\Documents\Juan PC guillermo SpringAngularAWS\WORKSPACES\workspacegRPC\recetasAPI\src\test\resources
2026-03-07 14:26:13,485 [Worker-24: Launching Executing clean in C__Users_user_Documents_Juan PC guillermo SpringAngularAWS_WORKSPACES_workspacegRPC_recetasAPI] INFO  o.eclipse.m2e.core.internal.Bundles - getClasspathEntries(Bundle=org.eclipse.m2e.maven.runtime_3.9.900.20240824-1409 [300])
2026-03-07 14:26:13,486 [Worker-24: Launching Executing clean in C__Users_user_Documents_Juan PC guillermo SpringAngularAWS_WORKSPACES_workspacegRPC_recetasAPI] INFO  o.eclipse.m2e.core.internal.Bundles - 	Entry: C:\Users\user\.p2\pool\plugins\org.eclipse.m2e.maven.runtime_3.9.900.20240824-1409
2026-03-07 14:26:13,487 [Worker-24: Launching Executing clean in C__Users_user_Documents_Juan PC guillermo SpringAngularAWS_WORKSPACES_workspacegRPC_recetasAPI] INFO  o.eclipse.m2e.core.internal.Bundles - 	Entry: C:\Users\user\.p2\pool\plugins\org.eclipse.m2e.maven.runtime_3.9.900.20240824-1409\jars\aopalliance-1.0.jar
2026-03-07 14:26:13,487 [Worker-24: Launching Executing clean in C__Users_user_Documents_Juan PC guillermo SpringAngularAWS_WORKSPACES_workspacegRPC_recetasAPI] INFO  o.eclipse.m2e.core.internal.Bundles - 	Entry: C:\Users\user\.p2\pool\plugins\org.eclipse.m2e.maven.runtime_3.9.900.20240824-1409\jars\guice-5.1.0.jar
2026-03-07 14:26:13,487 [Worker-24: Launching Executing clean in C__Users_user_Documents_Juan PC guillermo SpringAngularAWS_WORKSPACES_workspacegRPC_recetasAPI] INFO  o.eclipse.m2e.core.internal.Bundles - 	Entry: C:\Users\user\.p2\pool\plugins\org.eclipse.m2e.maven.runtime_3.9.900.20240824-1409\jars\httpclient-4.5.14.jar
2026-03-07 14:26:13,487 [Worker-24: Launching Executing clean in C__Users_user_Documents_Juan PC guillermo SpringAngularAWS_WORKSPACES_workspacegRPC_recetasAPI] INFO  o.eclipse.m2e.core.internal.Bundles - 	Entry: C:\Users\user\.p2\pool\plugins\org.eclipse.m2e.maven.runtime_3.9.900.20240824-1409\jars\httpcore-4.4.16.jar
2026-03-07 14:26:13,487 [Worker-24: Launching Executing clean in C__Users_user_Documents_Juan PC guillermo SpringAngularAWS_WORKSPACES_workspacegRPC_recetasAPI] INFO  o.eclipse.m2e.core.internal.Bundles - 	Entry: C:\Users\user\.p2\pool\plugins\org.eclipse.m2e.maven.runtime_3.9.900.20240824-1409\jars\jansi-2.4.1.jar
2026-03-07 14:26:13,487 [Worker-24: Launching Executing clean in C__Users_user_Documents_Juan PC guillermo SpringAngularAWS_WORKSPACES_workspacegRPC_recetasAPI] INFO  o.eclipse.m2e.core.internal.Bundles - 	Entry: C:\Users\user\.p2\pool\plugins\org.eclipse.m2e.maven.runtime_3.9.900.20240824-1409\jars\jcl-over-slf4j-1.7.36.jar
2026-03-07 14:26:13,487 [Worker-24: Launching Executing clean in C__Users_user_Documents_Juan PC guillermo SpringAngularAWS_WORKSPACES_workspacegRPC_recetasAPI] INFO  o.eclipse.m2e.core.internal.Bundles - 	Entry: C:\Users\user\.p2\pool\plugins\org.eclipse.m2e.maven.runtime_3.9.900.20240824-1409\jars\maven-artifact-3.9.9.jar
2026-03-07 14:26:13,487 [Worker-24: Launching Executing clean in C__Users_user_Documents_Juan PC guillermo SpringAngularAWS_WORKSPACES_workspacegRPC_recetasAPI] INFO  o.eclipse.m2e.core.internal.Bundles - 	Entry: C:\Users\user\.p2\pool\plugins\org.eclipse.m2e.maven.runtime_3.9.900.20240824-1409\jars\maven-builder-support-3.9.9.jar
2026-03-07 14:26:13,488 [Worker-24: Launching Executing clean in C__Users_user_Documents_Juan PC guillermo SpringAngularAWS_WORKSPACES_workspacegRPC_recetasAPI] INFO  o.eclipse.m2e.core.internal.Bundles - 	Entry: C:\Users\user\.p2\pool\plugins\org.eclipse.m2e.maven.runtime_3.9.900.20240824-1409\jars\maven-compat-3.9.9.jar
2026-03-07 14:26:13,488 [Worker-24: Launching Executing clean in C__Users_user_Documents_Juan PC guillermo SpringAngularAWS_WORKSPACES_workspacegRPC_recetasAPI] INFO  o.eclipse.m2e.core.internal.Bundles - 	Entry: C:\Users\user\.p2\pool\plugins\org.eclipse.m2e.maven.runtime_3.9.900.20240824-1409\jars\maven-core-3.9.9.jar
2026-03-07 14:26:13,488 [Worker-24: Launching Executing clean in C__Users_user_Documents_Juan PC guillermo SpringAngularAWS_WORKSPACES_workspacegRPC_recetasAPI] INFO  o.eclipse.m2e.core.internal.Bundles - 	Entry: C:\Users\user\.p2\pool\plugins\org.eclipse.m2e.maven.runtime_3.9.900.20240824-1409\jars\maven-embedder-3.9.9.jar
2026-03-07 14:26:13,488 [Worker-24: Launching Executing clean in C__Users_user_Documents_Juan PC guillermo SpringAngularAWS_WORKSPACES_workspacegRPC_recetasAPI] INFO  o.eclipse.m2e.core.internal.Bundles - 	Entry: C:\Users\user\.p2\pool\plugins\org.eclipse.m2e.maven.runtime_3.9.900.20240824-1409\jars\maven-model-3.9.9.jar
2026-03-07 14:26:13,488 [Worker-24: Launching Executing clean in C__Users_user_Documents_Juan PC guillermo SpringAngularAWS_WORKSPACES_workspacegRPC_recetasAPI] INFO  o.eclipse.m2e.core.internal.Bundles - 	Entry: C:\Users\user\.p2\pool\plugins\org.eclipse.m2e.maven.runtime_3.9.900.20240824-1409\jars\maven-model-builder-3.9.9.jar
2026-03-07 14:26:13,488 [Worker-24: Launching Executing clean in C__Users_user_Documents_Juan PC guillermo SpringAngularAWS_WORKSPACES_workspacegRPC_recetasAPI] INFO  o.eclipse.m2e.core.internal.Bundles - 	Entry: C:\Users\user\.p2\pool\plugins\org.eclipse.m2e.maven.runtime_3.9.900.20240824-1409\jars\maven-plugin-api-3.9.9.jar
2026-03-07 14:26:13,488 [Worker-24: Launching Executing clean in C__Users_user_Documents_Juan PC guillermo SpringAngularAWS_WORKSPACES_workspacegRPC_recetasAPI] INFO  o.eclipse.m2e.core.internal.Bundles - 	Entry: C:\Users\user\.p2\pool\plugins\org.eclipse.m2e.maven.runtime_3.9.900.20240824-1409\jars\maven-repository-metadata-3.9.9.jar
2026-03-07 14:26:13,489 [Worker-24: Launching Executing clean in C__Users_user_Documents_Juan PC guillermo SpringAngularAWS_WORKSPACES_workspacegRPC_recetasAPI] INFO  o.eclipse.m2e.core.internal.Bundles - 	Entry: C:\Users\user\.p2\pool\plugins\org.eclipse.m2e.maven.runtime_3.9.900.20240824-1409\jars\maven-resolver-api-1.9.22.jar
2026-03-07 14:26:13,489 [Worker-24: Launching Executing clean in C__Users_user_Documents_Juan PC guillermo SpringAngularAWS_WORKSPACES_workspacegRPC_recetasAPI] INFO  o.eclipse.m2e.core.internal.Bundles - 	Entry: C:\Users\user\.p2\pool\plugins\org.eclipse.m2e.maven.runtime_3.9.900.20240824-1409\jars\maven-resolver-connector-basic-1.9.22.jar
2026-03-07 14:26:13,489 [Worker-24: Launching Executing clean in C__Users_user_Documents_Juan PC guillermo SpringAngularAWS_WORKSPACES_workspacegRPC_recetasAPI] INFO  o.eclipse.m2e.core.internal.Bundles - 	Entry: C:\Users\user\.p2\pool\plugins\org.eclipse.m2e.maven.runtime_3.9.900.20240824-1409\jars\maven-resolver-impl-1.9.22.jar
2026-03-07 14:26:13,489 [Worker-24: Launching Executing clean in C__Users_user_Documents_Juan PC guillermo SpringAngularAWS_WORKSPACES_workspacegRPC_recetasAPI] INFO  o.eclipse.m2e.core.internal.Bundles - 	Entry: C:\Users\user\.p2\pool\plugins\org.eclipse.m2e.maven.runtime_3.9.900.20240824-1409\jars\maven-resolver-named-locks-1.9.22.jar
2026-03-07 14:26:13,489 [Worker-24: Launching Executing clean in C__Users_user_Documents_Juan PC guillermo SpringAngularAWS_WORKSPACES_workspacegRPC_recetasAPI] INFO  o.eclipse.m2e.core.internal.Bundles - 	Entry: C:\Users\user\.p2\pool\plugins\org.eclipse.m2e.maven.runtime_3.9.900.20240824-1409\jars\maven-resolver-provider-3.9.9.jar
2026-03-07 14:26:13,490 [Worker-24: Launching Executing clean in C__Users_user_Documents_Juan PC guillermo SpringAngularAWS_WORKSPACES_workspacegRPC_recetasAPI] INFO  o.eclipse.m2e.core.internal.Bundles - 	Entry: C:\Users\user\.p2\pool\plugins\org.eclipse.m2e.maven.runtime_3.9.900.20240824-1409\jars\maven-resolver-spi-1.9.22.jar
2026-03-07 14:26:13,490 [Worker-24: Launching Executing clean in C__Users_user_Documents_Juan PC guillermo SpringAngularAWS_WORKSPACES_workspacegRPC_recetasAPI] INFO  o.eclipse.m2e.core.internal.Bundles - 	Entry: C:\Users\user\.p2\pool\plugins\org.eclipse.m2e.maven.runtime_3.9.900.20240824-1409\jars\maven-resolver-transport-file-1.9.22.jar
2026-03-07 14:26:13,490 [Worker-24: Launching Executing clean in C__Users_user_Documents_Juan PC guillermo SpringAngularAWS_WORKSPACES_workspacegRPC_recetasAPI] INFO  o.eclipse.m2e.core.internal.Bundles - 	Entry: C:\Users\user\.p2\pool\plugins\org.eclipse.m2e.maven.runtime_3.9.900.20240824-1409\jars\maven-resolver-transport-http-1.9.22.jar
2026-03-07 14:26:13,490 [Worker-24: Launching Executing clean in C__Users_user_Documents_Juan PC guillermo SpringAngularAWS_WORKSPACES_workspacegRPC_recetasAPI] INFO  o.eclipse.m2e.core.internal.Bundles - 	Entry: C:\Users\user\.p2\pool\plugins\org.eclipse.m2e.maven.runtime_3.9.900.20240824-1409\jars\maven-resolver-transport-wagon-1.9.22.jar
2026-03-07 14:26:13,491 [Worker-24: Launching Executing clean in C__Users_user_Documents_Juan PC guillermo SpringAngularAWS_WORKSPACES_workspacegRPC_recetasAPI] INFO  o.eclipse.m2e.core.internal.Bundles - 	Entry: C:\Users\user\.p2\pool\plugins\org.eclipse.m2e.maven.runtime_3.9.900.20240824-1409\jars\maven-resolver-util-1.9.22.jar
2026-03-07 14:26:13,491 [Worker-24: Launching Executing clean in C__Users_user_Documents_Juan PC guillermo SpringAngularAWS_WORKSPACES_workspacegRPC_recetasAPI] INFO  o.eclipse.m2e.core.internal.Bundles - 	Entry: C:\Users\user\.p2\pool\plugins\org.eclipse.m2e.maven.runtime_3.9.900.20240824-1409\jars\maven-settings-3.9.9.jar
2026-03-07 14:26:13,491 [Worker-24: Launching Executing clean in C__Users_user_Documents_Juan PC guillermo SpringAngularAWS_WORKSPACES_workspacegRPC_recetasAPI] INFO  o.eclipse.m2e.core.internal.Bundles - 	Entry: C:\Users\user\.p2\pool\plugins\org.eclipse.m2e.maven.runtime_3.9.900.20240824-1409\jars\maven-settings-builder-3.9.9.jar
2026-03-07 14:26:13,491 [Worker-24: Launching Executing clean in C__Users_user_Documents_Juan PC guillermo SpringAngularAWS_WORKSPACES_workspacegRPC_recetasAPI] INFO  o.eclipse.m2e.core.internal.Bundles - 	Entry: C:\Users\user\.p2\pool\plugins\org.eclipse.m2e.maven.runtime_3.9.900.20240824-1409\jars\maven-shared-utils-3.4.2.jar
2026-03-07 14:26:13,491 [Worker-24: Launching Executing clean in C__Users_user_Documents_Juan PC guillermo SpringAngularAWS_WORKSPACES_workspacegRPC_recetasAPI] INFO  o.eclipse.m2e.core.internal.Bundles - 	Entry: C:\Users\user\.p2\pool\plugins\org.eclipse.m2e.maven.runtime_3.9.900.20240824-1409\jars\org.eclipse.sisu.inject-0.9.0.M3.jar
2026-03-07 14:26:13,492 [Worker-24: Launching Executing clean in C__Users_user_Documents_Juan PC guillermo SpringAngularAWS_WORKSPACES_workspacegRPC_recetasAPI] INFO  o.eclipse.m2e.core.internal.Bundles - 	Entry: C:\Users\user\.p2\pool\plugins\org.eclipse.m2e.maven.runtime_3.9.900.20240824-1409\jars\org.eclipse.sisu.plexus-0.9.0.M3.jar
2026-03-07 14:26:13,492 [Worker-24: Launching Executing clean in C__Users_user_Documents_Juan PC guillermo SpringAngularAWS_WORKSPACES_workspacegRPC_recetasAPI] INFO  o.eclipse.m2e.core.internal.Bundles - 	Entry: C:\Users\user\.p2\pool\plugins\org.eclipse.m2e.maven.runtime_3.9.900.20240824-1409\jars\plexus-build-api-0.0.7.jar
2026-03-07 14:26:13,492 [Worker-24: Launching Executing clean in C__Users_user_Documents_Juan PC guillermo SpringAngularAWS_WORKSPACES_workspacegRPC_recetasAPI] INFO  o.eclipse.m2e.core.internal.Bundles - 	Entry: C:\Users\user\.p2\pool\plugins\org.eclipse.m2e.maven.runtime_3.9.900.20240824-1409\jars\plexus-build-api-1.2.0.jar
2026-03-07 14:26:13,492 [Worker-24: Launching Executing clean in C__Users_user_Documents_Juan PC guillermo SpringAngularAWS_WORKSPACES_workspacegRPC_recetasAPI] INFO  o.eclipse.m2e.core.internal.Bundles - 	Entry: C:\Users\user\.p2\pool\plugins\org.eclipse.m2e.maven.runtime_3.9.900.20240824-1409\jars\plexus-cipher-2.0.jar
2026-03-07 14:26:13,492 [Worker-24: Launching Executing clean in C__Users_user_Documents_Juan PC guillermo SpringAngularAWS_WORKSPACES_workspacegRPC_recetasAPI] INFO  o.eclipse.m2e.core.internal.Bundles - 	Entry: C:\Users\user\.p2\pool\plugins\org.eclipse.m2e.maven.runtime_3.9.900.20240824-1409\jars\plexus-classworlds-2.8.0.jar
2026-03-07 14:26:13,492 [Worker-24: Launching Executing clean in C__Users_user_Documents_Juan PC guillermo SpringAngularAWS_WORKSPACES_workspacegRPC_recetasAPI] INFO  o.eclipse.m2e.core.internal.Bundles - 	Entry: C:\Users\user\.p2\pool\plugins\org.eclipse.m2e.maven.runtime_3.9.900.20240824-1409\jars\plexus-component-annotations-2.1.0.jar
2026-03-07 14:26:13,492 [Worker-24: Launching Executing clean in C__Users_user_Documents_Juan PC guillermo SpringAngularAWS_WORKSPACES_workspacegRPC_recetasAPI] INFO  o.eclipse.m2e.core.internal.Bundles - 	Entry: C:\Users\user\.p2\pool\plugins\org.eclipse.m2e.maven.runtime_3.9.900.20240824-1409\jars\plexus-interpolation-1.27.jar
2026-03-07 14:26:13,493 [Worker-24: Launching Executing clean in C__Users_user_Documents_Juan PC guillermo SpringAngularAWS_WORKSPACES_workspacegRPC_recetasAPI] INFO  o.eclipse.m2e.core.internal.Bundles - 	Entry: C:\Users\user\.p2\pool\plugins\org.eclipse.m2e.maven.runtime_3.9.900.20240824-1409\jars\plexus-sec-dispatcher-2.0.jar
2026-03-07 14:26:13,493 [Worker-24: Launching Executing clean in C__Users_user_Documents_Juan PC guillermo SpringAngularAWS_WORKSPACES_workspacegRPC_recetasAPI] INFO  o.eclipse.m2e.core.internal.Bundles - 	Entry: C:\Users\user\.p2\pool\plugins\org.eclipse.m2e.maven.runtime_3.9.900.20240824-1409\jars\plexus-utils-3.5.1.jar
2026-03-07 14:26:13,493 [Worker-24: Launching Executing clean in C__Users_user_Documents_Juan PC guillermo SpringAngularAWS_WORKSPACES_workspacegRPC_recetasAPI] INFO  o.eclipse.m2e.core.internal.Bundles - 	Entry: C:\Users\user\.p2\pool\plugins\org.eclipse.m2e.maven.runtime_3.9.900.20240824-1409\jars\plexus-xml-3.0.1.jar
2026-03-07 14:26:13,493 [Worker-24: Launching Executing clean in C__Users_user_Documents_Juan PC guillermo SpringAngularAWS_WORKSPACES_workspacegRPC_recetasAPI] INFO  o.eclipse.m2e.core.internal.Bundles - 	Entry: C:\Users\user\.p2\pool\plugins\org.eclipse.m2e.maven.runtime_3.9.900.20240824-1409\jars\wagon-file-3.5.3.jar
2026-03-07 14:26:13,493 [Worker-24: Launching Executing clean in C__Users_user_Documents_Juan PC guillermo SpringAngularAWS_WORKSPACES_workspacegRPC_recetasAPI] INFO  o.eclipse.m2e.core.internal.Bundles - 	Entry: C:\Users\user\.p2\pool\plugins\org.eclipse.m2e.maven.runtime_3.9.900.20240824-1409\jars\wagon-http-3.5.3.jar
2026-03-07 14:26:13,493 [Worker-24: Launching Executing clean in C__Users_user_Documents_Juan PC guillermo SpringAngularAWS_WORKSPACES_workspacegRPC_recetasAPI] INFO  o.eclipse.m2e.core.internal.Bundles - 	Entry: C:\Users\user\.p2\pool\plugins\org.eclipse.m2e.maven.runtime_3.9.900.20240824-1409\jars\wagon-http-shared-3.5.3.jar
2026-03-07 14:26:13,493 [Worker-24: Launching Executing clean in C__Users_user_Documents_Juan PC guillermo SpringAngularAWS_WORKSPACES_workspacegRPC_recetasAPI] INFO  o.eclipse.m2e.core.internal.Bundles - 	Entry: C:\Users\user\.p2\pool\plugins\org.eclipse.m2e.maven.runtime_3.9.900.20240824-1409\jars\wagon-provider-api-3.5.3.jar
2026-03-07 14:26:13,494 [Worker-24: Launching Executing clean in C__Users_user_Documents_Juan PC guillermo SpringAngularAWS_WORKSPACES_workspacegRPC_recetasAPI] INFO  o.eclipse.m2e.core.internal.Bundles - getClasspathEntries(Bundle=com.google.guava_33.4.0.jre [544])
2026-03-07 14:26:13,494 [Worker-24: Launching Executing clean in C__Users_user_Documents_Juan PC guillermo SpringAngularAWS_WORKSPACES_workspacegRPC_recetasAPI] INFO  o.eclipse.m2e.core.internal.Bundles - 	Entry: C:\Users\user\.p2\pool\plugins\com.google.guava_33.4.0.jre.jar
2026-03-07 14:26:13,494 [Worker-24: Launching Executing clean in C__Users_user_Documents_Juan PC guillermo SpringAngularAWS_WORKSPACES_workspacegRPC_recetasAPI] INFO  o.eclipse.m2e.core.internal.Bundles - getClasspathEntries(Bundle=slf4j.api_2.0.17 [609])
2026-03-07 14:26:13,495 [Worker-24: Launching Executing clean in C__Users_user_Documents_Juan PC guillermo SpringAngularAWS_WORKSPACES_workspacegRPC_recetasAPI] INFO  o.eclipse.m2e.core.internal.Bundles - 	Entry: C:\Users\user\.p2\pool\plugins\slf4j.api_2.0.17.jar
2026-03-07 14:26:13,495 [Worker-24: Launching Executing clean in C__Users_user_Documents_Juan PC guillermo SpringAngularAWS_WORKSPACES_workspacegRPC_recetasAPI] INFO  o.eclipse.m2e.core.internal.Bundles - getClasspathEntries(Bundle=jakarta.inject.jakarta.inject-api_1.0.5 [22])
2026-03-07 14:26:13,495 [Worker-24: Launching Executing clean in C__Users_user_Documents_Juan PC guillermo SpringAngularAWS_WORKSPACES_workspacegRPC_recetasAPI] INFO  o.eclipse.m2e.core.internal.Bundles - 	Entry: C:\Users\user\.p2\pool\plugins\jakarta.inject.jakarta.inject-api_1.0.5.jar
2026-03-07 14:26:13,495 [Worker-24: Launching Executing clean in C__Users_user_Documents_Juan PC guillermo SpringAngularAWS_WORKSPACES_workspacegRPC_recetasAPI] INFO  o.eclipse.m2e.core.internal.Bundles - getClasspathEntries(Bundle=javax.annotation_1.3.5.v20200909-1856 [552])
2026-03-07 14:26:13,495 [Worker-24: Launching Executing clean in C__Users_user_Documents_Juan PC guillermo SpringAngularAWS_WORKSPACES_workspacegRPC_recetasAPI] INFO  o.eclipse.m2e.core.internal.Bundles - 	Entry: C:\Users\user\.p2\pool\plugins\javax.annotation_1.3.5.v20200909-1856.jar
2026-03-07 14:26:13,495 [Worker-24: Launching Executing clean in C__Users_user_Documents_Juan PC guillermo SpringAngularAWS_WORKSPACES_workspacegRPC_recetasAPI] INFO  o.eclipse.m2e.core.internal.Bundles - getClasspathEntries(Bundle=org.apache.commons.cli_1.9.0 [47])
2026-03-07 14:26:13,496 [Worker-24: Launching Executing clean in C__Users_user_Documents_Juan PC guillermo SpringAngularAWS_WORKSPACES_workspacegRPC_recetasAPI] INFO  o.eclipse.m2e.core.internal.Bundles - 	Entry: C:\Users\user\.p2\pool\plugins\org.apache.commons.cli_1.9.0.jar
2026-03-07 14:26:13,496 [Worker-24: Launching Executing clean in C__Users_user_Documents_Juan PC guillermo SpringAngularAWS_WORKSPACES_workspacegRPC_recetasAPI] INFO  o.eclipse.m2e.core.internal.Bundles - getClasspathEntries(Bundle=org.apache.commons.commons-codec_1.16.0 [50])
2026-03-07 14:26:13,496 [Worker-24: Launching Executing clean in C__Users_user_Documents_Juan PC guillermo SpringAngularAWS_WORKSPACES_workspacegRPC_recetasAPI] INFO  o.eclipse.m2e.core.internal.Bundles - 	Entry: C:\Users\user\.p2\pool\plugins\org.apache.commons.commons-codec_1.16.0.jar
2026-03-07 14:26:13,496 [Worker-24: Launching Executing clean in C__Users_user_Documents_Juan PC guillermo SpringAngularAWS_WORKSPACES_workspacegRPC_recetasAPI] INFO  o.eclipse.m2e.core.internal.Bundles - getClasspathEntries(Bundle=com.google.guava.failureaccess_1.0.2 [11])
2026-03-07 14:26:13,497 [Worker-24: Launching Executing clean in C__Users_user_Documents_Juan PC guillermo SpringAngularAWS_WORKSPACES_workspacegRPC_recetasAPI] INFO  o.eclipse.m2e.core.internal.Bundles - 	Entry: C:\Users\user\.p2\pool\plugins\com.google.guava.failureaccess_1.0.2.jar
2026-03-07 14:26:13,498 [Worker-24: Launching Executing clean in C__Users_user_Documents_Juan PC guillermo SpringAngularAWS_WORKSPACES_workspacegRPC_recetasAPI] INFO  o.e.m.i.launch.MavenLaunchDelegate - Run build in "C:\Users\user\Documents\Juan PC guillermo SpringAngularAWS\WORKSPACES\workspacegRPC\recetasAPI":
2026-03-07 14:26:13,498 [Worker-24: Launching Executing clean in C__Users_user_Documents_Juan PC guillermo SpringAngularAWS_WORKSPACES_workspacegRPC_recetasAPI] INFO  o.e.m.i.launch.MavenLaunchDelegate -  mvn  -B -Dstyle.color=always clean
2026-03-07 14:26:18,121 [Worker-25: Building] INFO  o.a.m.s.f.DefaultMavenResourcesFiltering - Copying 1 resource from src\main\resources to target\classes
2026-03-07 14:26:18,124 [Worker-25: Building] INFO  o.a.m.s.f.DefaultMavenResourcesFiltering - Copying 0 resource from src\main\resources to target\classes
2026-03-07 14:26:18,128 [Worker-25: Building] INFO  o.a.m.s.f.DefaultMavenResourcesFiltering - skip non existing resourceDirectory C:\Users\user\Documents\Juan PC guillermo SpringAngularAWS\WORKSPACES\workspacegRPC\recetasAPI\src\test\resources
2026-03-07 14:27:29,759 [Worker-0: Building] INFO  o.a.m.s.f.DefaultMavenResourcesFiltering - Copying 1 resource from src\main\resources to target\classes
2026-03-07 14:27:29,765 [Worker-0: Building] INFO  o.a.m.s.f.DefaultMavenResourcesFiltering - Copying 0 resource from src\main\resources to target\classes
2026-03-07 14:27:29,770 [Worker-0: Building] INFO  o.a.m.s.f.DefaultMavenResourcesFiltering - skip non existing resourceDirectory C:\Users\user\Documents\Juan PC guillermo SpringAngularAWS\WORKSPACES\workspacegRPC\recetasAPI\src\test\resources
2026-03-07 14:29:22,972 [Worker-8: Building] INFO  o.a.m.s.f.DefaultMavenResourcesFiltering - Copying 1 resource from src\main\resources to target\classes
2026-03-07 14:29:22,982 [Worker-8: Building] INFO  o.a.m.s.f.DefaultMavenResourcesFiltering - Copying 0 resource from src\main\resources to target\classes
2026-03-07 14:29:22,987 [Worker-8: Building] INFO  o.a.m.s.f.DefaultMavenResourcesFiltering - skip non existing resourceDirectory C:\Users\user\Documents\Juan PC guillermo SpringAngularAWS\WORKSPACES\workspacegRPC\recetasAPI\src\test\resources
2026-03-07 14:30:15,968 [Worker-1: Building] INFO  o.a.m.s.f.DefaultMavenResourcesFiltering - Copying 1 resource from src\main\resources to target\classes
2026-03-07 14:30:15,977 [Worker-1: Building] INFO  o.a.m.s.f.DefaultMavenResourcesFiltering - Copying 0 resource from src\main\resources to target\classes
2026-03-07 14:30:15,981 [Worker-1: Building] INFO  o.a.m.s.f.DefaultMavenResourcesFiltering - skip non existing resourceDirectory C:\Users\user\Documents\Juan PC guillermo SpringAngularAWS\WORKSPACES\workspacegRPC\recetasAPI\src\test\resources
2026-03-07 14:31:03,323 [Worker-8: Building] INFO  o.a.m.s.f.DefaultMavenResourcesFiltering - Copying 1 resource from src\main\resources to target\classes
2026-03-07 14:31:03,331 [Worker-8: Building] INFO  o.a.m.s.f.DefaultMavenResourcesFiltering - Copying 0 resource from src\main\resources to target\classes
2026-03-07 14:31:03,333 [Worker-8: Building] INFO  o.a.m.s.f.DefaultMavenResourcesFiltering - skip non existing resourceDirectory C:\Users\user\Documents\Juan PC guillermo SpringAngularAWS\WORKSPACES\workspacegRPC\recetasAPI\src\test\resources
2026-03-07 14:32:45,064 [Worker-21: Building] INFO  o.a.m.s.f.DefaultMavenResourcesFiltering - Copying 1 resource from src\main\resources to target\classes
2026-03-07 14:32:45,070 [Worker-21: Building] INFO  o.a.m.s.f.DefaultMavenResourcesFiltering - Copying 0 resource from src\main\resources to target\classes
2026-03-07 14:32:45,075 [Worker-21: Building] INFO  o.a.m.s.f.DefaultMavenResourcesFiltering - skip non existing resourceDirectory C:\Users\user\Documents\Juan PC guillermo SpringAngularAWS\WORKSPACES\workspacegRPC\recetasAPI\src\test\resources
2026-03-07 14:32:58,187 [Worker-23: Building] INFO  o.a.m.s.f.DefaultMavenResourcesFiltering - Copying 1 resource from src\main\resources to target\classes
2026-03-07 14:32:58,191 [Worker-23: Building] INFO  o.a.m.s.f.DefaultMavenResourcesFiltering - Copying 0 resource from src\main\resources to target\classes
2026-03-07 14:32:58,194 [Worker-23: Building] INFO  o.a.m.s.f.DefaultMavenResourcesFiltering - skip non existing resourceDirectory C:\Users\user\Documents\Juan PC guillermo SpringAngularAWS\WORKSPACES\workspacegRPC\recetasAPI\src\test\resources
2026-03-07 14:33:06,497 [Worker-26: Building] INFO  o.a.m.s.f.DefaultMavenResourcesFiltering - Copying 1 resource from src\main\resources to target\classes
2026-03-07 14:33:06,501 [Worker-26: Building] INFO  o.a.m.s.f.DefaultMavenResourcesFiltering - Copying 0 resource from src\main\resources to target\classes
2026-03-07 14:33:06,504 [Worker-26: Building] INFO  o.a.m.s.f.DefaultMavenResourcesFiltering - skip non existing resourceDirectory C:\Users\user\Documents\Juan PC guillermo SpringAngularAWS\WORKSPACES\workspacegRPC\recetasAPI\src\test\resources
2026-03-07 14:33:09,109 [Worker-21: Building] INFO  o.a.m.s.f.DefaultMavenResourcesFiltering - Copying 1 resource from src\main\resources to target\classes
2026-03-07 14:33:09,113 [Worker-21: Building] INFO  o.a.m.s.f.DefaultMavenResourcesFiltering - Copying 0 resource from src\main\resources to target\classes
2026-03-07 14:33:09,116 [Worker-21: Building] INFO  o.a.m.s.f.DefaultMavenResourcesFiltering - skip non existing resourceDirectory C:\Users\user\Documents\Juan PC guillermo SpringAngularAWS\WORKSPACES\workspacegRPC\recetasAPI\src\test\resources
2026-03-07 14:33:11,865 [Worker-21: Building] INFO  o.a.m.s.f.DefaultMavenResourcesFiltering - Copying 1 resource from src\main\resources to target\classes
2026-03-07 14:33:11,873 [Worker-21: Building] INFO  o.a.m.s.f.DefaultMavenResourcesFiltering - Copying 0 resource from src\main\resources to target\classes
2026-03-07 14:33:11,876 [Worker-21: Building] INFO  o.a.m.s.f.DefaultMavenResourcesFiltering - skip non existing resourceDirectory C:\Users\user\Documents\Juan PC guillermo SpringAngularAWS\WORKSPACES\workspacegRPC\recetasAPI\src\test\resources
2026-03-07 14:36:39,251 [Worker-0: Building] INFO  o.a.m.s.f.DefaultMavenResourcesFiltering - Copying 1 resource from src\main\resources to target\classes
2026-03-07 14:36:39,260 [Worker-0: Building] INFO  o.a.m.s.f.DefaultMavenResourcesFiltering - Copying 0 resource from src\main\resources to target\classes
2026-03-07 14:36:39,265 [Worker-0: Building] INFO  o.a.m.s.f.DefaultMavenResourcesFiltering - skip non existing resourceDirectory C:\Users\user\Documents\Juan PC guillermo SpringAngularAWS\WORKSPACES\workspacegRPC\recetasAPI\src\test\resources
2026-03-07 14:36:55,391 [Worker-23: Building] INFO  o.a.m.s.f.DefaultMavenResourcesFiltering - Copying 1 resource from src\main\resources to target\classes
2026-03-07 14:36:55,398 [Worker-23: Building] INFO  o.a.m.s.f.DefaultMavenResourcesFiltering - Copying 0 resource from src\main\resources to target\classes
2026-03-07 14:36:55,402 [Worker-23: Building] INFO  o.a.m.s.f.DefaultMavenResourcesFiltering - skip non existing resourceDirectory C:\Users\user\Documents\Juan PC guillermo SpringAngularAWS\WORKSPACES\workspacegRPC\recetasAPI\src\test\resources
2026-03-07 14:39:39,453 [Worker-26: Building] INFO  o.a.m.s.f.DefaultMavenResourcesFiltering - Copying 1 resource from src\main\resources to target\classes
2026-03-07 14:39:39,462 [Worker-26: Building] INFO  o.a.m.s.f.DefaultMavenResourcesFiltering - Copying 0 resource from src\main\resources to target\classes
2026-03-07 14:39:39,467 [Worker-26: Building] INFO  o.a.m.s.f.DefaultMavenResourcesFiltering - skip non existing resourceDirectory C:\Users\user\Documents\Juan PC guillermo SpringAngularAWS\WORKSPACES\workspacegRPC\recetasAPI\src\test\resources
2026-03-07 14:40:01,696 [Worker-0: Building] INFO  o.a.m.s.f.DefaultMavenResourcesFiltering - Copying 1 resource from src\main\resources to target\classes
2026-03-07 14:40:01,703 [Worker-0: Building] INFO  o.a.m.s.f.DefaultMavenResourcesFiltering - Copying 0 resource from src\main\resources to target\classes
2026-03-07 14:40:01,706 [Worker-0: Building] INFO  o.a.m.s.f.DefaultMavenResourcesFiltering - skip non existing resourceDirectory C:\Users\user\Documents\Juan PC guillermo SpringAngularAWS\WORKSPACES\workspacegRPC\recetasAPI\src\test\resources
2026-03-07 14:40:49,372 [Worker-0: Building] INFO  o.a.m.s.f.DefaultMavenResourcesFiltering - Copying 1 resource from src\main\resources to target\classes
2026-03-07 14:40:49,376 [Worker-0: Building] INFO  o.a.m.s.f.DefaultMavenResourcesFiltering - Copying 0 resource from src\main\resources to target\classes
2026-03-07 14:40:49,380 [Worker-0: Building] INFO  o.a.m.s.f.DefaultMavenResourcesFiltering - skip non existing resourceDirectory C:\Users\user\Documents\Juan PC guillermo SpringAngularAWS\WORKSPACES\workspacegRPC\recetasAPI\src\test\resources
2026-03-07 14:40:57,151 [Worker-26: Building] INFO  o.a.m.s.f.DefaultMavenResourcesFiltering - Copying 1 resource from src\main\resources to target\classes
2026-03-07 14:40:57,158 [Worker-26: Building] INFO  o.a.m.s.f.DefaultMavenResourcesFiltering - Copying 0 resource from src\main\resources to target\classes
2026-03-07 14:40:57,161 [Worker-26: Building] INFO  o.a.m.s.f.DefaultMavenResourcesFiltering - skip non existing resourceDirectory C:\Users\user\Documents\Juan PC guillermo SpringAngularAWS\WORKSPACES\workspacegRPC\recetasAPI\src\test\resources
2026-03-07 15:27:19,240 [Worker-33: Building] INFO  o.a.m.s.f.DefaultMavenResourcesFiltering - Copying 1 resource from src\main\resources to target\classes
2026-03-07 15:27:19,248 [Worker-33: Building] INFO  o.a.m.s.f.DefaultMavenResourcesFiltering - Copying 0 resource from src\main\resources to target\classes
2026-03-07 15:27:19,252 [Worker-33: Building] INFO  o.a.m.s.f.DefaultMavenResourcesFiltering - skip non existing resourceDirectory C:\Users\user\Documents\Juan PC guillermo SpringAngularAWS\WORKSPACES\workspacegRPC\recetasAPI\src\test\resources
2026-03-07 15:27:43,459 [Worker-32: Building] INFO  o.a.m.s.f.DefaultMavenResourcesFiltering - Copying 1 resource from src\main\resources to target\classes
2026-03-07 15:27:43,467 [Worker-32: Building] INFO  o.a.m.s.f.DefaultMavenResourcesFiltering - Copying 0 resource from src\main\resources to target\classes
2026-03-07 15:27:43,470 [Worker-32: Building] INFO  o.a.m.s.f.DefaultMavenResourcesFiltering - skip non existing resourceDirectory C:\Users\user\Documents\Juan PC guillermo SpringAngularAWS\WORKSPACES\workspacegRPC\recetasAPI\src\test\resources
2026-03-07 15:28:32,550 [Worker-34: Building] INFO  o.a.m.s.f.DefaultMavenResourcesFiltering - Copying 1 resource from src\main\resources to target\classes
2026-03-07 15:28:32,558 [Worker-34: Building] INFO  o.a.m.s.f.DefaultMavenResourcesFiltering - Copying 0 resource from src\main\resources to target\classes
2026-03-07 15:28:32,561 [Worker-34: Building] INFO  o.a.m.s.f.DefaultMavenResourcesFiltering - skip non existing resourceDirectory C:\Users\user\Documents\Juan PC guillermo SpringAngularAWS\WORKSPACES\workspacegRPC\recetasAPI\src\test\resources
2026-03-07 15:28:39,450 [Worker-34: Building] INFO  o.a.m.s.f.DefaultMavenResourcesFiltering - Copying 1 resource from src\main\resources to target\classes
2026-03-07 15:28:39,459 [Worker-34: Building] INFO  o.a.m.s.f.DefaultMavenResourcesFiltering - Copying 0 resource from src\main\resources to target\classes
2026-03-07 15:28:39,461 [Worker-34: Building] INFO  o.a.m.s.f.DefaultMavenResourcesFiltering - skip non existing resourceDirectory C:\Users\user\Documents\Juan PC guillermo SpringAngularAWS\WORKSPACES\workspacegRPC\recetasAPI\src\test\resources
2026-03-07 15:28:42,366 [Worker-34: Building] INFO  o.a.m.s.f.DefaultMavenResourcesFiltering - Copying 1 resource from src\main\resources to target\classes
2026-03-07 15:28:42,377 [Worker-34: Building] INFO  o.a.m.s.f.DefaultMavenResourcesFiltering - Copying 0 resource from src\main\resources to target\classes
2026-03-07 15:28:42,381 [Worker-34: Building] INFO  o.a.m.s.f.DefaultMavenResourcesFiltering - skip non existing resourceDirectory C:\Users\user\Documents\Juan PC guillermo SpringAngularAWS\WORKSPACES\workspacegRPC\recetasAPI\src\test\resources
2026-03-07 15:29:07,441 [Worker-34: Building] INFO  o.a.m.s.f.DefaultMavenResourcesFiltering - Copying 1 resource from src\main\resources to target\classes
2026-03-07 15:29:07,448 [Worker-34: Building] INFO  o.a.m.s.f.DefaultMavenResourcesFiltering - Copying 0 resource from src\main\resources to target\classes
2026-03-07 15:29:07,451 [Worker-34: Building] INFO  o.a.m.s.f.DefaultMavenResourcesFiltering - skip non existing resourceDirectory C:\Users\user\Documents\Juan PC guillermo SpringAngularAWS\WORKSPACES\workspacegRPC\recetasAPI\src\test\resources
2026-03-07 15:29:28,029 [Worker-0: Building] INFO  o.a.m.s.f.DefaultMavenResourcesFiltering - Copying 1 resource from src\main\resources to target\classes
2026-03-07 15:29:28,036 [Worker-0: Building] INFO  o.a.m.s.f.DefaultMavenResourcesFiltering - Copying 0 resource from src\main\resources to target\classes
2026-03-07 15:29:28,039 [Worker-0: Building] INFO  o.a.m.s.f.DefaultMavenResourcesFiltering - skip non existing resourceDirectory C:\Users\user\Documents\Juan PC guillermo SpringAngularAWS\WORKSPACES\workspacegRPC\recetasAPI\src\test\resources
2026-03-07 15:29:34,243 [Worker-0: Building] INFO  o.a.m.s.f.DefaultMavenResourcesFiltering - Copying 1 resource from src\main\resources to target\classes
2026-03-07 15:29:34,255 [Worker-0: Building] INFO  o.a.m.s.f.DefaultMavenResourcesFiltering - Copying 0 resource from src\main\resources to target\classes
2026-03-07 15:29:34,259 [Worker-0: Building] INFO  o.a.m.s.f.DefaultMavenResourcesFiltering - skip non existing resourceDirectory C:\Users\user\Documents\Juan PC guillermo SpringAngularAWS\WORKSPACES\workspacegRPC\recetasAPI\src\test\resources
2026-03-07 15:30:31,793 [Worker-34: Building] INFO  o.e.m.c.i.l.LifecycleMappingFactory - Using org.eclipse.m2e.jdt.JarLifecycleMapping lifecycle mapping for MavenProject: com.recetas:recetasAPI:0.0.1-SNAPSHOT @ C:\Users\user\Documents\Juan PC guillermo SpringAngularAWS\WORKSPACES\workspacegRPC\recetasAPI\pom.xml.
2026-03-07 15:30:33,035 [Worker-34: Building] INFO  o.a.m.s.f.DefaultMavenResourcesFiltering - Copying 0 resource from src\main\resources to target\classes
2026-03-07 15:30:33,036 [Worker-34: Building] INFO  o.a.m.s.f.DefaultMavenResourcesFiltering - Copying 0 resource from src\main\resources to target\classes
2026-03-07 15:30:33,044 [Worker-34: Building] INFO  o.a.m.s.f.DefaultMavenResourcesFiltering - skip non existing resourceDirectory C:\Users\user\Documents\Juan PC guillermo SpringAngularAWS\WORKSPACES\workspacegRPC\recetasAPI\src\test\resources
2026-03-07 15:30:34,346 [Worker-33: Building] INFO  o.a.m.s.f.DefaultMavenResourcesFiltering - Copying 1 resource from src\main\resources to target\classes
2026-03-07 15:30:34,366 [Worker-33: Building] INFO  o.a.m.s.f.DefaultMavenResourcesFiltering - Copying 0 resource from src\main\resources to target\classes
2026-03-07 15:30:34,371 [Worker-33: Building] INFO  o.a.m.s.f.DefaultMavenResourcesFiltering - skip non existing resourceDirectory C:\Users\user\Documents\Juan PC guillermo SpringAngularAWS\WORKSPACES\workspacegRPC\recetasAPI\src\test\resources
2026-03-07 15:30:47,891 [Worker-31: Building] INFO  o.e.m.c.i.l.LifecycleMappingFactory - Using org.eclipse.m2e.jdt.JarLifecycleMapping lifecycle mapping for MavenProject: com.restaurantes:restaurantes:0.0.1-SNAPSHOT @ C:\Users\user\Documents\Juan PC guillermo SpringAngularAWS\WORKSPACES\workspacegRPC\restaurantes\pom.xml.
2026-03-07 15:30:48,474 [Worker-31: Building] INFO  o.a.m.s.f.DefaultMavenResourcesFiltering - Copying 0 resource from src\main\resources to target\classes
2026-03-07 15:30:48,475 [Worker-31: Building] INFO  o.a.m.s.f.DefaultMavenResourcesFiltering - Copying 0 resource from src\main\resources to target\classes
2026-03-07 15:30:48,479 [Worker-31: Building] INFO  o.a.m.s.f.DefaultMavenResourcesFiltering - skip non existing resourceDirectory C:\Users\user\Documents\Juan PC guillermo SpringAngularAWS\WORKSPACES\workspacegRPC\restaurantes\src\test\resources
2026-03-07 15:30:49,870 [Worker-0: Building] INFO  o.a.m.s.f.DefaultMavenResourcesFiltering - Copying 1 resource from src\main\resources to target\classes
2026-03-07 15:30:49,920 [Worker-0: Building] INFO  o.a.m.s.f.DefaultMavenResourcesFiltering - Copying 0 resource from src\main\resources to target\classes
2026-03-07 15:30:49,925 [Worker-0: Building] INFO  o.a.m.s.f.DefaultMavenResourcesFiltering - skip non existing resourceDirectory C:\Users\user\Documents\Juan PC guillermo SpringAngularAWS\WORKSPACES\workspacegRPC\restaurantes\src\test\resources
2026-03-07 15:37:05,437 [Worker-34: Building] INFO  o.a.m.s.f.DefaultMavenResourcesFiltering - Copying 1 resource from src\main\resources to target\classes
2026-03-07 15:37:05,532 [Worker-34: Building] INFO  o.a.m.s.f.DefaultMavenResourcesFiltering - Copying 0 resource from src\main\resources to target\classes
2026-03-07 15:37:05,538 [Worker-34: Building] INFO  o.a.m.s.f.DefaultMavenResourcesFiltering - skip non existing resourceDirectory C:\Users\user\Documents\Juan PC guillermo SpringAngularAWS\WORKSPACES\workspacegRPC\recetasAPI\src\test\resources
2026-03-07 15:40:18,068 [Worker-31: Building] INFO  o.a.m.s.f.DefaultMavenResourcesFiltering - Copying 1 resource from src\main\resources to target\classes
2026-03-07 15:40:18,101 [Worker-31: Building] INFO  o.a.m.s.f.DefaultMavenResourcesFiltering - Copying 0 resource from src\main\resources to target\classes
2026-03-07 15:40:18,105 [Worker-31: Building] INFO  o.a.m.s.f.DefaultMavenResourcesFiltering - skip non existing resourceDirectory C:\Users\user\Documents\Juan PC guillermo SpringAngularAWS\WORKSPACES\workspacegRPC\recetasAPI\src\test\resources
2026-03-07 15:40:38,373 [Worker-33: Building] INFO  o.a.m.s.f.DefaultMavenResourcesFiltering - Copying 1 resource from src\main\resources to target\classes
2026-03-07 15:40:38,436 [Worker-33: Building] INFO  o.a.m.s.f.DefaultMavenResourcesFiltering - Copying 0 resource from src\main\resources to target\classes
2026-03-07 15:40:38,439 [Worker-33: Building] INFO  o.a.m.s.f.DefaultMavenResourcesFiltering - skip non existing resourceDirectory C:\Users\user\Documents\Juan PC guillermo SpringAngularAWS\WORKSPACES\workspacegRPC\recetasAPI\src\test\resources
2026-03-07 15:40:43,990 [Worker-36: Building] INFO  o.a.m.s.f.DefaultMavenResourcesFiltering - Copying 1 resource from src\main\resources to target\classes
2026-03-07 15:40:44,034 [Worker-36: Building] INFO  o.a.m.s.f.DefaultMavenResourcesFiltering - Copying 0 resource from src\main\resources to target\classes
2026-03-07 15:40:44,038 [Worker-36: Building] INFO  o.a.m.s.f.DefaultMavenResourcesFiltering - skip non existing resourceDirectory C:\Users\user\Documents\Juan PC guillermo SpringAngularAWS\WORKSPACES\workspacegRPC\recetasAPI\src\test\resources
2026-03-07 15:40:49,822 [Worker-0: Building] INFO  o.a.m.s.f.DefaultMavenResourcesFiltering - Copying 1 resource from src\main\resources to target\classes
2026-03-07 15:40:49,854 [Worker-0: Building] INFO  o.a.m.s.f.DefaultMavenResourcesFiltering - Copying 0 resource from src\main\resources to target\classes
2026-03-07 15:40:49,858 [Worker-0: Building] INFO  o.a.m.s.f.DefaultMavenResourcesFiltering - skip non existing resourceDirectory C:\Users\user\Documents\Juan PC guillermo SpringAngularAWS\WORKSPACES\workspacegRPC\recetasAPI\src\test\resources
2026-03-07 15:42:21,806 [Worker-31: Building] INFO  o.e.m.c.i.l.LifecycleMappingFactory - Using org.eclipse.m2e.jdt.JarLifecycleMapping lifecycle mapping for MavenProject: com.recetas:recetasAPI:0.0.1-SNAPSHOT @ C:\Users\user\Documents\Juan PC guillermo SpringAngularAWS\WORKSPACES\workspacegRPC\recetasAPI\pom.xml.
2026-03-07 15:42:22,248 [Worker-31: Building] INFO  o.e.m.c.i.e.AbstractTransferListenerAdapter - Downloading https://repo.maven.apache.org/maven2/org/springframework/boot/spring-boot-starter-web/4.0.3/spring-boot-starter-web-4.0.3.pom
2026-03-07 15:42:22,282 [Worker-31: Building] INFO  o.e.m.c.i.e.AbstractTransferListenerAdapter - Downloaded https://repo.maven.apache.org/maven2/org/springframework/boot/spring-boot-starter-web/4.0.3/spring-boot-starter-web-4.0.3.pom
2026-03-07 15:42:22,321 [Worker-31: Building] INFO  o.e.m.c.i.e.AbstractTransferListenerAdapter - Downloading https://repo.maven.apache.org/maven2/org/springframework/boot/spring-boot-starter-jackson/4.0.3/spring-boot-starter-jackson-4.0.3.pom
2026-03-07 15:42:22,353 [Worker-31: Building] INFO  o.e.m.c.i.e.AbstractTransferListenerAdapter - Downloaded https://repo.maven.apache.org/maven2/org/springframework/boot/spring-boot-starter-jackson/4.0.3/spring-boot-starter-jackson-4.0.3.pom
2026-03-07 15:42:22,398 [Worker-31: Building] INFO  o.e.m.c.i.e.AbstractTransferListenerAdapter - Downloading https://repo.maven.apache.org/maven2/org/springframework/boot/spring-boot-jackson/4.0.3/spring-boot-jackson-4.0.3.pom
2026-03-07 15:42:22,457 [Worker-31: Building] INFO  o.e.m.c.i.e.AbstractTransferListenerAdapter - Downloaded https://repo.maven.apache.org/maven2/org/springframework/boot/spring-boot-jackson/4.0.3/spring-boot-jackson-4.0.3.pom
2026-03-07 15:42:22,676 [Worker-31: Building] INFO  o.e.m.c.i.e.AbstractTransferListenerAdapter - Downloading https://repo.maven.apache.org/maven2/org/springframework/boot/spring-boot-starter-tomcat/4.0.3/spring-boot-starter-tomcat-4.0.3.pom
2026-03-07 15:42:22,752 [Worker-31: Building] INFO  o.e.m.c.i.e.AbstractTransferListenerAdapter - Downloaded https://repo.maven.apache.org/maven2/org/springframework/boot/spring-boot-starter-tomcat/4.0.3/spring-boot-starter-tomcat-4.0.3.pom
2026-03-07 15:42:22,810 [Worker-31: Building] INFO  o.e.m.c.i.e.AbstractTransferListenerAdapter - Downloading https://repo.maven.apache.org/maven2/org/springframework/boot/spring-boot-starter-tomcat-runtime/4.0.3/spring-boot-starter-tomcat-runtime-4.0.3.pom
2026-03-07 15:42:22,894 [Worker-31: Building] INFO  o.e.m.c.i.e.AbstractTransferListenerAdapter - Downloaded https://repo.maven.apache.org/maven2/org/springframework/boot/spring-boot-starter-tomcat-runtime/4.0.3/spring-boot-starter-tomcat-runtime-4.0.3.pom
2026-03-07 15:42:22,942 [Worker-31: Building] INFO  o.e.m.c.i.e.AbstractTransferListenerAdapter - Downloading https://repo.maven.apache.org/maven2/org/springframework/boot/spring-boot-tomcat/4.0.3/spring-boot-tomcat-4.0.3.pom
2026-03-07 15:42:23,022 [Worker-31: Building] INFO  o.e.m.c.i.e.AbstractTransferListenerAdapter - Downloaded https://repo.maven.apache.org/maven2/org/springframework/boot/spring-boot-tomcat/4.0.3/spring-boot-tomcat-4.0.3.pom
2026-03-07 15:42:23,074 [Worker-31: Building] INFO  o.e.m.c.i.e.AbstractTransferListenerAdapter - Downloading https://repo.maven.apache.org/maven2/org/springframework/boot/spring-boot-web-server/4.0.3/spring-boot-web-server-4.0.3.pom
2026-03-07 15:42:23,157 [Worker-31: Building] INFO  o.e.m.c.i.e.AbstractTransferListenerAdapter - Downloaded https://repo.maven.apache.org/maven2/org/springframework/boot/spring-boot-web-server/4.0.3/spring-boot-web-server-4.0.3.pom
2026-03-07 15:42:23,217 [Worker-31: Building] INFO  o.e.m.c.i.e.AbstractTransferListenerAdapter - Downloading https://repo.maven.apache.org/maven2/org/apache/tomcat/embed/tomcat-embed-core/11.0.18/tomcat-embed-core-11.0.18.pom
2026-03-07 15:42:23,272 [Worker-31: Building] INFO  o.e.m.c.i.e.AbstractTransferListenerAdapter - Downloaded https://repo.maven.apache.org/maven2/org/apache/tomcat/embed/tomcat-embed-core/11.0.18/tomcat-embed-core-11.0.18.pom
2026-03-07 15:42:23,318 [Worker-31: Building] INFO  o.e.m.c.i.e.AbstractTransferListenerAdapter - Downloading https://repo.maven.apache.org/maven2/org/apache/tomcat/embed/tomcat-embed-el/11.0.18/tomcat-embed-el-11.0.18.pom
2026-03-07 15:42:23,351 [Worker-31: Building] INFO  o.e.m.c.i.e.AbstractTransferListenerAdapter - Downloaded https://repo.maven.apache.org/maven2/org/apache/tomcat/embed/tomcat-embed-el/11.0.18/tomcat-embed-el-11.0.18.pom
2026-03-07 15:42:23,388 [Worker-31: Building] INFO  o.e.m.c.i.e.AbstractTransferListenerAdapter - Downloading https://repo.maven.apache.org/maven2/org/apache/tomcat/embed/tomcat-embed-websocket/11.0.18/tomcat-embed-websocket-11.0.18.pom
2026-03-07 15:42:23,417 [Worker-31: Building] INFO  o.e.m.c.i.e.AbstractTransferListenerAdapter - Downloaded https://repo.maven.apache.org/maven2/org/apache/tomcat/embed/tomcat-embed-websocket/11.0.18/tomcat-embed-websocket-11.0.18.pom
2026-03-07 15:42:23,452 [Worker-31: Building] INFO  o.e.m.c.i.e.AbstractTransferListenerAdapter - Downloading https://repo.maven.apache.org/maven2/org/springframework/spring-web/7.0.5/spring-web-7.0.5.pom
2026-03-07 15:42:23,481 [Worker-31: Building] INFO  o.e.m.c.i.e.AbstractTransferListenerAdapter - Downloaded https://repo.maven.apache.org/maven2/org/springframework/spring-web/7.0.5/spring-web-7.0.5.pom
2026-03-07 15:42:23,523 [Worker-31: Building] INFO  o.e.m.c.i.e.AbstractTransferListenerAdapter - Downloading https://repo.maven.apache.org/maven2/org/springframework/boot/spring-boot-http-converter/4.0.3/spring-boot-http-converter-4.0.3.pom
2026-03-07 15:42:23,573 [Worker-31: Building] INFO  o.e.m.c.i.e.AbstractTransferListenerAdapter - Downloaded https://repo.maven.apache.org/maven2/org/springframework/boot/spring-boot-http-converter/4.0.3/spring-boot-http-converter-4.0.3.pom
2026-03-07 15:42:23,607 [Worker-31: Building] INFO  o.e.m.c.i.e.AbstractTransferListenerAdapter - Downloading https://repo.maven.apache.org/maven2/org/springframework/boot/spring-boot-webmvc/4.0.3/spring-boot-webmvc-4.0.3.pom
2026-03-07 15:42:23,649 [Worker-31: Building] INFO  o.e.m.c.i.e.AbstractTransferListenerAdapter - Downloaded https://repo.maven.apache.org/maven2/org/springframework/boot/spring-boot-webmvc/4.0.3/spring-boot-webmvc-4.0.3.pom
2026-03-07 15:42:23,690 [Worker-31: Building] INFO  o.e.m.c.i.e.AbstractTransferListenerAdapter - Downloading https://repo.maven.apache.org/maven2/org/springframework/boot/spring-boot-servlet/4.0.3/spring-boot-servlet-4.0.3.pom
2026-03-07 15:42:23,734 [Worker-31: Building] INFO  o.e.m.c.i.e.AbstractTransferListenerAdapter - Downloaded https://repo.maven.apache.org/maven2/org/springframework/boot/spring-boot-servlet/4.0.3/spring-boot-servlet-4.0.3.pom
2026-03-07 15:42:23,773 [Worker-31: Building] INFO  o.e.m.c.i.e.AbstractTransferListenerAdapter - Downloading https://repo.maven.apache.org/maven2/org/springframework/spring-webmvc/7.0.5/spring-webmvc-7.0.5.pom
2026-03-07 15:42:23,819 [Worker-31: Building] INFO  o.e.m.c.i.e.AbstractTransferListenerAdapter - Downloaded https://repo.maven.apache.org/maven2/org/springframework/spring-webmvc/7.0.5/spring-webmvc-7.0.5.pom
2026-03-07 15:42:23,981 [Worker-31: Building] INFO  o.e.m.c.i.e.AbstractTransferListenerAdapter - Downloading https://repo.maven.apache.org/maven2/org/springframework/boot/spring-boot-starter-web/4.0.3/spring-boot-starter-web-4.0.3.jar
2026-03-07 15:42:24,047 [Worker-31: Building] INFO  o.e.m.c.i.e.AbstractTransferListenerAdapter - Downloaded https://repo.maven.apache.org/maven2/org/springframework/boot/spring-boot-starter-web/4.0.3/spring-boot-starter-web-4.0.3.jar
2026-03-07 15:42:24,081 [BasicRepositoryConnector-repo.maven.apache.org-2-0] INFO  o.e.m.c.i.e.AbstractTransferListenerAdapter - Downloading https://repo.maven.apache.org/maven2/org/springframework/boot/spring-boot-starter-jackson/4.0.3/spring-boot-starter-jackson-4.0.3.jar
2026-03-07 15:42:24,122 [BasicRepositoryConnector-repo.maven.apache.org-2-1] INFO  o.e.m.c.i.e.AbstractTransferListenerAdapter - Downloading https://repo.maven.apache.org/maven2/org/springframework/boot/spring-boot-jackson/4.0.3/spring-boot-jackson-4.0.3.jar
2026-03-07 15:42:24,144 [BasicRepositoryConnector-repo.maven.apache.org-2-3] INFO  o.e.m.c.i.e.AbstractTransferListenerAdapter - Downloading https://repo.maven.apache.org/maven2/org/springframework/boot/spring-boot-starter-tomcat-runtime/4.0.3/spring-boot-starter-tomcat-runtime-4.0.3.jar
2026-03-07 15:42:24,146 [BasicRepositoryConnector-repo.maven.apache.org-2-4] INFO  o.e.m.c.i.e.AbstractTransferListenerAdapter - Downloading https://repo.maven.apache.org/maven2/org/springframework/boot/spring-boot-web-server/4.0.3/spring-boot-web-server-4.0.3.jar
2026-03-07 15:42:24,151 [BasicRepositoryConnector-repo.maven.apache.org-2-2] INFO  o.e.m.c.i.e.AbstractTransferListenerAdapter - Downloading https://repo.maven.apache.org/maven2/org/springframework/boot/spring-boot-starter-tomcat/4.0.3/spring-boot-starter-tomcat-4.0.3.jar
2026-03-07 15:42:24,165 [BasicRepositoryConnector-repo.maven.apache.org-2-0] INFO  o.e.m.c.i.e.AbstractTransferListenerAdapter - Downloaded https://repo.maven.apache.org/maven2/org/springframework/boot/spring-boot-starter-jackson/4.0.3/spring-boot-starter-jackson-4.0.3.jar
2026-03-07 15:42:24,209 [BasicRepositoryConnector-repo.maven.apache.org-2-0] INFO  o.e.m.c.i.e.AbstractTransferListenerAdapter - Downloading https://repo.maven.apache.org/maven2/org/apache/tomcat/embed/tomcat-embed-core/11.0.18/tomcat-embed-core-11.0.18.jar
2026-03-07 15:42:24,214 [BasicRepositoryConnector-repo.maven.apache.org-2-1] INFO  o.e.m.c.i.e.AbstractTransferListenerAdapter - Downloaded https://repo.maven.apache.org/maven2/org/springframework/boot/spring-boot-jackson/4.0.3/spring-boot-jackson-4.0.3.jar
2026-03-07 15:42:24,229 [BasicRepositoryConnector-repo.maven.apache.org-2-3] INFO  o.e.m.c.i.e.AbstractTransferListenerAdapter - Downloaded https://repo.maven.apache.org/maven2/org/springframework/boot/spring-boot-starter-tomcat-runtime/4.0.3/spring-boot-starter-tomcat-runtime-4.0.3.jar
2026-03-07 15:42:24,242 [BasicRepositoryConnector-repo.maven.apache.org-2-2] INFO  o.e.m.c.i.e.AbstractTransferListenerAdapter - Downloaded https://repo.maven.apache.org/maven2/org/springframework/boot/spring-boot-starter-tomcat/4.0.3/spring-boot-starter-tomcat-4.0.3.jar
2026-03-07 15:42:24,247 [BasicRepositoryConnector-repo.maven.apache.org-2-4] INFO  o.e.m.c.i.e.AbstractTransferListenerAdapter - Downloaded https://repo.maven.apache.org/maven2/org/springframework/boot/spring-boot-web-server/4.0.3/spring-boot-web-server-4.0.3.jar
2026-03-07 15:42:24,249 [BasicRepositoryConnector-repo.maven.apache.org-2-1] INFO  o.e.m.c.i.e.AbstractTransferListenerAdapter - Downloading https://repo.maven.apache.org/maven2/org/apache/tomcat/embed/tomcat-embed-el/11.0.18/tomcat-embed-el-11.0.18.jar
2026-03-07 15:42:24,295 [BasicRepositoryConnector-repo.maven.apache.org-2-2] INFO  o.e.m.c.i.e.AbstractTransferListenerAdapter - Downloading https://repo.maven.apache.org/maven2/org/springframework/boot/spring-boot-tomcat/4.0.3/spring-boot-tomcat-4.0.3.jar
2026-03-07 15:42:24,323 [BasicRepositoryConnector-repo.maven.apache.org-2-3] INFO  o.e.m.c.i.e.AbstractTransferListenerAdapter - Downloading https://repo.maven.apache.org/maven2/org/apache/tomcat/embed/tomcat-embed-websocket/11.0.18/tomcat-embed-websocket-11.0.18.jar
2026-03-07 15:42:24,348 [BasicRepositoryConnector-repo.maven.apache.org-2-4] INFO  o.e.m.c.i.e.AbstractTransferListenerAdapter - Downloading https://repo.maven.apache.org/maven2/org/springframework/boot/spring-boot-http-converter/4.0.3/spring-boot-http-converter-4.0.3.jar
2026-03-07 15:42:24,397 [BasicRepositoryConnector-repo.maven.apache.org-2-4] INFO  o.e.m.c.i.e.AbstractTransferListenerAdapter - Downloaded https://repo.maven.apache.org/maven2/org/springframework/boot/spring-boot-http-converter/4.0.3/spring-boot-http-converter-4.0.3.jar
2026-03-07 15:42:24,414 [BasicRepositoryConnector-repo.maven.apache.org-2-2] INFO  o.e.m.c.i.e.AbstractTransferListenerAdapter - Downloaded https://repo.maven.apache.org/maven2/org/springframework/boot/spring-boot-tomcat/4.0.3/spring-boot-tomcat-4.0.3.jar
2026-03-07 15:42:24,416 [BasicRepositoryConnector-repo.maven.apache.org-2-1] INFO  o.e.m.c.i.e.AbstractTransferListenerAdapter - Downloaded https://repo.maven.apache.org/maven2/org/apache/tomcat/embed/tomcat-embed-el/11.0.18/tomcat-embed-el-11.0.18.jar
2026-03-07 15:42:24,445 [BasicRepositoryConnector-repo.maven.apache.org-2-4] INFO  o.e.m.c.i.e.AbstractTransferListenerAdapter - Downloading https://repo.maven.apache.org/maven2/org/springframework/spring-web/7.0.5/spring-web-7.0.5.jar
2026-03-07 15:42:24,479 [BasicRepositoryConnector-repo.maven.apache.org-2-1] INFO  o.e.m.c.i.e.AbstractTransferListenerAdapter - Downloading https://repo.maven.apache.org/maven2/org/springframework/boot/spring-boot-servlet/4.0.3/spring-boot-servlet-4.0.3.jar
2026-03-07 15:42:24,487 [BasicRepositoryConnector-repo.maven.apache.org-2-2] INFO  o.e.m.c.i.e.AbstractTransferListenerAdapter - Downloading https://repo.maven.apache.org/maven2/org/springframework/boot/spring-boot-webmvc/4.0.3/spring-boot-webmvc-4.0.3.jar
2026-03-07 15:42:24,513 [BasicRepositoryConnector-repo.maven.apache.org-2-3] INFO  o.e.m.c.i.e.AbstractTransferListenerAdapter - Downloaded https://repo.maven.apache.org/maven2/org/apache/tomcat/embed/tomcat-embed-websocket/11.0.18/tomcat-embed-websocket-11.0.18.jar
2026-03-07 15:42:24,604 [BasicRepositoryConnector-repo.maven.apache.org-2-3] INFO  o.e.m.c.i.e.AbstractTransferListenerAdapter - Downloading https://repo.maven.apache.org/maven2/org/springframework/spring-webmvc/7.0.5/spring-webmvc-7.0.5.jar
2026-03-07 15:42:24,723 [BasicRepositoryConnector-repo.maven.apache.org-2-2] INFO  o.e.m.c.i.e.AbstractTransferListenerAdapter - Downloaded https://repo.maven.apache.org/maven2/org/springframework/boot/spring-boot-webmvc/4.0.3/spring-boot-webmvc-4.0.3.jar
2026-03-07 15:42:25,143 [BasicRepositoryConnector-repo.maven.apache.org-2-0] INFO  o.e.m.c.i.e.AbstractTransferListenerAdapter - Downloaded https://repo.maven.apache.org/maven2/org/apache/tomcat/embed/tomcat-embed-core/11.0.18/tomcat-embed-core-11.0.18.jar
2026-03-07 15:42:25,162 [BasicRepositoryConnector-repo.maven.apache.org-2-3] INFO  o.e.m.c.i.e.AbstractTransferListenerAdapter - Downloaded https://repo.maven.apache.org/maven2/org/springframework/spring-webmvc/7.0.5/spring-webmvc-7.0.5.jar
2026-03-07 15:42:25,350 [BasicRepositoryConnector-repo.maven.apache.org-2-1] INFO  o.e.m.c.i.e.AbstractTransferListenerAdapter - Downloaded https://repo.maven.apache.org/maven2/org/springframework/boot/spring-boot-servlet/4.0.3/spring-boot-servlet-4.0.3.jar
2026-03-07 15:42:25,476 [BasicRepositoryConnector-repo.maven.apache.org-2-4] INFO  o.e.m.c.i.e.AbstractTransferListenerAdapter - Downloaded https://repo.maven.apache.org/maven2/org/springframework/spring-web/7.0.5/spring-web-7.0.5.jar
2026-03-07 15:42:26,155 [Worker-31: Building] INFO  o.a.m.s.f.DefaultMavenResourcesFiltering - Copying 0 resource from src\main\resources to target\classes
2026-03-07 15:42:26,156 [Worker-31: Building] INFO  o.a.m.s.f.DefaultMavenResourcesFiltering - Copying 0 resource from src\main\resources to target\classes
2026-03-07 15:42:26,161 [Worker-31: Building] INFO  o.a.m.s.f.DefaultMavenResourcesFiltering - skip non existing resourceDirectory C:\Users\user\Documents\Juan PC guillermo SpringAngularAWS\WORKSPACES\workspacegRPC\recetasAPI\src\test\resources
2026-03-07 15:42:26,651 [Worker-33: Building] INFO  o.a.m.s.f.DefaultMavenResourcesFiltering - Copying 1 resource from src\main\resources to target\classes
2026-03-07 15:42:26,681 [Worker-33: Building] INFO  o.a.m.s.f.DefaultMavenResourcesFiltering - Copying 0 resource from src\main\resources to target\classes
2026-03-07 15:42:26,687 [Worker-33: Building] INFO  o.a.m.s.f.DefaultMavenResourcesFiltering - skip non existing resourceDirectory C:\Users\user\Documents\Juan PC guillermo SpringAngularAWS\WORKSPACES\workspacegRPC\recetasAPI\src\test\resources
2026-03-07 15:42:27,097 [Worker-0: Download sources and javadoc] INFO  o.e.m.c.i.e.AbstractTransferListenerAdapter - Downloading https://repo.maven.apache.org/maven2/org/springframework/boot/spring-boot-starter-web/4.0.3/spring-boot-starter-web-4.0.3-sources.jar
2026-03-07 15:42:27,116 [Worker-0: Download sources and javadoc] INFO  o.e.m.c.i.e.AbstractTransferListenerAdapter - Downloaded https://repo.maven.apache.org/maven2/org/springframework/boot/spring-boot-starter-web/4.0.3/spring-boot-starter-web-4.0.3-sources.jar
2026-03-07 15:42:27,122 [Worker-0: Download sources and javadoc] INFO  o.e.m.j.internal.DownloadSourcesJob - Downloaded sources for org.springframework.boot:spring-boot-starter-web:4.0.3
2026-03-07 15:42:27,242 [Worker-0: Download sources and javadoc] INFO  o.e.m.c.i.e.AbstractTransferListenerAdapter - Downloading https://repo.maven.apache.org/maven2/org/springframework/boot/spring-boot-starter-jackson/4.0.3/spring-boot-starter-jackson-4.0.3-sources.jar
2026-03-07 15:42:27,252 [Worker-0: Download sources and javadoc] INFO  o.e.m.c.i.e.AbstractTransferListenerAdapter - Downloaded https://repo.maven.apache.org/maven2/org/springframework/boot/spring-boot-starter-jackson/4.0.3/spring-boot-starter-jackson-4.0.3-sources.jar
2026-03-07 15:42:27,259 [Worker-0: Download sources and javadoc] INFO  o.e.m.j.internal.DownloadSourcesJob - Downloaded sources for org.springframework.boot:spring-boot-starter-jackson:4.0.3
2026-03-07 15:42:27,332 [Worker-0: Download sources and javadoc] INFO  o.e.m.c.i.e.AbstractTransferListenerAdapter - Downloading https://repo.maven.apache.org/maven2/org/springframework/boot/spring-boot-jackson/4.0.3/spring-boot-jackson-4.0.3-sources.jar
2026-03-07 15:42:28,226 [Worker-0: Download sources and javadoc] INFO  o.e.m.c.i.e.AbstractTransferListenerAdapter - Downloaded https://repo.maven.apache.org/maven2/org/springframework/boot/spring-boot-jackson/4.0.3/spring-boot-jackson-4.0.3-sources.jar
2026-03-07 15:42:28,233 [Worker-0: Download sources and javadoc] INFO  o.e.m.j.internal.DownloadSourcesJob - Downloaded sources for org.springframework.boot:spring-boot-jackson:4.0.3
2026-03-07 15:42:28,314 [Worker-0: Download sources and javadoc] INFO  o.e.m.c.i.e.AbstractTransferListenerAdapter - Downloading https://repo.maven.apache.org/maven2/org/springframework/boot/spring-boot-starter-tomcat/4.0.3/spring-boot-starter-tomcat-4.0.3-sources.jar
2026-03-07 15:42:28,323 [Worker-0: Download sources and javadoc] INFO  o.e.m.c.i.e.AbstractTransferListenerAdapter - Downloaded https://repo.maven.apache.org/maven2/org/springframework/boot/spring-boot-starter-tomcat/4.0.3/spring-boot-starter-tomcat-4.0.3-sources.jar
2026-03-07 15:42:28,329 [Worker-0: Download sources and javadoc] INFO  o.e.m.j.internal.DownloadSourcesJob - Downloaded sources for org.springframework.boot:spring-boot-starter-tomcat:4.0.3
2026-03-07 15:42:28,448 [Worker-0: Download sources and javadoc] INFO  o.e.m.c.i.e.AbstractTransferListenerAdapter - Downloading https://repo.maven.apache.org/maven2/org/springframework/boot/spring-boot-starter-tomcat-runtime/4.0.3/spring-boot-starter-tomcat-runtime-4.0.3-sources.jar
2026-03-07 15:42:28,457 [Worker-0: Download sources and javadoc] INFO  o.e.m.c.i.e.AbstractTransferListenerAdapter - Downloaded https://repo.maven.apache.org/maven2/org/springframework/boot/spring-boot-starter-tomcat-runtime/4.0.3/spring-boot-starter-tomcat-runtime-4.0.3-sources.jar
2026-03-07 15:42:28,463 [Worker-0: Download sources and javadoc] INFO  o.e.m.j.internal.DownloadSourcesJob - Downloaded sources for org.springframework.boot:spring-boot-starter-tomcat-runtime:4.0.3
2026-03-07 15:42:28,546 [Worker-0: Download sources and javadoc] INFO  o.e.m.c.i.e.AbstractTransferListenerAdapter - Downloading https://repo.maven.apache.org/maven2/org/springframework/boot/spring-boot-web-server/4.0.3/spring-boot-web-server-4.0.3-sources.jar
2026-03-07 15:42:28,628 [Worker-0: Download sources and javadoc] INFO  o.e.m.c.i.e.AbstractTransferListenerAdapter - Downloaded https://repo.maven.apache.org/maven2/org/springframework/boot/spring-boot-web-server/4.0.3/spring-boot-web-server-4.0.3-sources.jar
2026-03-07 15:42:28,634 [Worker-0: Download sources and javadoc] INFO  o.e.m.j.internal.DownloadSourcesJob - Downloaded sources for org.springframework.boot:spring-boot-web-server:4.0.3
2026-03-07 15:42:28,705 [Worker-0: Download sources and javadoc] INFO  o.e.m.c.i.e.AbstractTransferListenerAdapter - Downloading https://repo.maven.apache.org/maven2/org/apache/tomcat/embed/tomcat-embed-core/11.0.18/tomcat-embed-core-11.0.18-sources.jar
2026-03-07 15:42:29,327 [Worker-0: Download sources and javadoc] INFO  o.e.m.c.i.e.AbstractTransferListenerAdapter - Downloaded https://repo.maven.apache.org/maven2/org/apache/tomcat/embed/tomcat-embed-core/11.0.18/tomcat-embed-core-11.0.18-sources.jar
2026-03-07 15:42:29,334 [Worker-0: Download sources and javadoc] INFO  o.e.m.j.internal.DownloadSourcesJob - Downloaded sources for org.apache.tomcat.embed:tomcat-embed-core:11.0.18
2026-03-07 15:42:29,414 [Worker-0: Download sources and javadoc] INFO  o.e.m.c.i.e.AbstractTransferListenerAdapter - Downloading https://repo.maven.apache.org/maven2/org/apache/tomcat/embed/tomcat-embed-el/11.0.18/tomcat-embed-el-11.0.18-sources.jar
2026-03-07 15:42:29,487 [Worker-0: Download sources and javadoc] INFO  o.e.m.c.i.e.AbstractTransferListenerAdapter - Downloaded https://repo.maven.apache.org/maven2/org/apache/tomcat/embed/tomcat-embed-el/11.0.18/tomcat-embed-el-11.0.18-sources.jar
2026-03-07 15:42:29,495 [Worker-0: Download sources and javadoc] INFO  o.e.m.j.internal.DownloadSourcesJob - Downloaded sources for org.apache.tomcat.embed:tomcat-embed-el:11.0.18
2026-03-07 15:42:29,574 [Worker-0: Download sources and javadoc] INFO  o.e.m.c.i.e.AbstractTransferListenerAdapter - Downloading https://repo.maven.apache.org/maven2/org/apache/tomcat/embed/tomcat-embed-websocket/11.0.18/tomcat-embed-websocket-11.0.18-sources.jar
2026-03-07 15:42:29,664 [Worker-0: Download sources and javadoc] INFO  o.e.m.c.i.e.AbstractTransferListenerAdapter - Downloaded https://repo.maven.apache.org/maven2/org/apache/tomcat/embed/tomcat-embed-websocket/11.0.18/tomcat-embed-websocket-11.0.18-sources.jar
2026-03-07 15:42:29,668 [Worker-0: Download sources and javadoc] INFO  o.e.m.j.internal.DownloadSourcesJob - Downloaded sources for org.apache.tomcat.embed:tomcat-embed-websocket:11.0.18
2026-03-07 15:42:29,742 [Worker-0: Download sources and javadoc] INFO  o.e.m.c.i.e.AbstractTransferListenerAdapter - Downloading https://repo.maven.apache.org/maven2/org/springframework/boot/spring-boot-tomcat/4.0.3/spring-boot-tomcat-4.0.3-sources.jar
2026-03-07 15:42:29,869 [Worker-0: Download sources and javadoc] INFO  o.e.m.c.i.e.AbstractTransferListenerAdapter - Downloaded https://repo.maven.apache.org/maven2/org/springframework/boot/spring-boot-tomcat/4.0.3/spring-boot-tomcat-4.0.3-sources.jar
2026-03-07 15:42:29,881 [Worker-0: Download sources and javadoc] INFO  o.e.m.j.internal.DownloadSourcesJob - Downloaded sources for org.springframework.boot:spring-boot-tomcat:4.0.3
2026-03-07 15:42:29,976 [Worker-0: Download sources and javadoc] INFO  o.e.m.c.i.e.AbstractTransferListenerAdapter - Downloading https://repo.maven.apache.org/maven2/org/springframework/boot/spring-boot-http-converter/4.0.3/spring-boot-http-converter-4.0.3-sources.jar
2026-03-07 15:42:30,521 [Worker-0: Download sources and javadoc] INFO  o.e.m.c.i.e.AbstractTransferListenerAdapter - Downloaded https://repo.maven.apache.org/maven2/org/springframework/boot/spring-boot-http-converter/4.0.3/spring-boot-http-converter-4.0.3-sources.jar
2026-03-07 15:42:30,526 [Worker-0: Download sources and javadoc] INFO  o.e.m.j.internal.DownloadSourcesJob - Downloaded sources for org.springframework.boot:spring-boot-http-converter:4.0.3
2026-03-07 15:42:30,603 [Worker-0: Download sources and javadoc] INFO  o.e.m.c.i.e.AbstractTransferListenerAdapter - Downloading https://repo.maven.apache.org/maven2/org/springframework/spring-web/7.0.5/spring-web-7.0.5-sources.jar
2026-03-07 15:42:30,829 [Worker-0: Download sources and javadoc] INFO  o.e.m.c.i.e.AbstractTransferListenerAdapter - Downloaded https://repo.maven.apache.org/maven2/org/springframework/spring-web/7.0.5/spring-web-7.0.5-sources.jar
2026-03-07 15:42:30,833 [Worker-0: Download sources and javadoc] INFO  o.e.m.j.internal.DownloadSourcesJob - Downloaded sources for org.springframework:spring-web:7.0.5
2026-03-07 15:42:30,897 [Worker-0: Download sources and javadoc] INFO  o.e.m.c.i.e.AbstractTransferListenerAdapter - Downloading https://repo.maven.apache.org/maven2/org/springframework/boot/spring-boot-webmvc/4.0.3/spring-boot-webmvc-4.0.3-sources.jar
2026-03-07 15:42:30,964 [Worker-0: Download sources and javadoc] INFO  o.e.m.c.i.e.AbstractTransferListenerAdapter - Downloaded https://repo.maven.apache.org/maven2/org/springframework/boot/spring-boot-webmvc/4.0.3/spring-boot-webmvc-4.0.3-sources.jar
2026-03-07 15:42:30,968 [Worker-0: Download sources and javadoc] INFO  o.e.m.j.internal.DownloadSourcesJob - Downloaded sources for org.springframework.boot:spring-boot-webmvc:4.0.3
2026-03-07 15:42:31,044 [Worker-0: Download sources and javadoc] INFO  o.e.m.c.i.e.AbstractTransferListenerAdapter - Downloading https://repo.maven.apache.org/maven2/org/springframework/boot/spring-boot-servlet/4.0.3/spring-boot-servlet-4.0.3-sources.jar
2026-03-07 15:42:31,905 [Worker-0: Download sources and javadoc] INFO  o.e.m.c.i.e.AbstractTransferListenerAdapter - Downloaded https://repo.maven.apache.org/maven2/org/springframework/boot/spring-boot-servlet/4.0.3/spring-boot-servlet-4.0.3-sources.jar
2026-03-07 15:42:31,911 [Worker-0: Download sources and javadoc] INFO  o.e.m.j.internal.DownloadSourcesJob - Downloaded sources for org.springframework.boot:spring-boot-servlet:4.0.3
2026-03-07 15:42:31,981 [Worker-0: Download sources and javadoc] INFO  o.e.m.c.i.e.AbstractTransferListenerAdapter - Downloading https://repo.maven.apache.org/maven2/org/springframework/spring-webmvc/7.0.5/spring-webmvc-7.0.5-sources.jar
2026-03-07 15:42:32,158 [Worker-0: Download sources and javadoc] INFO  o.e.m.c.i.e.AbstractTransferListenerAdapter - Downloaded https://repo.maven.apache.org/maven2/org/springframework/spring-webmvc/7.0.5/spring-webmvc-7.0.5-sources.jar
2026-03-07 15:42:32,163 [Worker-0: Download sources and javadoc] INFO  o.e.m.j.internal.DownloadSourcesJob - Downloaded sources for org.springframework:spring-webmvc:7.0.5
2026-03-07 15:42:34,083 [Worker-31: Building] INFO  o.e.m.c.i.l.LifecycleMappingFactory - Using org.eclipse.m2e.jdt.JarLifecycleMapping lifecycle mapping for MavenProject: com.restaurantes:restaurantes:0.0.1-SNAPSHOT @ C:\Users\user\Documents\Juan PC guillermo SpringAngularAWS\WORKSPACES\workspacegRPC\restaurantes\pom.xml.
2026-03-07 15:42:34,905 [Worker-31: Building] INFO  o.a.m.s.f.DefaultMavenResourcesFiltering - Copying 0 resource from src\main\resources to target\classes
2026-03-07 15:42:34,906 [Worker-31: Building] INFO  o.a.m.s.f.DefaultMavenResourcesFiltering - Copying 0 resource from src\main\resources to target\classes
2026-03-07 15:42:34,910 [Worker-31: Building] INFO  o.a.m.s.f.DefaultMavenResourcesFiltering - skip non existing resourceDirectory C:\Users\user\Documents\Juan PC guillermo SpringAngularAWS\WORKSPACES\workspacegRPC\restaurantes\src\test\resources
2026-03-07 15:42:36,272 [Worker-38: Building] INFO  o.a.m.s.f.DefaultMavenResourcesFiltering - Copying 1 resource from src\main\resources to target\classes
2026-03-07 15:42:36,295 [Worker-38: Building] INFO  o.a.m.s.f.DefaultMavenResourcesFiltering - Copying 0 resource from src\main\resources to target\classes
2026-03-07 15:42:36,297 [Worker-38: Building] INFO  o.a.m.s.f.DefaultMavenResourcesFiltering - skip non existing resourceDirectory C:\Users\user\Documents\Juan PC guillermo SpringAngularAWS\WORKSPACES\workspacegRPC\restaurantes\src\test\resources
2026-03-07 15:48:35,051 [Worker-39: Building] INFO  o.a.m.s.f.DefaultMavenResourcesFiltering - Copying 1 resource from src\main\resources to target\classes
2026-03-07 15:48:35,081 [Worker-39: Building] INFO  o.a.m.s.f.DefaultMavenResourcesFiltering - Copying 0 resource from src\main\resources to target\classes
2026-03-07 15:48:35,085 [Worker-39: Building] INFO  o.a.m.s.f.DefaultMavenResourcesFiltering - skip non existing resourceDirectory C:\Users\user\Documents\Juan PC guillermo SpringAngularAWS\WORKSPACES\workspacegRPC\restaurantes\src\test\resources
2026-03-07 15:48:46,483 [Worker-34: Building] INFO  o.a.m.s.f.DefaultMavenResourcesFiltering - Copying 1 resource from src\main\resources to target\classes
2026-03-07 15:48:46,487 [Worker-34: Building] INFO  o.a.m.s.f.DefaultMavenResourcesFiltering - Copying 0 resource from src\main\resources to target\classes
2026-03-07 15:48:46,490 [Worker-34: Building] INFO  o.a.m.s.f.DefaultMavenResourcesFiltering - skip non existing resourceDirectory C:\Users\user\Documents\Juan PC guillermo SpringAngularAWS\WORKSPACES\workspacegRPC\restaurantes\src\test\resources
2026-03-07 15:50:05,122 [Worker-39: Building] INFO  o.a.m.s.f.DefaultMavenResourcesFiltering - Copying 1 resource from src\main\resources to target\classes
2026-03-07 15:50:05,131 [Worker-39: Building] INFO  o.a.m.s.f.DefaultMavenResourcesFiltering - Copying 0 resource from src\main\resources to target\classes
2026-03-07 15:50:05,138 [Worker-39: Building] INFO  o.a.m.s.f.DefaultMavenResourcesFiltering - skip non existing resourceDirectory C:\Users\user\Documents\Juan PC guillermo SpringAngularAWS\WORKSPACES\workspacegRPC\restaurantes\src\test\resources
2026-03-07 15:50:16,732 [Worker-35: Building] INFO  o.a.m.s.f.DefaultMavenResourcesFiltering - Copying 1 resource from src\main\resources to target\classes
2026-03-07 15:50:16,738 [Worker-35: Building] INFO  o.a.m.s.f.DefaultMavenResourcesFiltering - Copying 0 resource from src\main\resources to target\classes
2026-03-07 15:50:16,741 [Worker-35: Building] INFO  o.a.m.s.f.DefaultMavenResourcesFiltering - skip non existing resourceDirectory C:\Users\user\Documents\Juan PC guillermo SpringAngularAWS\WORKSPACES\workspacegRPC\restaurantes\src\test\resources
2026-03-07 15:51:46,933 [Worker-39: Building] INFO  o.a.m.s.f.DefaultMavenResourcesFiltering - Copying 1 resource from src\main\resources to target\classes
2026-03-07 15:51:46,944 [Worker-39: Building] INFO  o.a.m.s.f.DefaultMavenResourcesFiltering - Copying 0 resource from src\main\resources to target\classes
2026-03-07 15:51:46,947 [Worker-39: Building] INFO  o.a.m.s.f.DefaultMavenResourcesFiltering - skip non existing resourceDirectory C:\Users\user\Documents\Juan PC guillermo SpringAngularAWS\WORKSPACES\workspacegRPC\restaurantes\src\test\resources
2026-03-07 15:52:05,189 [Worker-40: Building] INFO  o.a.m.s.f.DefaultMavenResourcesFiltering - Copying 1 resource from src\main\resources to target\classes
2026-03-07 15:52:05,197 [Worker-40: Building] INFO  o.a.m.s.f.DefaultMavenResourcesFiltering - Copying 0 resource from src\main\resources to target\classes
2026-03-07 15:52:05,200 [Worker-40: Building] INFO  o.a.m.s.f.DefaultMavenResourcesFiltering - skip non existing resourceDirectory C:\Users\user\Documents\Juan PC guillermo SpringAngularAWS\WORKSPACES\workspacegRPC\restaurantes\src\test\resources
2026-03-07 15:52:45,952 [Worker-39: Building] INFO  o.a.m.s.f.DefaultMavenResourcesFiltering - Copying 1 resource from src\main\resources to target\classes
2026-03-07 15:52:45,953 [Worker-39: Building] INFO  o.a.m.s.f.DefaultMavenResourcesFiltering - Copying 0 resource from src\main\resources to target\classes
2026-03-07 15:52:45,956 [Worker-39: Building] INFO  o.a.m.s.f.DefaultMavenResourcesFiltering - skip non existing resourceDirectory C:\Users\user\Documents\Juan PC guillermo SpringAngularAWS\WORKSPACES\workspacegRPC\restaurantes\src\test\resources
2026-03-07 15:53:01,583 [Worker-35: Building] INFO  o.a.m.s.f.DefaultMavenResourcesFiltering - Copying 1 resource from src\main\resources to target\classes
2026-03-07 15:53:01,590 [Worker-35: Building] INFO  o.a.m.s.f.DefaultMavenResourcesFiltering - Copying 0 resource from src\main\resources to target\classes
2026-03-07 15:53:01,593 [Worker-35: Building] INFO  o.a.m.s.f.DefaultMavenResourcesFiltering - skip non existing resourceDirectory C:\Users\user\Documents\Juan PC guillermo SpringAngularAWS\WORKSPACES\workspacegRPC\restaurantes\src\test\resources
2026-03-07 15:53:09,272 [Worker-35: Building] INFO  o.a.m.s.f.DefaultMavenResourcesFiltering - Copying 1 resource from src\main\resources to target\classes
2026-03-07 15:53:09,277 [Worker-35: Building] INFO  o.a.m.s.f.DefaultMavenResourcesFiltering - Copying 0 resource from src\main\resources to target\classes
2026-03-07 15:53:09,279 [Worker-35: Building] INFO  o.a.m.s.f.DefaultMavenResourcesFiltering - skip non existing resourceDirectory C:\Users\user\Documents\Juan PC guillermo SpringAngularAWS\WORKSPACES\workspacegRPC\restaurantes\src\test\resources
2026-03-07 15:53:13,401 [Worker-39: Building] INFO  o.a.m.s.f.DefaultMavenResourcesFiltering - Copying 1 resource from src\main\resources to target\classes
2026-03-07 15:53:13,407 [Worker-39: Building] INFO  o.a.m.s.f.DefaultMavenResourcesFiltering - Copying 0 resource from src\main\resources to target\classes
2026-03-07 15:53:13,409 [Worker-39: Building] INFO  o.a.m.s.f.DefaultMavenResourcesFiltering - skip non existing resourceDirectory C:\Users\user\Documents\Juan PC guillermo SpringAngularAWS\WORKSPACES\workspacegRPC\restaurantes\src\test\resources
2026-03-07 15:53:20,750 [Worker-40: Building] INFO  o.a.m.s.f.DefaultMavenResourcesFiltering - Copying 1 resource from src\main\resources to target\classes
2026-03-07 15:53:20,755 [Worker-40: Building] INFO  o.a.m.s.f.DefaultMavenResourcesFiltering - Copying 0 resource from src\main\resources to target\classes
2026-03-07 15:53:20,758 [Worker-40: Building] INFO  o.a.m.s.f.DefaultMavenResourcesFiltering - skip non existing resourceDirectory C:\Users\user\Documents\Juan PC guillermo SpringAngularAWS\WORKSPACES\workspacegRPC\restaurantes\src\test\resources
2026-03-07 15:53:30,272 [Worker-42: Building] INFO  o.a.m.s.f.DefaultMavenResourcesFiltering - Copying 1 resource from src\main\resources to target\classes
2026-03-07 15:53:30,276 [Worker-42: Building] INFO  o.a.m.s.f.DefaultMavenResourcesFiltering - Copying 0 resource from src\main\resources to target\classes
2026-03-07 15:53:30,279 [Worker-42: Building] INFO  o.a.m.s.f.DefaultMavenResourcesFiltering - skip non existing resourceDirectory C:\Users\user\Documents\Juan PC guillermo SpringAngularAWS\WORKSPACES\workspacegRPC\restaurantes\src\test\resources
2026-03-07 15:53:39,972 [Worker-42: Building] INFO  o.a.m.s.f.DefaultMavenResourcesFiltering - Copying 1 resource from src\main\resources to target\classes
2026-03-07 15:53:39,976 [Worker-42: Building] INFO  o.a.m.s.f.DefaultMavenResourcesFiltering - Copying 0 resource from src\main\resources to target\classes
2026-03-07 15:53:39,979 [Worker-42: Building] INFO  o.a.m.s.f.DefaultMavenResourcesFiltering - skip non existing resourceDirectory C:\Users\user\Documents\Juan PC guillermo SpringAngularAWS\WORKSPACES\workspacegRPC\restaurantes\src\test\resources
2026-03-07 15:53:46,325 [Worker-42: Building] INFO  o.a.m.s.f.DefaultMavenResourcesFiltering - Copying 1 resource from src\main\resources to target\classes
2026-03-07 15:53:46,328 [Worker-42: Building] INFO  o.a.m.s.f.DefaultMavenResourcesFiltering - Copying 0 resource from src\main\resources to target\classes
2026-03-07 15:53:46,330 [Worker-42: Building] INFO  o.a.m.s.f.DefaultMavenResourcesFiltering - skip non existing resourceDirectory C:\Users\user\Documents\Juan PC guillermo SpringAngularAWS\WORKSPACES\workspacegRPC\restaurantes\src\test\resources
2026-03-07 15:53:53,640 [Worker-39: Building] INFO  o.a.m.s.f.DefaultMavenResourcesFiltering - Copying 1 resource from src\main\resources to target\classes
2026-03-07 15:53:53,644 [Worker-39: Building] INFO  o.a.m.s.f.DefaultMavenResourcesFiltering - Copying 0 resource from src\main\resources to target\classes
2026-03-07 15:53:53,646 [Worker-39: Building] INFO  o.a.m.s.f.DefaultMavenResourcesFiltering - skip non existing resourceDirectory C:\Users\user\Documents\Juan PC guillermo SpringAngularAWS\WORKSPACES\workspacegRPC\restaurantes\src\test\resources
2026-03-07 15:53:56,166 [Worker-35: Building] INFO  o.a.m.s.f.DefaultMavenResourcesFiltering - Copying 1 resource from src\main\resources to target\classes
2026-03-07 15:53:56,170 [Worker-35: Building] INFO  o.a.m.s.f.DefaultMavenResourcesFiltering - Copying 0 resource from src\main\resources to target\classes
2026-03-07 15:53:56,172 [Worker-35: Building] INFO  o.a.m.s.f.DefaultMavenResourcesFiltering - skip non existing resourceDirectory C:\Users\user\Documents\Juan PC guillermo SpringAngularAWS\WORKSPACES\workspacegRPC\restaurantes\src\test\resources
2026-03-07 15:54:02,473 [Worker-35: Building] INFO  o.a.m.s.f.DefaultMavenResourcesFiltering - Copying 1 resource from src\main\resources to target\classes
2026-03-07 15:54:02,478 [Worker-35: Building] INFO  o.a.m.s.f.DefaultMavenResourcesFiltering - Copying 0 resource from src\main\resources to target\classes
2026-03-07 15:54:02,481 [Worker-35: Building] INFO  o.a.m.s.f.DefaultMavenResourcesFiltering - skip non existing resourceDirectory C:\Users\user\Documents\Juan PC guillermo SpringAngularAWS\WORKSPACES\workspacegRPC\restaurantes\src\test\resources
2026-03-07 15:54:06,570 [Worker-35: Building] INFO  o.a.m.s.f.DefaultMavenResourcesFiltering - Copying 1 resource from src\main\resources to target\classes
2026-03-07 15:54:06,575 [Worker-35: Building] INFO  o.a.m.s.f.DefaultMavenResourcesFiltering - Copying 0 resource from src\main\resources to target\classes
2026-03-07 15:54:06,578 [Worker-35: Building] INFO  o.a.m.s.f.DefaultMavenResourcesFiltering - skip non existing resourceDirectory C:\Users\user\Documents\Juan PC guillermo SpringAngularAWS\WORKSPACES\workspacegRPC\restaurantes\src\test\resources
2026-03-07 15:54:11,382 [Worker-37: Building] INFO  o.a.m.s.f.DefaultMavenResourcesFiltering - Copying 1 resource from src\main\resources to target\classes
2026-03-07 15:54:11,387 [Worker-37: Building] INFO  o.a.m.s.f.DefaultMavenResourcesFiltering - Copying 0 resource from src\main\resources to target\classes
2026-03-07 15:54:11,392 [Worker-37: Building] INFO  o.a.m.s.f.DefaultMavenResourcesFiltering - skip non existing resourceDirectory C:\Users\user\Documents\Juan PC guillermo SpringAngularAWS\WORKSPACES\workspacegRPC\restaurantes\src\test\resources
2026-03-07 15:54:17,994 [Worker-35: Building] INFO  o.a.m.s.f.DefaultMavenResourcesFiltering - Copying 1 resource from src\main\resources to target\classes
2026-03-07 15:54:17,998 [Worker-35: Building] INFO  o.a.m.s.f.DefaultMavenResourcesFiltering - Copying 0 resource from src\main\resources to target\classes
2026-03-07 15:54:18,001 [Worker-35: Building] INFO  o.a.m.s.f.DefaultMavenResourcesFiltering - skip non existing resourceDirectory C:\Users\user\Documents\Juan PC guillermo SpringAngularAWS\WORKSPACES\workspacegRPC\restaurantes\src\test\resources
2026-03-07 16:02:29,957 [Worker-41: Building] INFO  o.a.m.s.f.DefaultMavenResourcesFiltering - Copying 1 resource from src\main\resources to target\classes
2026-03-07 16:02:29,976 [Worker-41: Building] INFO  o.a.m.s.f.DefaultMavenResourcesFiltering - Copying 0 resource from src\main\resources to target\classes
2026-03-07 16:02:29,980 [Worker-41: Building] INFO  o.a.m.s.f.DefaultMavenResourcesFiltering - skip non existing resourceDirectory C:\Users\user\Documents\Juan PC guillermo SpringAngularAWS\WORKSPACES\workspacegRPC\restaurantes\src\test\resources
2026-03-07 16:03:05,033 [Worker-44: Building] INFO  o.a.m.s.f.DefaultMavenResourcesFiltering - Copying 1 resource from src\main\resources to target\classes
2026-03-07 16:03:05,081 [Worker-44: Building] INFO  o.a.m.s.f.DefaultMavenResourcesFiltering - Copying 0 resource from src\main\resources to target\classes
2026-03-07 16:03:05,086 [Worker-44: Building] INFO  o.a.m.s.f.DefaultMavenResourcesFiltering - skip non existing resourceDirectory C:\Users\user\Documents\Juan PC guillermo SpringAngularAWS\WORKSPACES\workspacegRPC\restaurantes\src\test\resources
2026-03-07 16:03:26,576 [Worker-39: Building] INFO  o.a.m.s.f.DefaultMavenResourcesFiltering - Copying 1 resource from src\main\resources to target\classes
2026-03-07 16:03:26,584 [Worker-39: Building] INFO  o.a.m.s.f.DefaultMavenResourcesFiltering - Copying 0 resource from src\main\resources to target\classes
2026-03-07 16:03:26,587 [Worker-39: Building] INFO  o.a.m.s.f.DefaultMavenResourcesFiltering - skip non existing resourceDirectory C:\Users\user\Documents\Juan PC guillermo SpringAngularAWS\WORKSPACES\workspacegRPC\restaurantes\src\test\resources
2026-03-07 16:04:15,309 [Worker-37: Building] INFO  o.a.m.s.f.DefaultMavenResourcesFiltering - Copying 1 resource from src\main\resources to target\classes
2026-03-07 16:04:15,389 [Worker-37: Building] INFO  o.a.m.s.f.DefaultMavenResourcesFiltering - Copying 0 resource from src\main\resources to target\classes
2026-03-07 16:04:15,393 [Worker-37: Building] INFO  o.a.m.s.f.DefaultMavenResourcesFiltering - skip non existing resourceDirectory C:\Users\user\Documents\Juan PC guillermo SpringAngularAWS\WORKSPACES\workspacegRPC\restaurantes\src\test\resources
2026-03-07 16:04:59,608 [Worker-41: Building] INFO  o.a.m.s.f.DefaultMavenResourcesFiltering - Copying 1 resource from src\main\resources to target\classes
2026-03-07 16:04:59,613 [Worker-41: Building] INFO  o.a.m.s.f.DefaultMavenResourcesFiltering - Copying 0 resource from src\main\resources to target\classes
2026-03-07 16:04:59,617 [Worker-41: Building] INFO  o.a.m.s.f.DefaultMavenResourcesFiltering - skip non existing resourceDirectory C:\Users\user\Documents\Juan PC guillermo SpringAngularAWS\WORKSPACES\workspacegRPC\restaurantes\src\test\resources
2026-03-07 16:05:02,779 [Worker-41: Building] INFO  o.a.m.s.f.DefaultMavenResourcesFiltering - Copying 1 resource from src\main\resources to target\classes
2026-03-07 16:05:02,804 [Worker-41: Building] INFO  o.a.m.s.f.DefaultMavenResourcesFiltering - Copying 0 resource from src\main\resources to target\classes
2026-03-07 16:05:02,807 [Worker-41: Building] INFO  o.a.m.s.f.DefaultMavenResourcesFiltering - skip non existing resourceDirectory C:\Users\user\Documents\Juan PC guillermo SpringAngularAWS\WORKSPACES\workspacegRPC\restaurantes\src\test\resources
2026-03-07 16:05:22,825 [Worker-42: Building] INFO  o.a.m.s.f.DefaultMavenResourcesFiltering - Copying 1 resource from src\main\resources to target\classes
2026-03-07 16:05:22,829 [Worker-42: Building] INFO  o.a.m.s.f.DefaultMavenResourcesFiltering - Copying 0 resource from src\main\resources to target\classes
2026-03-07 16:05:22,835 [Worker-42: Building] INFO  o.a.m.s.f.DefaultMavenResourcesFiltering - skip non existing resourceDirectory C:\Users\user\Documents\Juan PC guillermo SpringAngularAWS\WORKSPACES\workspacegRPC\recetasAPI\src\test\resources
2026-03-07 16:05:25,977 [Worker-45: Building] INFO  o.a.m.s.f.DefaultMavenResourcesFiltering - Copying 1 resource from src\main\resources to target\classes
2026-03-07 16:05:25,990 [Worker-45: Building] INFO  o.a.m.s.f.DefaultMavenResourcesFiltering - Copying 0 resource from src\main\resources to target\classes
2026-03-07 16:05:25,997 [Worker-45: Building] INFO  o.a.m.s.f.DefaultMavenResourcesFiltering - skip non existing resourceDirectory C:\Users\user\Documents\Juan PC guillermo SpringAngularAWS\WORKSPACES\workspacegRPC\recetasAPI\src\test\resources
2026-03-07 16:05:57,596 [Worker-41: Launching Executing clean in C__Users_user_Documents_Juan PC guillermo SpringAngularAWS_WORKSPACES_workspacegRPC_recetasAPI] INFO  o.eclipse.m2e.core.internal.Bundles - getClasspathEntries(Bundle=org.eclipse.m2e.maven.runtime_3.9.900.20240824-1409 [300])
2026-03-07 16:05:57,597 [Worker-41: Launching Executing clean in C__Users_user_Documents_Juan PC guillermo SpringAngularAWS_WORKSPACES_workspacegRPC_recetasAPI] INFO  o.eclipse.m2e.core.internal.Bundles - 	Entry: C:\Users\user\.p2\pool\plugins\org.eclipse.m2e.maven.runtime_3.9.900.20240824-1409
2026-03-07 16:05:57,598 [Worker-41: Launching Executing clean in C__Users_user_Documents_Juan PC guillermo SpringAngularAWS_WORKSPACES_workspacegRPC_recetasAPI] INFO  o.eclipse.m2e.core.internal.Bundles - 	Entry: C:\Users\user\.p2\pool\plugins\org.eclipse.m2e.maven.runtime_3.9.900.20240824-1409\jars\aopalliance-1.0.jar
2026-03-07 16:05:57,598 [Worker-41: Launching Executing clean in C__Users_user_Documents_Juan PC guillermo SpringAngularAWS_WORKSPACES_workspacegRPC_recetasAPI] INFO  o.eclipse.m2e.core.internal.Bundles - 	Entry: C:\Users\user\.p2\pool\plugins\org.eclipse.m2e.maven.runtime_3.9.900.20240824-1409\jars\guice-5.1.0.jar
2026-03-07 16:05:57,598 [Worker-41: Launching Executing clean in C__Users_user_Documents_Juan PC guillermo SpringAngularAWS_WORKSPACES_workspacegRPC_recetasAPI] INFO  o.eclipse.m2e.core.internal.Bundles - 	Entry: C:\Users\user\.p2\pool\plugins\org.eclipse.m2e.maven.runtime_3.9.900.20240824-1409\jars\httpclient-4.5.14.jar
2026-03-07 16:05:57,598 [Worker-41: Launching Executing clean in C__Users_user_Documents_Juan PC guillermo SpringAngularAWS_WORKSPACES_workspacegRPC_recetasAPI] INFO  o.eclipse.m2e.core.internal.Bundles - 	Entry: C:\Users\user\.p2\pool\plugins\org.eclipse.m2e.maven.runtime_3.9.900.20240824-1409\jars\httpcore-4.4.16.jar
2026-03-07 16:05:57,599 [Worker-41: Launching Executing clean in C__Users_user_Documents_Juan PC guillermo SpringAngularAWS_WORKSPACES_workspacegRPC_recetasAPI] INFO  o.eclipse.m2e.core.internal.Bundles - 	Entry: C:\Users\user\.p2\pool\plugins\org.eclipse.m2e.maven.runtime_3.9.900.20240824-1409\jars\jansi-2.4.1.jar
2026-03-07 16:05:57,599 [Worker-41: Launching Executing clean in C__Users_user_Documents_Juan PC guillermo SpringAngularAWS_WORKSPACES_workspacegRPC_recetasAPI] INFO  o.eclipse.m2e.core.internal.Bundles - 	Entry: C:\Users\user\.p2\pool\plugins\org.eclipse.m2e.maven.runtime_3.9.900.20240824-1409\jars\jcl-over-slf4j-1.7.36.jar
2026-03-07 16:05:57,599 [Worker-41: Launching Executing clean in C__Users_user_Documents_Juan PC guillermo SpringAngularAWS_WORKSPACES_workspacegRPC_recetasAPI] INFO  o.eclipse.m2e.core.internal.Bundles - 	Entry: C:\Users\user\.p2\pool\plugins\org.eclipse.m2e.maven.runtime_3.9.900.20240824-1409\jars\maven-artifact-3.9.9.jar
2026-03-07 16:05:57,599 [Worker-41: Launching Executing clean in C__Users_user_Documents_Juan PC guillermo SpringAngularAWS_WORKSPACES_workspacegRPC_recetasAPI] INFO  o.eclipse.m2e.core.internal.Bundles - 	Entry: C:\Users\user\.p2\pool\plugins\org.eclipse.m2e.maven.runtime_3.9.900.20240824-1409\jars\maven-builder-support-3.9.9.jar
2026-03-07 16:05:57,599 [Worker-41: Launching Executing clean in C__Users_user_Documents_Juan PC guillermo SpringAngularAWS_WORKSPACES_workspacegRPC_recetasAPI] INFO  o.eclipse.m2e.core.internal.Bundles - 	Entry: C:\Users\user\.p2\pool\plugins\org.eclipse.m2e.maven.runtime_3.9.900.20240824-1409\jars\maven-compat-3.9.9.jar
2026-03-07 16:05:57,600 [Worker-41: Launching Executing clean in C__Users_user_Documents_Juan PC guillermo SpringAngularAWS_WORKSPACES_workspacegRPC_recetasAPI] INFO  o.eclipse.m2e.core.internal.Bundles - 	Entry: C:\Users\user\.p2\pool\plugins\org.eclipse.m2e.maven.runtime_3.9.900.20240824-1409\jars\maven-core-3.9.9.jar
2026-03-07 16:05:57,600 [Worker-41: Launching Executing clean in C__Users_user_Documents_Juan PC guillermo SpringAngularAWS_WORKSPACES_workspacegRPC_recetasAPI] INFO  o.eclipse.m2e.core.internal.Bundles - 	Entry: C:\Users\user\.p2\pool\plugins\org.eclipse.m2e.maven.runtime_3.9.900.20240824-1409\jars\maven-embedder-3.9.9.jar
2026-03-07 16:05:57,600 [Worker-41: Launching Executing clean in C__Users_user_Documents_Juan PC guillermo SpringAngularAWS_WORKSPACES_workspacegRPC_recetasAPI] INFO  o.eclipse.m2e.core.internal.Bundles - 	Entry: C:\Users\user\.p2\pool\plugins\org.eclipse.m2e.maven.runtime_3.9.900.20240824-1409\jars\maven-model-3.9.9.jar
2026-03-07 16:05:57,600 [Worker-41: Launching Executing clean in C__Users_user_Documents_Juan PC guillermo SpringAngularAWS_WORKSPACES_workspacegRPC_recetasAPI] INFO  o.eclipse.m2e.core.internal.Bundles - 	Entry: C:\Users\user\.p2\pool\plugins\org.eclipse.m2e.maven.runtime_3.9.900.20240824-1409\jars\maven-model-builder-3.9.9.jar
2026-03-07 16:05:57,600 [Worker-41: Launching Executing clean in C__Users_user_Documents_Juan PC guillermo SpringAngularAWS_WORKSPACES_workspacegRPC_recetasAPI] INFO  o.eclipse.m2e.core.internal.Bundles - 	Entry: C:\Users\user\.p2\pool\plugins\org.eclipse.m2e.maven.runtime_3.9.900.20240824-1409\jars\maven-plugin-api-3.9.9.jar
2026-03-07 16:05:57,600 [Worker-41: Launching Executing clean in C__Users_user_Documents_Juan PC guillermo SpringAngularAWS_WORKSPACES_workspacegRPC_recetasAPI] INFO  o.eclipse.m2e.core.internal.Bundles - 	Entry: C:\Users\user\.p2\pool\plugins\org.eclipse.m2e.maven.runtime_3.9.900.20240824-1409\jars\maven-repository-metadata-3.9.9.jar
2026-03-07 16:05:57,601 [Worker-41: Launching Executing clean in C__Users_user_Documents_Juan PC guillermo SpringAngularAWS_WORKSPACES_workspacegRPC_recetasAPI] INFO  o.eclipse.m2e.core.internal.Bundles - 	Entry: C:\Users\user\.p2\pool\plugins\org.eclipse.m2e.maven.runtime_3.9.900.20240824-1409\jars\maven-resolver-api-1.9.22.jar
2026-03-07 16:05:57,601 [Worker-41: Launching Executing clean in C__Users_user_Documents_Juan PC guillermo SpringAngularAWS_WORKSPACES_workspacegRPC_recetasAPI] INFO  o.eclipse.m2e.core.internal.Bundles - 	Entry: C:\Users\user\.p2\pool\plugins\org.eclipse.m2e.maven.runtime_3.9.900.20240824-1409\jars\maven-resolver-connector-basic-1.9.22.jar
2026-03-07 16:05:57,601 [Worker-41: Launching Executing clean in C__Users_user_Documents_Juan PC guillermo SpringAngularAWS_WORKSPACES_workspacegRPC_recetasAPI] INFO  o.eclipse.m2e.core.internal.Bundles - 	Entry: C:\Users\user\.p2\pool\plugins\org.eclipse.m2e.maven.runtime_3.9.900.20240824-1409\jars\maven-resolver-impl-1.9.22.jar
2026-03-07 16:05:57,601 [Worker-41: Launching Executing clean in C__Users_user_Documents_Juan PC guillermo SpringAngularAWS_WORKSPACES_workspacegRPC_recetasAPI] INFO  o.eclipse.m2e.core.internal.Bundles - 	Entry: C:\Users\user\.p2\pool\plugins\org.eclipse.m2e.maven.runtime_3.9.900.20240824-1409\jars\maven-resolver-named-locks-1.9.22.jar
2026-03-07 16:05:57,601 [Worker-41: Launching Executing clean in C__Users_user_Documents_Juan PC guillermo SpringAngularAWS_WORKSPACES_workspacegRPC_recetasAPI] INFO  o.eclipse.m2e.core.internal.Bundles - 	Entry: C:\Users\user\.p2\pool\plugins\org.eclipse.m2e.maven.runtime_3.9.900.20240824-1409\jars\maven-resolver-provider-3.9.9.jar
2026-03-07 16:05:57,601 [Worker-41: Launching Executing clean in C__Users_user_Documents_Juan PC guillermo SpringAngularAWS_WORKSPACES_workspacegRPC_recetasAPI] INFO  o.eclipse.m2e.core.internal.Bundles - 	Entry: C:\Users\user\.p2\pool\plugins\org.eclipse.m2e.maven.runtime_3.9.900.20240824-1409\jars\maven-resolver-spi-1.9.22.jar
2026-03-07 16:05:57,601 [Worker-41: Launching Executing clean in C__Users_user_Documents_Juan PC guillermo SpringAngularAWS_WORKSPACES_workspacegRPC_recetasAPI] INFO  o.eclipse.m2e.core.internal.Bundles - 	Entry: C:\Users\user\.p2\pool\plugins\org.eclipse.m2e.maven.runtime_3.9.900.20240824-1409\jars\maven-resolver-transport-file-1.9.22.jar
2026-03-07 16:05:57,601 [Worker-41: Launching Executing clean in C__Users_user_Documents_Juan PC guillermo SpringAngularAWS_WORKSPACES_workspacegRPC_recetasAPI] INFO  o.eclipse.m2e.core.internal.Bundles - 	Entry: C:\Users\user\.p2\pool\plugins\org.eclipse.m2e.maven.runtime_3.9.900.20240824-1409\jars\maven-resolver-transport-http-1.9.22.jar
2026-03-07 16:05:57,601 [Worker-41: Launching Executing clean in C__Users_user_Documents_Juan PC guillermo SpringAngularAWS_WORKSPACES_workspacegRPC_recetasAPI] INFO  o.eclipse.m2e.core.internal.Bundles - 	Entry: C:\Users\user\.p2\pool\plugins\org.eclipse.m2e.maven.runtime_3.9.900.20240824-1409\jars\maven-resolver-transport-wagon-1.9.22.jar
2026-03-07 16:05:57,602 [Worker-41: Launching Executing clean in C__Users_user_Documents_Juan PC guillermo SpringAngularAWS_WORKSPACES_workspacegRPC_recetasAPI] INFO  o.eclipse.m2e.core.internal.Bundles - 	Entry: C:\Users\user\.p2\pool\plugins\org.eclipse.m2e.maven.runtime_3.9.900.20240824-1409\jars\maven-resolver-util-1.9.22.jar
2026-03-07 16:05:57,602 [Worker-41: Launching Executing clean in C__Users_user_Documents_Juan PC guillermo SpringAngularAWS_WORKSPACES_workspacegRPC_recetasAPI] INFO  o.eclipse.m2e.core.internal.Bundles - 	Entry: C:\Users\user\.p2\pool\plugins\org.eclipse.m2e.maven.runtime_3.9.900.20240824-1409\jars\maven-settings-3.9.9.jar
2026-03-07 16:05:57,602 [Worker-41: Launching Executing clean in C__Users_user_Documents_Juan PC guillermo SpringAngularAWS_WORKSPACES_workspacegRPC_recetasAPI] INFO  o.eclipse.m2e.core.internal.Bundles - 	Entry: C:\Users\user\.p2\pool\plugins\org.eclipse.m2e.maven.runtime_3.9.900.20240824-1409\jars\maven-settings-builder-3.9.9.jar
2026-03-07 16:05:57,602 [Worker-41: Launching Executing clean in C__Users_user_Documents_Juan PC guillermo SpringAngularAWS_WORKSPACES_workspacegRPC_recetasAPI] INFO  o.eclipse.m2e.core.internal.Bundles - 	Entry: C:\Users\user\.p2\pool\plugins\org.eclipse.m2e.maven.runtime_3.9.900.20240824-1409\jars\maven-shared-utils-3.4.2.jar
2026-03-07 16:05:57,602 [Worker-41: Launching Executing clean in C__Users_user_Documents_Juan PC guillermo SpringAngularAWS_WORKSPACES_workspacegRPC_recetasAPI] INFO  o.eclipse.m2e.core.internal.Bundles - 	Entry: C:\Users\user\.p2\pool\plugins\org.eclipse.m2e.maven.runtime_3.9.900.20240824-1409\jars\org.eclipse.sisu.inject-0.9.0.M3.jar
2026-03-07 16:05:57,602 [Worker-41: Launching Executing clean in C__Users_user_Documents_Juan PC guillermo SpringAngularAWS_WORKSPACES_workspacegRPC_recetasAPI] INFO  o.eclipse.m2e.core.internal.Bundles - 	Entry: C:\Users\user\.p2\pool\plugins\org.eclipse.m2e.maven.runtime_3.9.900.20240824-1409\jars\org.eclipse.sisu.plexus-0.9.0.M3.jar
2026-03-07 16:05:57,602 [Worker-41: Launching Executing clean in C__Users_user_Documents_Juan PC guillermo SpringAngularAWS_WORKSPACES_workspacegRPC_recetasAPI] INFO  o.eclipse.m2e.core.internal.Bundles - 	Entry: C:\Users\user\.p2\pool\plugins\org.eclipse.m2e.maven.runtime_3.9.900.20240824-1409\jars\plexus-build-api-0.0.7.jar
2026-03-07 16:05:57,602 [Worker-41: Launching Executing clean in C__Users_user_Documents_Juan PC guillermo SpringAngularAWS_WORKSPACES_workspacegRPC_recetasAPI] INFO  o.eclipse.m2e.core.internal.Bundles - 	Entry: C:\Users\user\.p2\pool\plugins\org.eclipse.m2e.maven.runtime_3.9.900.20240824-1409\jars\plexus-build-api-1.2.0.jar
2026-03-07 16:05:57,602 [Worker-41: Launching Executing clean in C__Users_user_Documents_Juan PC guillermo SpringAngularAWS_WORKSPACES_workspacegRPC_recetasAPI] INFO  o.eclipse.m2e.core.internal.Bundles - 	Entry: C:\Users\user\.p2\pool\plugins\org.eclipse.m2e.maven.runtime_3.9.900.20240824-1409\jars\plexus-cipher-2.0.jar
2026-03-07 16:05:57,603 [Worker-41: Launching Executing clean in C__Users_user_Documents_Juan PC guillermo SpringAngularAWS_WORKSPACES_workspacegRPC_recetasAPI] INFO  o.eclipse.m2e.core.internal.Bundles - 	Entry: C:\Users\user\.p2\pool\plugins\org.eclipse.m2e.maven.runtime_3.9.900.20240824-1409\jars\plexus-classworlds-2.8.0.jar
2026-03-07 16:05:57,603 [Worker-41: Launching Executing clean in C__Users_user_Documents_Juan PC guillermo SpringAngularAWS_WORKSPACES_workspacegRPC_recetasAPI] INFO  o.eclipse.m2e.core.internal.Bundles - 	Entry: C:\Users\user\.p2\pool\plugins\org.eclipse.m2e.maven.runtime_3.9.900.20240824-1409\jars\plexus-component-annotations-2.1.0.jar
2026-03-07 16:05:57,603 [Worker-41: Launching Executing clean in C__Users_user_Documents_Juan PC guillermo SpringAngularAWS_WORKSPACES_workspacegRPC_recetasAPI] INFO  o.eclipse.m2e.core.internal.Bundles - 	Entry: C:\Users\user\.p2\pool\plugins\org.eclipse.m2e.maven.runtime_3.9.900.20240824-1409\jars\plexus-interpolation-1.27.jar
2026-03-07 16:05:57,603 [Worker-41: Launching Executing clean in C__Users_user_Documents_Juan PC guillermo SpringAngularAWS_WORKSPACES_workspacegRPC_recetasAPI] INFO  o.eclipse.m2e.core.internal.Bundles - 	Entry: C:\Users\user\.p2\pool\plugins\org.eclipse.m2e.maven.runtime_3.9.900.20240824-1409\jars\plexus-sec-dispatcher-2.0.jar
2026-03-07 16:05:57,603 [Worker-41: Launching Executing clean in C__Users_user_Documents_Juan PC guillermo SpringAngularAWS_WORKSPACES_workspacegRPC_recetasAPI] INFO  o.eclipse.m2e.core.internal.Bundles - 	Entry: C:\Users\user\.p2\pool\plugins\org.eclipse.m2e.maven.runtime_3.9.900.20240824-1409\jars\plexus-utils-3.5.1.jar
2026-03-07 16:05:57,603 [Worker-41: Launching Executing clean in C__Users_user_Documents_Juan PC guillermo SpringAngularAWS_WORKSPACES_workspacegRPC_recetasAPI] INFO  o.eclipse.m2e.core.internal.Bundles - 	Entry: C:\Users\user\.p2\pool\plugins\org.eclipse.m2e.maven.runtime_3.9.900.20240824-1409\jars\plexus-xml-3.0.1.jar
2026-03-07 16:05:57,603 [Worker-41: Launching Executing clean in C__Users_user_Documents_Juan PC guillermo SpringAngularAWS_WORKSPACES_workspacegRPC_recetasAPI] INFO  o.eclipse.m2e.core.internal.Bundles - 	Entry: C:\Users\user\.p2\pool\plugins\org.eclipse.m2e.maven.runtime_3.9.900.20240824-1409\jars\wagon-file-3.5.3.jar
2026-03-07 16:05:57,603 [Worker-41: Launching Executing clean in C__Users_user_Documents_Juan PC guillermo SpringAngularAWS_WORKSPACES_workspacegRPC_recetasAPI] INFO  o.eclipse.m2e.core.internal.Bundles - 	Entry: C:\Users\user\.p2\pool\plugins\org.eclipse.m2e.maven.runtime_3.9.900.20240824-1409\jars\wagon-http-3.5.3.jar
2026-03-07 16:05:57,603 [Worker-41: Launching Executing clean in C__Users_user_Documents_Juan PC guillermo SpringAngularAWS_WORKSPACES_workspacegRPC_recetasAPI] INFO  o.eclipse.m2e.core.internal.Bundles - 	Entry: C:\Users\user\.p2\pool\plugins\org.eclipse.m2e.maven.runtime_3.9.900.20240824-1409\jars\wagon-http-shared-3.5.3.jar
2026-03-07 16:05:57,603 [Worker-41: Launching Executing clean in C__Users_user_Documents_Juan PC guillermo SpringAngularAWS_WORKSPACES_workspacegRPC_recetasAPI] INFO  o.eclipse.m2e.core.internal.Bundles - 	Entry: C:\Users\user\.p2\pool\plugins\org.eclipse.m2e.maven.runtime_3.9.900.20240824-1409\jars\wagon-provider-api-3.5.3.jar
2026-03-07 16:05:57,604 [Worker-41: Launching Executing clean in C__Users_user_Documents_Juan PC guillermo SpringAngularAWS_WORKSPACES_workspacegRPC_recetasAPI] INFO  o.eclipse.m2e.core.internal.Bundles - getClasspathEntries(Bundle=com.google.guava_33.4.0.jre [544])
2026-03-07 16:05:57,605 [Worker-41: Launching Executing clean in C__Users_user_Documents_Juan PC guillermo SpringAngularAWS_WORKSPACES_workspacegRPC_recetasAPI] INFO  o.eclipse.m2e.core.internal.Bundles - 	Entry: C:\Users\user\.p2\pool\plugins\com.google.guava_33.4.0.jre.jar
2026-03-07 16:05:57,605 [Worker-41: Launching Executing clean in C__Users_user_Documents_Juan PC guillermo SpringAngularAWS_WORKSPACES_workspacegRPC_recetasAPI] INFO  o.eclipse.m2e.core.internal.Bundles - getClasspathEntries(Bundle=slf4j.api_2.0.17 [609])
2026-03-07 16:05:57,605 [Worker-41: Launching Executing clean in C__Users_user_Documents_Juan PC guillermo SpringAngularAWS_WORKSPACES_workspacegRPC_recetasAPI] INFO  o.eclipse.m2e.core.internal.Bundles - 	Entry: C:\Users\user\.p2\pool\plugins\slf4j.api_2.0.17.jar
2026-03-07 16:05:57,605 [Worker-41: Launching Executing clean in C__Users_user_Documents_Juan PC guillermo SpringAngularAWS_WORKSPACES_workspacegRPC_recetasAPI] INFO  o.eclipse.m2e.core.internal.Bundles - getClasspathEntries(Bundle=jakarta.inject.jakarta.inject-api_1.0.5 [22])
2026-03-07 16:05:57,606 [Worker-41: Launching Executing clean in C__Users_user_Documents_Juan PC guillermo SpringAngularAWS_WORKSPACES_workspacegRPC_recetasAPI] INFO  o.eclipse.m2e.core.internal.Bundles - 	Entry: C:\Users\user\.p2\pool\plugins\jakarta.inject.jakarta.inject-api_1.0.5.jar
2026-03-07 16:05:57,606 [Worker-41: Launching Executing clean in C__Users_user_Documents_Juan PC guillermo SpringAngularAWS_WORKSPACES_workspacegRPC_recetasAPI] INFO  o.eclipse.m2e.core.internal.Bundles - getClasspathEntries(Bundle=javax.annotation_1.3.5.v20200909-1856 [552])
2026-03-07 16:05:57,606 [Worker-41: Launching Executing clean in C__Users_user_Documents_Juan PC guillermo SpringAngularAWS_WORKSPACES_workspacegRPC_recetasAPI] INFO  o.eclipse.m2e.core.internal.Bundles - 	Entry: C:\Users\user\.p2\pool\plugins\javax.annotation_1.3.5.v20200909-1856.jar
2026-03-07 16:05:57,606 [Worker-41: Launching Executing clean in C__Users_user_Documents_Juan PC guillermo SpringAngularAWS_WORKSPACES_workspacegRPC_recetasAPI] INFO  o.eclipse.m2e.core.internal.Bundles - getClasspathEntries(Bundle=org.apache.commons.cli_1.9.0 [47])
2026-03-07 16:05:57,607 [Worker-41: Launching Executing clean in C__Users_user_Documents_Juan PC guillermo SpringAngularAWS_WORKSPACES_workspacegRPC_recetasAPI] INFO  o.eclipse.m2e.core.internal.Bundles - 	Entry: C:\Users\user\.p2\pool\plugins\org.apache.commons.cli_1.9.0.jar
2026-03-07 16:05:57,607 [Worker-41: Launching Executing clean in C__Users_user_Documents_Juan PC guillermo SpringAngularAWS_WORKSPACES_workspacegRPC_recetasAPI] INFO  o.eclipse.m2e.core.internal.Bundles - getClasspathEntries(Bundle=org.apache.commons.commons-codec_1.16.0 [50])
2026-03-07 16:05:57,607 [Worker-41: Launching Executing clean in C__Users_user_Documents_Juan PC guillermo SpringAngularAWS_WORKSPACES_workspacegRPC_recetasAPI] INFO  o.eclipse.m2e.core.internal.Bundles - 	Entry: C:\Users\user\.p2\pool\plugins\org.apache.commons.commons-codec_1.16.0.jar
2026-03-07 16:05:57,607 [Worker-41: Launching Executing clean in C__Users_user_Documents_Juan PC guillermo SpringAngularAWS_WORKSPACES_workspacegRPC_recetasAPI] INFO  o.eclipse.m2e.core.internal.Bundles - getClasspathEntries(Bundle=com.google.guava.failureaccess_1.0.2 [11])
2026-03-07 16:05:57,608 [Worker-41: Launching Executing clean in C__Users_user_Documents_Juan PC guillermo SpringAngularAWS_WORKSPACES_workspacegRPC_recetasAPI] INFO  o.eclipse.m2e.core.internal.Bundles - 	Entry: C:\Users\user\.p2\pool\plugins\com.google.guava.failureaccess_1.0.2.jar
2026-03-07 16:05:57,610 [Worker-41: Launching Executing clean in C__Users_user_Documents_Juan PC guillermo SpringAngularAWS_WORKSPACES_workspacegRPC_recetasAPI] INFO  o.e.m.i.launch.MavenLaunchDelegate - Run build in "C:\Users\user\Documents\Juan PC guillermo SpringAngularAWS\WORKSPACES\workspacegRPC\recetasAPI":
2026-03-07 16:05:57,610 [Worker-41: Launching Executing clean in C__Users_user_Documents_Juan PC guillermo SpringAngularAWS_WORKSPACES_workspacegRPC_recetasAPI] INFO  o.e.m.i.launch.MavenLaunchDelegate -  mvn  -B -Dstyle.color=always clean
2026-03-07 16:06:00,705 [Worker-42: Building] INFO  o.a.m.s.f.DefaultMavenResourcesFiltering - Copying 1 resource from src\main\resources to target\classes
2026-03-07 16:06:00,708 [Worker-42: Building] INFO  o.a.m.s.f.DefaultMavenResourcesFiltering - Copying 0 resource from src\main\resources to target\classes
2026-03-07 16:06:00,712 [Worker-42: Building] INFO  o.a.m.s.f.DefaultMavenResourcesFiltering - skip non existing resourceDirectory C:\Users\user\Documents\Juan PC guillermo SpringAngularAWS\WORKSPACES\workspacegRPC\recetasAPI\src\test\resources
2026-03-07 16:06:05,111 [Worker-41: Launching Executing install in C__Users_user_Documents_Juan PC guillermo SpringAngularAWS_WORKSPACES_workspacegRPC_recetasAPI] INFO  o.eclipse.m2e.core.internal.Bundles - getClasspathEntries(Bundle=org.eclipse.m2e.maven.runtime_3.9.900.20240824-1409 [300])
2026-03-07 16:06:05,112 [Worker-41: Launching Executing install in C__Users_user_Documents_Juan PC guillermo SpringAngularAWS_WORKSPACES_workspacegRPC_recetasAPI] INFO  o.eclipse.m2e.core.internal.Bundles - 	Entry: C:\Users\user\.p2\pool\plugins\org.eclipse.m2e.maven.runtime_3.9.900.20240824-1409
2026-03-07 16:06:05,112 [Worker-41: Launching Executing install in C__Users_user_Documents_Juan PC guillermo SpringAngularAWS_WORKSPACES_workspacegRPC_recetasAPI] INFO  o.eclipse.m2e.core.internal.Bundles - 	Entry: C:\Users\user\.p2\pool\plugins\org.eclipse.m2e.maven.runtime_3.9.900.20240824-1409\jars\aopalliance-1.0.jar
2026-03-07 16:06:05,112 [Worker-41: Launching Executing install in C__Users_user_Documents_Juan PC guillermo SpringAngularAWS_WORKSPACES_workspacegRPC_recetasAPI] INFO  o.eclipse.m2e.core.internal.Bundles - 	Entry: C:\Users\user\.p2\pool\plugins\org.eclipse.m2e.maven.runtime_3.9.900.20240824-1409\jars\guice-5.1.0.jar
2026-03-07 16:06:05,112 [Worker-41: Launching Executing install in C__Users_user_Documents_Juan PC guillermo SpringAngularAWS_WORKSPACES_workspacegRPC_recetasAPI] INFO  o.eclipse.m2e.core.internal.Bundles - 	Entry: C:\Users\user\.p2\pool\plugins\org.eclipse.m2e.maven.runtime_3.9.900.20240824-1409\jars\httpclient-4.5.14.jar
2026-03-07 16:06:05,112 [Worker-41: Launching Executing install in C__Users_user_Documents_Juan PC guillermo SpringAngularAWS_WORKSPACES_workspacegRPC_recetasAPI] INFO  o.eclipse.m2e.core.internal.Bundles - 	Entry: C:\Users\user\.p2\pool\plugins\org.eclipse.m2e.maven.runtime_3.9.900.20240824-1409\jars\httpcore-4.4.16.jar
2026-03-07 16:06:05,113 [Worker-41: Launching Executing install in C__Users_user_Documents_Juan PC guillermo SpringAngularAWS_WORKSPACES_workspacegRPC_recetasAPI] INFO  o.eclipse.m2e.core.internal.Bundles - 	Entry: C:\Users\user\.p2\pool\plugins\org.eclipse.m2e.maven.runtime_3.9.900.20240824-1409\jars\jansi-2.4.1.jar
2026-03-07 16:06:05,113 [Worker-41: Launching Executing install in C__Users_user_Documents_Juan PC guillermo SpringAngularAWS_WORKSPACES_workspacegRPC_recetasAPI] INFO  o.eclipse.m2e.core.internal.Bundles - 	Entry: C:\Users\user\.p2\pool\plugins\org.eclipse.m2e.maven.runtime_3.9.900.20240824-1409\jars\jcl-over-slf4j-1.7.36.jar
2026-03-07 16:06:05,113 [Worker-41: Launching Executing install in C__Users_user_Documents_Juan PC guillermo SpringAngularAWS_WORKSPACES_workspacegRPC_recetasAPI] INFO  o.eclipse.m2e.core.internal.Bundles - 	Entry: C:\Users\user\.p2\pool\plugins\org.eclipse.m2e.maven.runtime_3.9.900.20240824-1409\jars\maven-artifact-3.9.9.jar
2026-03-07 16:06:05,113 [Worker-41: Launching Executing install in C__Users_user_Documents_Juan PC guillermo SpringAngularAWS_WORKSPACES_workspacegRPC_recetasAPI] INFO  o.eclipse.m2e.core.internal.Bundles - 	Entry: C:\Users\user\.p2\pool\plugins\org.eclipse.m2e.maven.runtime_3.9.900.20240824-1409\jars\maven-builder-support-3.9.9.jar
2026-03-07 16:06:05,113 [Worker-41: Launching Executing install in C__Users_user_Documents_Juan PC guillermo SpringAngularAWS_WORKSPACES_workspacegRPC_recetasAPI] INFO  o.eclipse.m2e.core.internal.Bundles - 	Entry: C:\Users\user\.p2\pool\plugins\org.eclipse.m2e.maven.runtime_3.9.900.20240824-1409\jars\maven-compat-3.9.9.jar
2026-03-07 16:06:05,113 [Worker-41: Launching Executing install in C__Users_user_Documents_Juan PC guillermo SpringAngularAWS_WORKSPACES_workspacegRPC_recetasAPI] INFO  o.eclipse.m2e.core.internal.Bundles - 	Entry: C:\Users\user\.p2\pool\plugins\org.eclipse.m2e.maven.runtime_3.9.900.20240824-1409\jars\maven-core-3.9.9.jar
2026-03-07 16:06:05,113 [Worker-41: Launching Executing install in C__Users_user_Documents_Juan PC guillermo SpringAngularAWS_WORKSPACES_workspacegRPC_recetasAPI] INFO  o.eclipse.m2e.core.internal.Bundles - 	Entry: C:\Users\user\.p2\pool\plugins\org.eclipse.m2e.maven.runtime_3.9.900.20240824-1409\jars\maven-embedder-3.9.9.jar
2026-03-07 16:06:05,113 [Worker-41: Launching Executing install in C__Users_user_Documents_Juan PC guillermo SpringAngularAWS_WORKSPACES_workspacegRPC_recetasAPI] INFO  o.eclipse.m2e.core.internal.Bundles - 	Entry: C:\Users\user\.p2\pool\plugins\org.eclipse.m2e.maven.runtime_3.9.900.20240824-1409\jars\maven-model-3.9.9.jar
2026-03-07 16:06:05,113 [Worker-41: Launching Executing install in C__Users_user_Documents_Juan PC guillermo SpringAngularAWS_WORKSPACES_workspacegRPC_recetasAPI] INFO  o.eclipse.m2e.core.internal.Bundles - 	Entry: C:\Users\user\.p2\pool\plugins\org.eclipse.m2e.maven.runtime_3.9.900.20240824-1409\jars\maven-model-builder-3.9.9.jar
2026-03-07 16:06:05,114 [Worker-41: Launching Executing install in C__Users_user_Documents_Juan PC guillermo SpringAngularAWS_WORKSPACES_workspacegRPC_recetasAPI] INFO  o.eclipse.m2e.core.internal.Bundles - 	Entry: C:\Users\user\.p2\pool\plugins\org.eclipse.m2e.maven.runtime_3.9.900.20240824-1409\jars\maven-plugin-api-3.9.9.jar
2026-03-07 16:06:05,114 [Worker-41: Launching Executing install in C__Users_user_Documents_Juan PC guillermo SpringAngularAWS_WORKSPACES_workspacegRPC_recetasAPI] INFO  o.eclipse.m2e.core.internal.Bundles - 	Entry: C:\Users\user\.p2\pool\plugins\org.eclipse.m2e.maven.runtime_3.9.900.20240824-1409\jars\maven-repository-metadata-3.9.9.jar
2026-03-07 16:06:05,114 [Worker-41: Launching Executing install in C__Users_user_Documents_Juan PC guillermo SpringAngularAWS_WORKSPACES_workspacegRPC_recetasAPI] INFO  o.eclipse.m2e.core.internal.Bundles - 	Entry: C:\Users\user\.p2\pool\plugins\org.eclipse.m2e.maven.runtime_3.9.900.20240824-1409\jars\maven-resolver-api-1.9.22.jar
2026-03-07 16:06:05,114 [Worker-41: Launching Executing install in C__Users_user_Documents_Juan PC guillermo SpringAngularAWS_WORKSPACES_workspacegRPC_recetasAPI] INFO  o.eclipse.m2e.core.internal.Bundles - 	Entry: C:\Users\user\.p2\pool\plugins\org.eclipse.m2e.maven.runtime_3.9.900.20240824-1409\jars\maven-resolver-connector-basic-1.9.22.jar
2026-03-07 16:06:05,114 [Worker-41: Launching Executing install in C__Users_user_Documents_Juan PC guillermo SpringAngularAWS_WORKSPACES_workspacegRPC_recetasAPI] INFO  o.eclipse.m2e.core.internal.Bundles - 	Entry: C:\Users\user\.p2\pool\plugins\org.eclipse.m2e.maven.runtime_3.9.900.20240824-1409\jars\maven-resolver-impl-1.9.22.jar
2026-03-07 16:06:05,114 [Worker-41: Launching Executing install in C__Users_user_Documents_Juan PC guillermo SpringAngularAWS_WORKSPACES_workspacegRPC_recetasAPI] INFO  o.eclipse.m2e.core.internal.Bundles - 	Entry: C:\Users\user\.p2\pool\plugins\org.eclipse.m2e.maven.runtime_3.9.900.20240824-1409\jars\maven-resolver-named-locks-1.9.22.jar
2026-03-07 16:06:05,114 [Worker-41: Launching Executing install in C__Users_user_Documents_Juan PC guillermo SpringAngularAWS_WORKSPACES_workspacegRPC_recetasAPI] INFO  o.eclipse.m2e.core.internal.Bundles - 	Entry: C:\Users\user\.p2\pool\plugins\org.eclipse.m2e.maven.runtime_3.9.900.20240824-1409\jars\maven-resolver-provider-3.9.9.jar
2026-03-07 16:06:05,114 [Worker-41: Launching Executing install in C__Users_user_Documents_Juan PC guillermo SpringAngularAWS_WORKSPACES_workspacegRPC_recetasAPI] INFO  o.eclipse.m2e.core.internal.Bundles - 	Entry: C:\Users\user\.p2\pool\plugins\org.eclipse.m2e.maven.runtime_3.9.900.20240824-1409\jars\maven-resolver-spi-1.9.22.jar
2026-03-07 16:06:05,114 [Worker-41: Launching Executing install in C__Users_user_Documents_Juan PC guillermo SpringAngularAWS_WORKSPACES_workspacegRPC_recetasAPI] INFO  o.eclipse.m2e.core.internal.Bundles - 	Entry: C:\Users\user\.p2\pool\plugins\org.eclipse.m2e.maven.runtime_3.9.900.20240824-1409\jars\maven-resolver-transport-file-1.9.22.jar
2026-03-07 16:06:05,114 [Worker-41: Launching Executing install in C__Users_user_Documents_Juan PC guillermo SpringAngularAWS_WORKSPACES_workspacegRPC_recetasAPI] INFO  o.eclipse.m2e.core.internal.Bundles - 	Entry: C:\Users\user\.p2\pool\plugins\org.eclipse.m2e.maven.runtime_3.9.900.20240824-1409\jars\maven-resolver-transport-http-1.9.22.jar
2026-03-07 16:06:05,115 [Worker-41: Launching Executing install in C__Users_user_Documents_Juan PC guillermo SpringAngularAWS_WORKSPACES_workspacegRPC_recetasAPI] INFO  o.eclipse.m2e.core.internal.Bundles - 	Entry: C:\Users\user\.p2\pool\plugins\org.eclipse.m2e.maven.runtime_3.9.900.20240824-1409\jars\maven-resolver-transport-wagon-1.9.22.jar
2026-03-07 16:06:05,115 [Worker-41: Launching Executing install in C__Users_user_Documents_Juan PC guillermo SpringAngularAWS_WORKSPACES_workspacegRPC_recetasAPI] INFO  o.eclipse.m2e.core.internal.Bundles - 	Entry: C:\Users\user\.p2\pool\plugins\org.eclipse.m2e.maven.runtime_3.9.900.20240824-1409\jars\maven-resolver-util-1.9.22.jar
2026-03-07 16:06:05,115 [Worker-41: Launching Executing install in C__Users_user_Documents_Juan PC guillermo SpringAngularAWS_WORKSPACES_workspacegRPC_recetasAPI] INFO  o.eclipse.m2e.core.internal.Bundles - 	Entry: C:\Users\user\.p2\pool\plugins\org.eclipse.m2e.maven.runtime_3.9.900.20240824-1409\jars\maven-settings-3.9.9.jar
2026-03-07 16:06:05,115 [Worker-41: Launching Executing install in C__Users_user_Documents_Juan PC guillermo SpringAngularAWS_WORKSPACES_workspacegRPC_recetasAPI] INFO  o.eclipse.m2e.core.internal.Bundles - 	Entry: C:\Users\user\.p2\pool\plugins\org.eclipse.m2e.maven.runtime_3.9.900.20240824-1409\jars\maven-settings-builder-3.9.9.jar
2026-03-07 16:06:05,115 [Worker-41: Launching Executing install in C__Users_user_Documents_Juan PC guillermo SpringAngularAWS_WORKSPACES_workspacegRPC_recetasAPI] INFO  o.eclipse.m2e.core.internal.Bundles - 	Entry: C:\Users\user\.p2\pool\plugins\org.eclipse.m2e.maven.runtime_3.9.900.20240824-1409\jars\maven-shared-utils-3.4.2.jar
2026-03-07 16:06:05,115 [Worker-41: Launching Executing install in C__Users_user_Documents_Juan PC guillermo SpringAngularAWS_WORKSPACES_workspacegRPC_recetasAPI] INFO  o.eclipse.m2e.core.internal.Bundles - 	Entry: C:\Users\user\.p2\pool\plugins\org.eclipse.m2e.maven.runtime_3.9.900.20240824-1409\jars\org.eclipse.sisu.inject-0.9.0.M3.jar
2026-03-07 16:06:05,115 [Worker-41: Launching Executing install in C__Users_user_Documents_Juan PC guillermo SpringAngularAWS_WORKSPACES_workspacegRPC_recetasAPI] INFO  o.eclipse.m2e.core.internal.Bundles - 	Entry: C:\Users\user\.p2\pool\plugins\org.eclipse.m2e.maven.runtime_3.9.900.20240824-1409\jars\org.eclipse.sisu.plexus-0.9.0.M3.jar
2026-03-07 16:06:05,115 [Worker-41: Launching Executing install in C__Users_user_Documents_Juan PC guillermo SpringAngularAWS_WORKSPACES_workspacegRPC_recetasAPI] INFO  o.eclipse.m2e.core.internal.Bundles - 	Entry: C:\Users\user\.p2\pool\plugins\org.eclipse.m2e.maven.runtime_3.9.900.20240824-1409\jars\plexus-build-api-0.0.7.jar
2026-03-07 16:06:05,115 [Worker-41: Launching Executing install in C__Users_user_Documents_Juan PC guillermo SpringAngularAWS_WORKSPACES_workspacegRPC_recetasAPI] INFO  o.eclipse.m2e.core.internal.Bundles - 	Entry: C:\Users\user\.p2\pool\plugins\org.eclipse.m2e.maven.runtime_3.9.900.20240824-1409\jars\plexus-build-api-1.2.0.jar
2026-03-07 16:06:05,116 [Worker-41: Launching Executing install in C__Users_user_Documents_Juan PC guillermo SpringAngularAWS_WORKSPACES_workspacegRPC_recetasAPI] INFO  o.eclipse.m2e.core.internal.Bundles - 	Entry: C:\Users\user\.p2\pool\plugins\org.eclipse.m2e.maven.runtime_3.9.900.20240824-1409\jars\plexus-cipher-2.0.jar
2026-03-07 16:06:05,116 [Worker-41: Launching Executing install in C__Users_user_Documents_Juan PC guillermo SpringAngularAWS_WORKSPACES_workspacegRPC_recetasAPI] INFO  o.eclipse.m2e.core.internal.Bundles - 	Entry: C:\Users\user\.p2\pool\plugins\org.eclipse.m2e.maven.runtime_3.9.900.20240824-1409\jars\plexus-classworlds-2.8.0.jar
2026-03-07 16:06:05,116 [Worker-41: Launching Executing install in C__Users_user_Documents_Juan PC guillermo SpringAngularAWS_WORKSPACES_workspacegRPC_recetasAPI] INFO  o.eclipse.m2e.core.internal.Bundles - 	Entry: C:\Users\user\.p2\pool\plugins\org.eclipse.m2e.maven.runtime_3.9.900.20240824-1409\jars\plexus-component-annotations-2.1.0.jar
2026-03-07 16:06:05,116 [Worker-41: Launching Executing install in C__Users_user_Documents_Juan PC guillermo SpringAngularAWS_WORKSPACES_workspacegRPC_recetasAPI] INFO  o.eclipse.m2e.core.internal.Bundles - 	Entry: C:\Users\user\.p2\pool\plugins\org.eclipse.m2e.maven.runtime_3.9.900.20240824-1409\jars\plexus-interpolation-1.27.jar
2026-03-07 16:06:05,116 [Worker-41: Launching Executing install in C__Users_user_Documents_Juan PC guillermo SpringAngularAWS_WORKSPACES_workspacegRPC_recetasAPI] INFO  o.eclipse.m2e.core.internal.Bundles - 	Entry: C:\Users\user\.p2\pool\plugins\org.eclipse.m2e.maven.runtime_3.9.900.20240824-1409\jars\plexus-sec-dispatcher-2.0.jar
2026-03-07 16:06:05,116 [Worker-41: Launching Executing install in C__Users_user_Documents_Juan PC guillermo SpringAngularAWS_WORKSPACES_workspacegRPC_recetasAPI] INFO  o.eclipse.m2e.core.internal.Bundles - 	Entry: C:\Users\user\.p2\pool\plugins\org.eclipse.m2e.maven.runtime_3.9.900.20240824-1409\jars\plexus-utils-3.5.1.jar
2026-03-07 16:06:05,116 [Worker-41: Launching Executing install in C__Users_user_Documents_Juan PC guillermo SpringAngularAWS_WORKSPACES_workspacegRPC_recetasAPI] INFO  o.eclipse.m2e.core.internal.Bundles - 	Entry: C:\Users\user\.p2\pool\plugins\org.eclipse.m2e.maven.runtime_3.9.900.20240824-1409\jars\plexus-xml-3.0.1.jar
2026-03-07 16:06:05,116 [Worker-41: Launching Executing install in C__Users_user_Documents_Juan PC guillermo SpringAngularAWS_WORKSPACES_workspacegRPC_recetasAPI] INFO  o.eclipse.m2e.core.internal.Bundles - 	Entry: C:\Users\user\.p2\pool\plugins\org.eclipse.m2e.maven.runtime_3.9.900.20240824-1409\jars\wagon-file-3.5.3.jar
2026-03-07 16:06:05,116 [Worker-41: Launching Executing install in C__Users_user_Documents_Juan PC guillermo SpringAngularAWS_WORKSPACES_workspacegRPC_recetasAPI] INFO  o.eclipse.m2e.core.internal.Bundles - 	Entry: C:\Users\user\.p2\pool\plugins\org.eclipse.m2e.maven.runtime_3.9.900.20240824-1409\jars\wagon-http-3.5.3.jar
2026-03-07 16:06:05,116 [Worker-41: Launching Executing install in C__Users_user_Documents_Juan PC guillermo SpringAngularAWS_WORKSPACES_workspacegRPC_recetasAPI] INFO  o.eclipse.m2e.core.internal.Bundles - 	Entry: C:\Users\user\.p2\pool\plugins\org.eclipse.m2e.maven.runtime_3.9.900.20240824-1409\jars\wagon-http-shared-3.5.3.jar
2026-03-07 16:06:05,117 [Worker-41: Launching Executing install in C__Users_user_Documents_Juan PC guillermo SpringAngularAWS_WORKSPACES_workspacegRPC_recetasAPI] INFO  o.eclipse.m2e.core.internal.Bundles - 	Entry: C:\Users\user\.p2\pool\plugins\org.eclipse.m2e.maven.runtime_3.9.900.20240824-1409\jars\wagon-provider-api-3.5.3.jar
2026-03-07 16:06:05,117 [Worker-41: Launching Executing install in C__Users_user_Documents_Juan PC guillermo SpringAngularAWS_WORKSPACES_workspacegRPC_recetasAPI] INFO  o.eclipse.m2e.core.internal.Bundles - getClasspathEntries(Bundle=com.google.guava_33.4.0.jre [544])
2026-03-07 16:06:05,117 [Worker-41: Launching Executing install in C__Users_user_Documents_Juan PC guillermo SpringAngularAWS_WORKSPACES_workspacegRPC_recetasAPI] INFO  o.eclipse.m2e.core.internal.Bundles - 	Entry: C:\Users\user\.p2\pool\plugins\com.google.guava_33.4.0.jre.jar
2026-03-07 16:06:05,117 [Worker-41: Launching Executing install in C__Users_user_Documents_Juan PC guillermo SpringAngularAWS_WORKSPACES_workspacegRPC_recetasAPI] INFO  o.eclipse.m2e.core.internal.Bundles - getClasspathEntries(Bundle=slf4j.api_2.0.17 [609])
2026-03-07 16:06:05,117 [Worker-41: Launching Executing install in C__Users_user_Documents_Juan PC guillermo SpringAngularAWS_WORKSPACES_workspacegRPC_recetasAPI] INFO  o.eclipse.m2e.core.internal.Bundles - 	Entry: C:\Users\user\.p2\pool\plugins\slf4j.api_2.0.17.jar
2026-03-07 16:06:05,117 [Worker-41: Launching Executing install in C__Users_user_Documents_Juan PC guillermo SpringAngularAWS_WORKSPACES_workspacegRPC_recetasAPI] INFO  o.eclipse.m2e.core.internal.Bundles - getClasspathEntries(Bundle=jakarta.inject.jakarta.inject-api_1.0.5 [22])
2026-03-07 16:06:05,118 [Worker-41: Launching Executing install in C__Users_user_Documents_Juan PC guillermo SpringAngularAWS_WORKSPACES_workspacegRPC_recetasAPI] INFO  o.eclipse.m2e.core.internal.Bundles - 	Entry: C:\Users\user\.p2\pool\plugins\jakarta.inject.jakarta.inject-api_1.0.5.jar
2026-03-07 16:06:05,118 [Worker-41: Launching Executing install in C__Users_user_Documents_Juan PC guillermo SpringAngularAWS_WORKSPACES_workspacegRPC_recetasAPI] INFO  o.eclipse.m2e.core.internal.Bundles - getClasspathEntries(Bundle=javax.annotation_1.3.5.v20200909-1856 [552])
2026-03-07 16:06:05,118 [Worker-41: Launching Executing install in C__Users_user_Documents_Juan PC guillermo SpringAngularAWS_WORKSPACES_workspacegRPC_recetasAPI] INFO  o.eclipse.m2e.core.internal.Bundles - 	Entry: C:\Users\user\.p2\pool\plugins\javax.annotation_1.3.5.v20200909-1856.jar
2026-03-07 16:06:05,118 [Worker-41: Launching Executing install in C__Users_user_Documents_Juan PC guillermo SpringAngularAWS_WORKSPACES_workspacegRPC_recetasAPI] INFO  o.eclipse.m2e.core.internal.Bundles - getClasspathEntries(Bundle=org.apache.commons.cli_1.9.0 [47])
2026-03-07 16:06:05,119 [Worker-41: Launching Executing install in C__Users_user_Documents_Juan PC guillermo SpringAngularAWS_WORKSPACES_workspacegRPC_recetasAPI] INFO  o.eclipse.m2e.core.internal.Bundles - 	Entry: C:\Users\user\.p2\pool\plugins\org.apache.commons.cli_1.9.0.jar
2026-03-07 16:06:05,119 [Worker-41: Launching Executing install in C__Users_user_Documents_Juan PC guillermo SpringAngularAWS_WORKSPACES_workspacegRPC_recetasAPI] INFO  o.eclipse.m2e.core.internal.Bundles - getClasspathEntries(Bundle=org.apache.commons.commons-codec_1.16.0 [50])
2026-03-07 16:06:05,119 [Worker-41: Launching Executing install in C__Users_user_Documents_Juan PC guillermo SpringAngularAWS_WORKSPACES_workspacegRPC_recetasAPI] INFO  o.eclipse.m2e.core.internal.Bundles - 	Entry: C:\Users\user\.p2\pool\plugins\org.apache.commons.commons-codec_1.16.0.jar
2026-03-07 16:06:05,119 [Worker-41: Launching Executing install in C__Users_user_Documents_Juan PC guillermo SpringAngularAWS_WORKSPACES_workspacegRPC_recetasAPI] INFO  o.eclipse.m2e.core.internal.Bundles - getClasspathEntries(Bundle=com.google.guava.failureaccess_1.0.2 [11])
2026-03-07 16:06:05,119 [Worker-41: Launching Executing install in C__Users_user_Documents_Juan PC guillermo SpringAngularAWS_WORKSPACES_workspacegRPC_recetasAPI] INFO  o.eclipse.m2e.core.internal.Bundles - 	Entry: C:\Users\user\.p2\pool\plugins\com.google.guava.failureaccess_1.0.2.jar
2026-03-07 16:06:05,120 [Worker-41: Launching Executing install in C__Users_user_Documents_Juan PC guillermo SpringAngularAWS_WORKSPACES_workspacegRPC_recetasAPI] INFO  o.e.m.i.launch.MavenLaunchDelegate - Run build in "C:\Users\user\Documents\Juan PC guillermo SpringAngularAWS\WORKSPACES\workspacegRPC\recetasAPI":
2026-03-07 16:06:05,120 [Worker-41: Launching Executing install in C__Users_user_Documents_Juan PC guillermo SpringAngularAWS_WORKSPACES_workspacegRPC_recetasAPI] INFO  o.e.m.i.launch.MavenLaunchDelegate -  mvn  -B -Dstyle.color=always install
2026-03-07 16:06:25,279 [Worker-39: Building] INFO  o.a.m.s.f.DefaultMavenResourcesFiltering - Copying 1 resource from src\main\resources to target\classes
2026-03-07 16:06:25,281 [Worker-39: Building] INFO  o.a.m.s.f.DefaultMavenResourcesFiltering - Copying 0 resource from src\main\resources to target\classes
2026-03-07 16:06:25,284 [Worker-39: Building] INFO  o.a.m.s.f.DefaultMavenResourcesFiltering - skip non existing resourceDirectory C:\Users\user\Documents\Juan PC guillermo SpringAngularAWS\WORKSPACES\workspacegRPC\recetasAPI\src\test\resources
2026-03-07 16:06:26,907 [Worker-39: Launching Executing install in C__Users_user_Documents_Juan PC guillermo SpringAngularAWS_WORKSPACES_workspacegRPC_recetasAPI] INFO  o.eclipse.m2e.core.internal.Bundles - getClasspathEntries(Bundle=org.eclipse.m2e.maven.runtime_3.9.900.20240824-1409 [300])
2026-03-07 16:06:26,908 [Worker-39: Launching Executing install in C__Users_user_Documents_Juan PC guillermo SpringAngularAWS_WORKSPACES_workspacegRPC_recetasAPI] INFO  o.eclipse.m2e.core.internal.Bundles - 	Entry: C:\Users\user\.p2\pool\plugins\org.eclipse.m2e.maven.runtime_3.9.900.20240824-1409
2026-03-07 16:06:26,908 [Worker-39: Launching Executing install in C__Users_user_Documents_Juan PC guillermo SpringAngularAWS_WORKSPACES_workspacegRPC_recetasAPI] INFO  o.eclipse.m2e.core.internal.Bundles - 	Entry: C:\Users\user\.p2\pool\plugins\org.eclipse.m2e.maven.runtime_3.9.900.20240824-1409\jars\aopalliance-1.0.jar
2026-03-07 16:06:26,908 [Worker-39: Launching Executing install in C__Users_user_Documents_Juan PC guillermo SpringAngularAWS_WORKSPACES_workspacegRPC_recetasAPI] INFO  o.eclipse.m2e.core.internal.Bundles - 	Entry: C:\Users\user\.p2\pool\plugins\org.eclipse.m2e.maven.runtime_3.9.900.20240824-1409\jars\guice-5.1.0.jar
2026-03-07 16:06:26,908 [Worker-39: Launching Executing install in C__Users_user_Documents_Juan PC guillermo SpringAngularAWS_WORKSPACES_workspacegRPC_recetasAPI] INFO  o.eclipse.m2e.core.internal.Bundles - 	Entry: C:\Users\user\.p2\pool\plugins\org.eclipse.m2e.maven.runtime_3.9.900.20240824-1409\jars\httpclient-4.5.14.jar
2026-03-07 16:06:26,909 [Worker-39: Launching Executing install in C__Users_user_Documents_Juan PC guillermo SpringAngularAWS_WORKSPACES_workspacegRPC_recetasAPI] INFO  o.eclipse.m2e.core.internal.Bundles - 	Entry: C:\Users\user\.p2\pool\plugins\org.eclipse.m2e.maven.runtime_3.9.900.20240824-1409\jars\httpcore-4.4.16.jar
2026-03-07 16:06:26,909 [Worker-39: Launching Executing install in C__Users_user_Documents_Juan PC guillermo SpringAngularAWS_WORKSPACES_workspacegRPC_recetasAPI] INFO  o.eclipse.m2e.core.internal.Bundles - 	Entry: C:\Users\user\.p2\pool\plugins\org.eclipse.m2e.maven.runtime_3.9.900.20240824-1409\jars\jansi-2.4.1.jar
2026-03-07 16:06:26,909 [Worker-39: Launching Executing install in C__Users_user_Documents_Juan PC guillermo SpringAngularAWS_WORKSPACES_workspacegRPC_recetasAPI] INFO  o.eclipse.m2e.core.internal.Bundles - 	Entry: C:\Users\user\.p2\pool\plugins\org.eclipse.m2e.maven.runtime_3.9.900.20240824-1409\jars\jcl-over-slf4j-1.7.36.jar
2026-03-07 16:06:26,909 [Worker-39: Launching Executing install in C__Users_user_Documents_Juan PC guillermo SpringAngularAWS_WORKSPACES_workspacegRPC_recetasAPI] INFO  o.eclipse.m2e.core.internal.Bundles - 	Entry: C:\Users\user\.p2\pool\plugins\org.eclipse.m2e.maven.runtime_3.9.900.20240824-1409\jars\maven-artifact-3.9.9.jar
2026-03-07 16:06:26,909 [Worker-39: Launching Executing install in C__Users_user_Documents_Juan PC guillermo SpringAngularAWS_WORKSPACES_workspacegRPC_recetasAPI] INFO  o.eclipse.m2e.core.internal.Bundles - 	Entry: C:\Users\user\.p2\pool\plugins\org.eclipse.m2e.maven.runtime_3.9.900.20240824-1409\jars\maven-builder-support-3.9.9.jar
2026-03-07 16:06:26,909 [Worker-39: Launching Executing install in C__Users_user_Documents_Juan PC guillermo SpringAngularAWS_WORKSPACES_workspacegRPC_recetasAPI] INFO  o.eclipse.m2e.core.internal.Bundles - 	Entry: C:\Users\user\.p2\pool\plugins\org.eclipse.m2e.maven.runtime_3.9.900.20240824-1409\jars\maven-compat-3.9.9.jar
2026-03-07 16:06:26,909 [Worker-39: Launching Executing install in C__Users_user_Documents_Juan PC guillermo SpringAngularAWS_WORKSPACES_workspacegRPC_recetasAPI] INFO  o.eclipse.m2e.core.internal.Bundles - 	Entry: C:\Users\user\.p2\pool\plugins\org.eclipse.m2e.maven.runtime_3.9.900.20240824-1409\jars\maven-core-3.9.9.jar
2026-03-07 16:06:26,910 [Worker-39: Launching Executing install in C__Users_user_Documents_Juan PC guillermo SpringAngularAWS_WORKSPACES_workspacegRPC_recetasAPI] INFO  o.eclipse.m2e.core.internal.Bundles - 	Entry: C:\Users\user\.p2\pool\plugins\org.eclipse.m2e.maven.runtime_3.9.900.20240824-1409\jars\maven-embedder-3.9.9.jar
2026-03-07 16:06:26,910 [Worker-39: Launching Executing install in C__Users_user_Documents_Juan PC guillermo SpringAngularAWS_WORKSPACES_workspacegRPC_recetasAPI] INFO  o.eclipse.m2e.core.internal.Bundles - 	Entry: C:\Users\user\.p2\pool\plugins\org.eclipse.m2e.maven.runtime_3.9.900.20240824-1409\jars\maven-model-3.9.9.jar
2026-03-07 16:06:26,910 [Worker-39: Launching Executing install in C__Users_user_Documents_Juan PC guillermo SpringAngularAWS_WORKSPACES_workspacegRPC_recetasAPI] INFO  o.eclipse.m2e.core.internal.Bundles - 	Entry: C:\Users\user\.p2\pool\plugins\org.eclipse.m2e.maven.runtime_3.9.900.20240824-1409\jars\maven-model-builder-3.9.9.jar
2026-03-07 16:06:26,910 [Worker-39: Launching Executing install in C__Users_user_Documents_Juan PC guillermo SpringAngularAWS_WORKSPACES_workspacegRPC_recetasAPI] INFO  o.eclipse.m2e.core.internal.Bundles - 	Entry: C:\Users\user\.p2\pool\plugins\org.eclipse.m2e.maven.runtime_3.9.900.20240824-1409\jars\maven-plugin-api-3.9.9.jar
2026-03-07 16:06:26,910 [Worker-39: Launching Executing install in C__Users_user_Documents_Juan PC guillermo SpringAngularAWS_WORKSPACES_workspacegRPC_recetasAPI] INFO  o.eclipse.m2e.core.internal.Bundles - 	Entry: C:\Users\user\.p2\pool\plugins\org.eclipse.m2e.maven.runtime_3.9.900.20240824-1409\jars\maven-repository-metadata-3.9.9.jar
2026-03-07 16:06:26,910 [Worker-39: Launching Executing install in C__Users_user_Documents_Juan PC guillermo SpringAngularAWS_WORKSPACES_workspacegRPC_recetasAPI] INFO  o.eclipse.m2e.core.internal.Bundles - 	Entry: C:\Users\user\.p2\pool\plugins\org.eclipse.m2e.maven.runtime_3.9.900.20240824-1409\jars\maven-resolver-api-1.9.22.jar
2026-03-07 16:06:26,910 [Worker-39: Launching Executing install in C__Users_user_Documents_Juan PC guillermo SpringAngularAWS_WORKSPACES_workspacegRPC_recetasAPI] INFO  o.eclipse.m2e.core.internal.Bundles - 	Entry: C:\Users\user\.p2\pool\plugins\org.eclipse.m2e.maven.runtime_3.9.900.20240824-1409\jars\maven-resolver-connector-basic-1.9.22.jar
2026-03-07 16:06:26,910 [Worker-39: Launching Executing install in C__Users_user_Documents_Juan PC guillermo SpringAngularAWS_WORKSPACES_workspacegRPC_recetasAPI] INFO  o.eclipse.m2e.core.internal.Bundles - 	Entry: C:\Users\user\.p2\pool\plugins\org.eclipse.m2e.maven.runtime_3.9.900.20240824-1409\jars\maven-resolver-impl-1.9.22.jar
2026-03-07 16:06:26,910 [Worker-39: Launching Executing install in C__Users_user_Documents_Juan PC guillermo SpringAngularAWS_WORKSPACES_workspacegRPC_recetasAPI] INFO  o.eclipse.m2e.core.internal.Bundles - 	Entry: C:\Users\user\.p2\pool\plugins\org.eclipse.m2e.maven.runtime_3.9.900.20240824-1409\jars\maven-resolver-named-locks-1.9.22.jar
2026-03-07 16:06:26,911 [Worker-39: Launching Executing install in C__Users_user_Documents_Juan PC guillermo SpringAngularAWS_WORKSPACES_workspacegRPC_recetasAPI] INFO  o.eclipse.m2e.core.internal.Bundles - 	Entry: C:\Users\user\.p2\pool\plugins\org.eclipse.m2e.maven.runtime_3.9.900.20240824-1409\jars\maven-resolver-provider-3.9.9.jar
2026-03-07 16:06:26,911 [Worker-39: Launching Executing install in C__Users_user_Documents_Juan PC guillermo SpringAngularAWS_WORKSPACES_workspacegRPC_recetasAPI] INFO  o.eclipse.m2e.core.internal.Bundles - 	Entry: C:\Users\user\.p2\pool\plugins\org.eclipse.m2e.maven.runtime_3.9.900.20240824-1409\jars\maven-resolver-spi-1.9.22.jar
2026-03-07 16:06:26,911 [Worker-39: Launching Executing install in C__Users_user_Documents_Juan PC guillermo SpringAngularAWS_WORKSPACES_workspacegRPC_recetasAPI] INFO  o.eclipse.m2e.core.internal.Bundles - 	Entry: C:\Users\user\.p2\pool\plugins\org.eclipse.m2e.maven.runtime_3.9.900.20240824-1409\jars\maven-resolver-transport-file-1.9.22.jar
2026-03-07 16:06:26,911 [Worker-39: Launching Executing install in C__Users_user_Documents_Juan PC guillermo SpringAngularAWS_WORKSPACES_workspacegRPC_recetasAPI] INFO  o.eclipse.m2e.core.internal.Bundles - 	Entry: C:\Users\user\.p2\pool\plugins\org.eclipse.m2e.maven.runtime_3.9.900.20240824-1409\jars\maven-resolver-transport-http-1.9.22.jar
2026-03-07 16:06:26,911 [Worker-39: Launching Executing install in C__Users_user_Documents_Juan PC guillermo SpringAngularAWS_WORKSPACES_workspacegRPC_recetasAPI] INFO  o.eclipse.m2e.core.internal.Bundles - 	Entry: C:\Users\user\.p2\pool\plugins\org.eclipse.m2e.maven.runtime_3.9.900.20240824-1409\jars\maven-resolver-transport-wagon-1.9.22.jar
2026-03-07 16:06:26,911 [Worker-39: Launching Executing install in C__Users_user_Documents_Juan PC guillermo SpringAngularAWS_WORKSPACES_workspacegRPC_recetasAPI] INFO  o.eclipse.m2e.core.internal.Bundles - 	Entry: C:\Users\user\.p2\pool\plugins\org.eclipse.m2e.maven.runtime_3.9.900.20240824-1409\jars\maven-resolver-util-1.9.22.jar
2026-03-07 16:06:26,911 [Worker-39: Launching Executing install in C__Users_user_Documents_Juan PC guillermo SpringAngularAWS_WORKSPACES_workspacegRPC_recetasAPI] INFO  o.eclipse.m2e.core.internal.Bundles - 	Entry: C:\Users\user\.p2\pool\plugins\org.eclipse.m2e.maven.runtime_3.9.900.20240824-1409\jars\maven-settings-3.9.9.jar
2026-03-07 16:06:26,911 [Worker-39: Launching Executing install in C__Users_user_Documents_Juan PC guillermo SpringAngularAWS_WORKSPACES_workspacegRPC_recetasAPI] INFO  o.eclipse.m2e.core.internal.Bundles - 	Entry: C:\Users\user\.p2\pool\plugins\org.eclipse.m2e.maven.runtime_3.9.900.20240824-1409\jars\maven-settings-builder-3.9.9.jar
2026-03-07 16:06:26,911 [Worker-39: Launching Executing install in C__Users_user_Documents_Juan PC guillermo SpringAngularAWS_WORKSPACES_workspacegRPC_recetasAPI] INFO  o.eclipse.m2e.core.internal.Bundles - 	Entry: C:\Users\user\.p2\pool\plugins\org.eclipse.m2e.maven.runtime_3.9.900.20240824-1409\jars\maven-shared-utils-3.4.2.jar
2026-03-07 16:06:26,912 [Worker-39: Launching Executing install in C__Users_user_Documents_Juan PC guillermo SpringAngularAWS_WORKSPACES_workspacegRPC_recetasAPI] INFO  o.eclipse.m2e.core.internal.Bundles - 	Entry: C:\Users\user\.p2\pool\plugins\org.eclipse.m2e.maven.runtime_3.9.900.20240824-1409\jars\org.eclipse.sisu.inject-0.9.0.M3.jar
2026-03-07 16:06:26,912 [Worker-39: Launching Executing install in C__Users_user_Documents_Juan PC guillermo SpringAngularAWS_WORKSPACES_workspacegRPC_recetasAPI] INFO  o.eclipse.m2e.core.internal.Bundles - 	Entry: C:\Users\user\.p2\pool\plugins\org.eclipse.m2e.maven.runtime_3.9.900.20240824-1409\jars\org.eclipse.sisu.plexus-0.9.0.M3.jar
2026-03-07 16:06:26,912 [Worker-39: Launching Executing install in C__Users_user_Documents_Juan PC guillermo SpringAngularAWS_WORKSPACES_workspacegRPC_recetasAPI] INFO  o.eclipse.m2e.core.internal.Bundles - 	Entry: C:\Users\user\.p2\pool\plugins\org.eclipse.m2e.maven.runtime_3.9.900.20240824-1409\jars\plexus-build-api-0.0.7.jar
2026-03-07 16:06:26,912 [Worker-39: Launching Executing install in C__Users_user_Documents_Juan PC guillermo SpringAngularAWS_WORKSPACES_workspacegRPC_recetasAPI] INFO  o.eclipse.m2e.core.internal.Bundles - 	Entry: C:\Users\user\.p2\pool\plugins\org.eclipse.m2e.maven.runtime_3.9.900.20240824-1409\jars\plexus-build-api-1.2.0.jar
2026-03-07 16:06:26,912 [Worker-39: Launching Executing install in C__Users_user_Documents_Juan PC guillermo SpringAngularAWS_WORKSPACES_workspacegRPC_recetasAPI] INFO  o.eclipse.m2e.core.internal.Bundles - 	Entry: C:\Users\user\.p2\pool\plugins\org.eclipse.m2e.maven.runtime_3.9.900.20240824-1409\jars\plexus-cipher-2.0.jar
2026-03-07 16:06:26,912 [Worker-39: Launching Executing install in C__Users_user_Documents_Juan PC guillermo SpringAngularAWS_WORKSPACES_workspacegRPC_recetasAPI] INFO  o.eclipse.m2e.core.internal.Bundles - 	Entry: C:\Users\user\.p2\pool\plugins\org.eclipse.m2e.maven.runtime_3.9.900.20240824-1409\jars\plexus-classworlds-2.8.0.jar
2026-03-07 16:06:26,912 [Worker-39: Launching Executing install in C__Users_user_Documents_Juan PC guillermo SpringAngularAWS_WORKSPACES_workspacegRPC_recetasAPI] INFO  o.eclipse.m2e.core.internal.Bundles - 	Entry: C:\Users\user\.p2\pool\plugins\org.eclipse.m2e.maven.runtime_3.9.900.20240824-1409\jars\plexus-component-annotations-2.1.0.jar
2026-03-07 16:06:26,912 [Worker-39: Launching Executing install in C__Users_user_Documents_Juan PC guillermo SpringAngularAWS_WORKSPACES_workspacegRPC_recetasAPI] INFO  o.eclipse.m2e.core.internal.Bundles - 	Entry: C:\Users\user\.p2\pool\plugins\org.eclipse.m2e.maven.runtime_3.9.900.20240824-1409\jars\plexus-interpolation-1.27.jar
2026-03-07 16:06:26,912 [Worker-39: Launching Executing install in C__Users_user_Documents_Juan PC guillermo SpringAngularAWS_WORKSPACES_workspacegRPC_recetasAPI] INFO  o.eclipse.m2e.core.internal.Bundles - 	Entry: C:\Users\user\.p2\pool\plugins\org.eclipse.m2e.maven.runtime_3.9.900.20240824-1409\jars\plexus-sec-dispatcher-2.0.jar
2026-03-07 16:06:26,913 [Worker-39: Launching Executing install in C__Users_user_Documents_Juan PC guillermo SpringAngularAWS_WORKSPACES_workspacegRPC_recetasAPI] INFO  o.eclipse.m2e.core.internal.Bundles - 	Entry: C:\Users\user\.p2\pool\plugins\org.eclipse.m2e.maven.runtime_3.9.900.20240824-1409\jars\plexus-utils-3.5.1.jar
2026-03-07 16:06:26,913 [Worker-39: Launching Executing install in C__Users_user_Documents_Juan PC guillermo SpringAngularAWS_WORKSPACES_workspacegRPC_recetasAPI] INFO  o.eclipse.m2e.core.internal.Bundles - 	Entry: C:\Users\user\.p2\pool\plugins\org.eclipse.m2e.maven.runtime_3.9.900.20240824-1409\jars\plexus-xml-3.0.1.jar
2026-03-07 16:06:26,913 [Worker-39: Launching Executing install in C__Users_user_Documents_Juan PC guillermo SpringAngularAWS_WORKSPACES_workspacegRPC_recetasAPI] INFO  o.eclipse.m2e.core.internal.Bundles - 	Entry: C:\Users\user\.p2\pool\plugins\org.eclipse.m2e.maven.runtime_3.9.900.20240824-1409\jars\wagon-file-3.5.3.jar
2026-03-07 16:06:26,913 [Worker-39: Launching Executing install in C__Users_user_Documents_Juan PC guillermo SpringAngularAWS_WORKSPACES_workspacegRPC_recetasAPI] INFO  o.eclipse.m2e.core.internal.Bundles - 	Entry: C:\Users\user\.p2\pool\plugins\org.eclipse.m2e.maven.runtime_3.9.900.20240824-1409\jars\wagon-http-3.5.3.jar
2026-03-07 16:06:26,913 [Worker-39: Launching Executing install in C__Users_user_Documents_Juan PC guillermo SpringAngularAWS_WORKSPACES_workspacegRPC_recetasAPI] INFO  o.eclipse.m2e.core.internal.Bundles - 	Entry: C:\Users\user\.p2\pool\plugins\org.eclipse.m2e.maven.runtime_3.9.900.20240824-1409\jars\wagon-http-shared-3.5.3.jar
2026-03-07 16:06:26,913 [Worker-39: Launching Executing install in C__Users_user_Documents_Juan PC guillermo SpringAngularAWS_WORKSPACES_workspacegRPC_recetasAPI] INFO  o.eclipse.m2e.core.internal.Bundles - 	Entry: C:\Users\user\.p2\pool\plugins\org.eclipse.m2e.maven.runtime_3.9.900.20240824-1409\jars\wagon-provider-api-3.5.3.jar
2026-03-07 16:06:26,913 [Worker-39: Launching Executing install in C__Users_user_Documents_Juan PC guillermo SpringAngularAWS_WORKSPACES_workspacegRPC_recetasAPI] INFO  o.eclipse.m2e.core.internal.Bundles - getClasspathEntries(Bundle=com.google.guava_33.4.0.jre [544])
2026-03-07 16:06:26,914 [Worker-39: Launching Executing install in C__Users_user_Documents_Juan PC guillermo SpringAngularAWS_WORKSPACES_workspacegRPC_recetasAPI] INFO  o.eclipse.m2e.core.internal.Bundles - 	Entry: C:\Users\user\.p2\pool\plugins\com.google.guava_33.4.0.jre.jar
2026-03-07 16:06:26,914 [Worker-39: Launching Executing install in C__Users_user_Documents_Juan PC guillermo SpringAngularAWS_WORKSPACES_workspacegRPC_recetasAPI] INFO  o.eclipse.m2e.core.internal.Bundles - getClasspathEntries(Bundle=slf4j.api_2.0.17 [609])
2026-03-07 16:06:26,914 [Worker-39: Launching Executing install in C__Users_user_Documents_Juan PC guillermo SpringAngularAWS_WORKSPACES_workspacegRPC_recetasAPI] INFO  o.eclipse.m2e.core.internal.Bundles - 	Entry: C:\Users\user\.p2\pool\plugins\slf4j.api_2.0.17.jar
2026-03-07 16:06:26,914 [Worker-39: Launching Executing install in C__Users_user_Documents_Juan PC guillermo SpringAngularAWS_WORKSPACES_workspacegRPC_recetasAPI] INFO  o.eclipse.m2e.core.internal.Bundles - getClasspathEntries(Bundle=jakarta.inject.jakarta.inject-api_1.0.5 [22])
2026-03-07 16:06:26,915 [Worker-39: Launching Executing install in C__Users_user_Documents_Juan PC guillermo SpringAngularAWS_WORKSPACES_workspacegRPC_recetasAPI] INFO  o.eclipse.m2e.core.internal.Bundles - 	Entry: C:\Users\user\.p2\pool\plugins\jakarta.inject.jakarta.inject-api_1.0.5.jar
2026-03-07 16:06:26,915 [Worker-39: Launching Executing install in C__Users_user_Documents_Juan PC guillermo SpringAngularAWS_WORKSPACES_workspacegRPC_recetasAPI] INFO  o.eclipse.m2e.core.internal.Bundles - getClasspathEntries(Bundle=javax.annotation_1.3.5.v20200909-1856 [552])
2026-03-07 16:06:26,915 [Worker-39: Launching Executing install in C__Users_user_Documents_Juan PC guillermo SpringAngularAWS_WORKSPACES_workspacegRPC_recetasAPI] INFO  o.eclipse.m2e.core.internal.Bundles - 	Entry: C:\Users\user\.p2\pool\plugins\javax.annotation_1.3.5.v20200909-1856.jar
2026-03-07 16:06:26,915 [Worker-39: Launching Executing install in C__Users_user_Documents_Juan PC guillermo SpringAngularAWS_WORKSPACES_workspacegRPC_recetasAPI] INFO  o.eclipse.m2e.core.internal.Bundles - getClasspathEntries(Bundle=org.apache.commons.cli_1.9.0 [47])
2026-03-07 16:06:26,916 [Worker-39: Launching Executing install in C__Users_user_Documents_Juan PC guillermo SpringAngularAWS_WORKSPACES_workspacegRPC_recetasAPI] INFO  o.eclipse.m2e.core.internal.Bundles - 	Entry: C:\Users\user\.p2\pool\plugins\org.apache.commons.cli_1.9.0.jar
2026-03-07 16:06:26,916 [Worker-39: Launching Executing install in C__Users_user_Documents_Juan PC guillermo SpringAngularAWS_WORKSPACES_workspacegRPC_recetasAPI] INFO  o.eclipse.m2e.core.internal.Bundles - getClasspathEntries(Bundle=org.apache.commons.commons-codec_1.16.0 [50])
2026-03-07 16:06:26,916 [Worker-39: Launching Executing install in C__Users_user_Documents_Juan PC guillermo SpringAngularAWS_WORKSPACES_workspacegRPC_recetasAPI] INFO  o.eclipse.m2e.core.internal.Bundles - 	Entry: C:\Users\user\.p2\pool\plugins\org.apache.commons.commons-codec_1.16.0.jar
2026-03-07 16:06:26,916 [Worker-39: Launching Executing install in C__Users_user_Documents_Juan PC guillermo SpringAngularAWS_WORKSPACES_workspacegRPC_recetasAPI] INFO  o.eclipse.m2e.core.internal.Bundles - getClasspathEntries(Bundle=com.google.guava.failureaccess_1.0.2 [11])
2026-03-07 16:06:26,917 [Worker-39: Launching Executing install in C__Users_user_Documents_Juan PC guillermo SpringAngularAWS_WORKSPACES_workspacegRPC_recetasAPI] INFO  o.eclipse.m2e.core.internal.Bundles - 	Entry: C:\Users\user\.p2\pool\plugins\com.google.guava.failureaccess_1.0.2.jar
2026-03-07 16:06:26,918 [Worker-39: Launching Executing install in C__Users_user_Documents_Juan PC guillermo SpringAngularAWS_WORKSPACES_workspacegRPC_recetasAPI] INFO  o.e.m.i.launch.MavenLaunchDelegate - Run build in "C:\Users\user\Documents\Juan PC guillermo SpringAngularAWS\WORKSPACES\workspacegRPC\recetasAPI":
2026-03-07 16:06:26,918 [Worker-39: Launching Executing install in C__Users_user_Documents_Juan PC guillermo SpringAngularAWS_WORKSPACES_workspacegRPC_recetasAPI] INFO  o.e.m.i.launch.MavenLaunchDelegate -  mvn  -B -Dstyle.color=always install
2026-03-07 16:07:49,218 [Worker-45: Launching Executing clean in C__Users_user_Documents_Juan PC guillermo SpringAngularAWS_WORKSPACES_workspacegRPC_restaurantes] INFO  o.eclipse.m2e.core.internal.Bundles - getClasspathEntries(Bundle=org.eclipse.m2e.maven.runtime_3.9.900.20240824-1409 [300])
2026-03-07 16:07:49,219 [Worker-45: Launching Executing clean in C__Users_user_Documents_Juan PC guillermo SpringAngularAWS_WORKSPACES_workspacegRPC_restaurantes] INFO  o.eclipse.m2e.core.internal.Bundles - 	Entry: C:\Users\user\.p2\pool\plugins\org.eclipse.m2e.maven.runtime_3.9.900.20240824-1409
2026-03-07 16:07:49,219 [Worker-45: Launching Executing clean in C__Users_user_Documents_Juan PC guillermo SpringAngularAWS_WORKSPACES_workspacegRPC_restaurantes] INFO  o.eclipse.m2e.core.internal.Bundles - 	Entry: C:\Users\user\.p2\pool\plugins\org.eclipse.m2e.maven.runtime_3.9.900.20240824-1409\jars\aopalliance-1.0.jar
2026-03-07 16:07:49,219 [Worker-45: Launching Executing clean in C__Users_user_Documents_Juan PC guillermo SpringAngularAWS_WORKSPACES_workspacegRPC_restaurantes] INFO  o.eclipse.m2e.core.internal.Bundles - 	Entry: C:\Users\user\.p2\pool\plugins\org.eclipse.m2e.maven.runtime_3.9.900.20240824-1409\jars\guice-5.1.0.jar
2026-03-07 16:07:49,220 [Worker-45: Launching Executing clean in C__Users_user_Documents_Juan PC guillermo SpringAngularAWS_WORKSPACES_workspacegRPC_restaurantes] INFO  o.eclipse.m2e.core.internal.Bundles - 	Entry: C:\Users\user\.p2\pool\plugins\org.eclipse.m2e.maven.runtime_3.9.900.20240824-1409\jars\httpclient-4.5.14.jar
2026-03-07 16:07:49,220 [Worker-45: Launching Executing clean in C__Users_user_Documents_Juan PC guillermo SpringAngularAWS_WORKSPACES_workspacegRPC_restaurantes] INFO  o.eclipse.m2e.core.internal.Bundles - 	Entry: C:\Users\user\.p2\pool\plugins\org.eclipse.m2e.maven.runtime_3.9.900.20240824-1409\jars\httpcore-4.4.16.jar
2026-03-07 16:07:49,220 [Worker-45: Launching Executing clean in C__Users_user_Documents_Juan PC guillermo SpringAngularAWS_WORKSPACES_workspacegRPC_restaurantes] INFO  o.eclipse.m2e.core.internal.Bundles - 	Entry: C:\Users\user\.p2\pool\plugins\org.eclipse.m2e.maven.runtime_3.9.900.20240824-1409\jars\jansi-2.4.1.jar
2026-03-07 16:07:49,220 [Worker-45: Launching Executing clean in C__Users_user_Documents_Juan PC guillermo SpringAngularAWS_WORKSPACES_workspacegRPC_restaurantes] INFO  o.eclipse.m2e.core.internal.Bundles - 	Entry: C:\Users\user\.p2\pool\plugins\org.eclipse.m2e.maven.runtime_3.9.900.20240824-1409\jars\jcl-over-slf4j-1.7.36.jar
2026-03-07 16:07:49,220 [Worker-45: Launching Executing clean in C__Users_user_Documents_Juan PC guillermo SpringAngularAWS_WORKSPACES_workspacegRPC_restaurantes] INFO  o.eclipse.m2e.core.internal.Bundles - 	Entry: C:\Users\user\.p2\pool\plugins\org.eclipse.m2e.maven.runtime_3.9.900.20240824-1409\jars\maven-artifact-3.9.9.jar
2026-03-07 16:07:49,220 [Worker-45: Launching Executing clean in C__Users_user_Documents_Juan PC guillermo SpringAngularAWS_WORKSPACES_workspacegRPC_restaurantes] INFO  o.eclipse.m2e.core.internal.Bundles - 	Entry: C:\Users\user\.p2\pool\plugins\org.eclipse.m2e.maven.runtime_3.9.900.20240824-1409\jars\maven-builder-support-3.9.9.jar
2026-03-07 16:07:49,220 [Worker-45: Launching Executing clean in C__Users_user_Documents_Juan PC guillermo SpringAngularAWS_WORKSPACES_workspacegRPC_restaurantes] INFO  o.eclipse.m2e.core.internal.Bundles - 	Entry: C:\Users\user\.p2\pool\plugins\org.eclipse.m2e.maven.runtime_3.9.900.20240824-1409\jars\maven-compat-3.9.9.jar
2026-03-07 16:07:49,220 [Worker-45: Launching Executing clean in C__Users_user_Documents_Juan PC guillermo SpringAngularAWS_WORKSPACES_workspacegRPC_restaurantes] INFO  o.eclipse.m2e.core.internal.Bundles - 	Entry: C:\Users\user\.p2\pool\plugins\org.eclipse.m2e.maven.runtime_3.9.900.20240824-1409\jars\maven-core-3.9.9.jar
2026-03-07 16:07:49,220 [Worker-45: Launching Executing clean in C__Users_user_Documents_Juan PC guillermo SpringAngularAWS_WORKSPACES_workspacegRPC_restaurantes] INFO  o.eclipse.m2e.core.internal.Bundles - 	Entry: C:\Users\user\.p2\pool\plugins\org.eclipse.m2e.maven.runtime_3.9.900.20240824-1409\jars\maven-embedder-3.9.9.jar
2026-03-07 16:07:49,220 [Worker-45: Launching Executing clean in C__Users_user_Documents_Juan PC guillermo SpringAngularAWS_WORKSPACES_workspacegRPC_restaurantes] INFO  o.eclipse.m2e.core.internal.Bundles - 	Entry: C:\Users\user\.p2\pool\plugins\org.eclipse.m2e.maven.runtime_3.9.900.20240824-1409\jars\maven-model-3.9.9.jar
2026-03-07 16:07:49,220 [Worker-45: Launching Executing clean in C__Users_user_Documents_Juan PC guillermo SpringAngularAWS_WORKSPACES_workspacegRPC_restaurantes] INFO  o.eclipse.m2e.core.internal.Bundles - 	Entry: C:\Users\user\.p2\pool\plugins\org.eclipse.m2e.maven.runtime_3.9.900.20240824-1409\jars\maven-model-builder-3.9.9.jar
2026-03-07 16:07:49,220 [Worker-45: Launching Executing clean in C__Users_user_Documents_Juan PC guillermo SpringAngularAWS_WORKSPACES_workspacegRPC_restaurantes] INFO  o.eclipse.m2e.core.internal.Bundles - 	Entry: C:\Users\user\.p2\pool\plugins\org.eclipse.m2e.maven.runtime_3.9.900.20240824-1409\jars\maven-plugin-api-3.9.9.jar
2026-03-07 16:07:49,220 [Worker-45: Launching Executing clean in C__Users_user_Documents_Juan PC guillermo SpringAngularAWS_WORKSPACES_workspacegRPC_restaurantes] INFO  o.eclipse.m2e.core.internal.Bundles - 	Entry: C:\Users\user\.p2\pool\plugins\org.eclipse.m2e.maven.runtime_3.9.900.20240824-1409\jars\maven-repository-metadata-3.9.9.jar
2026-03-07 16:07:49,220 [Worker-45: Launching Executing clean in C__Users_user_Documents_Juan PC guillermo SpringAngularAWS_WORKSPACES_workspacegRPC_restaurantes] INFO  o.eclipse.m2e.core.internal.Bundles - 	Entry: C:\Users\user\.p2\pool\plugins\org.eclipse.m2e.maven.runtime_3.9.900.20240824-1409\jars\maven-resolver-api-1.9.22.jar
2026-03-07 16:07:49,221 [Worker-45: Launching Executing clean in C__Users_user_Documents_Juan PC guillermo SpringAngularAWS_WORKSPACES_workspacegRPC_restaurantes] INFO  o.eclipse.m2e.core.internal.Bundles - 	Entry: C:\Users\user\.p2\pool\plugins\org.eclipse.m2e.maven.runtime_3.9.900.20240824-1409\jars\maven-resolver-connector-basic-1.9.22.jar
2026-03-07 16:07:49,221 [Worker-45: Launching Executing clean in C__Users_user_Documents_Juan PC guillermo SpringAngularAWS_WORKSPACES_workspacegRPC_restaurantes] INFO  o.eclipse.m2e.core.internal.Bundles - 	Entry: C:\Users\user\.p2\pool\plugins\org.eclipse.m2e.maven.runtime_3.9.900.20240824-1409\jars\maven-resolver-impl-1.9.22.jar
2026-03-07 16:07:49,221 [Worker-45: Launching Executing clean in C__Users_user_Documents_Juan PC guillermo SpringAngularAWS_WORKSPACES_workspacegRPC_restaurantes] INFO  o.eclipse.m2e.core.internal.Bundles - 	Entry: C:\Users\user\.p2\pool\plugins\org.eclipse.m2e.maven.runtime_3.9.900.20240824-1409\jars\maven-resolver-named-locks-1.9.22.jar
2026-03-07 16:07:49,221 [Worker-45: Launching Executing clean in C__Users_user_Documents_Juan PC guillermo SpringAngularAWS_WORKSPACES_workspacegRPC_restaurantes] INFO  o.eclipse.m2e.core.internal.Bundles - 	Entry: C:\Users\user\.p2\pool\plugins\org.eclipse.m2e.maven.runtime_3.9.900.20240824-1409\jars\maven-resolver-provider-3.9.9.jar
2026-03-07 16:07:49,221 [Worker-45: Launching Executing clean in C__Users_user_Documents_Juan PC guillermo SpringAngularAWS_WORKSPACES_workspacegRPC_restaurantes] INFO  o.eclipse.m2e.core.internal.Bundles - 	Entry: C:\Users\user\.p2\pool\plugins\org.eclipse.m2e.maven.runtime_3.9.900.20240824-1409\jars\maven-resolver-spi-1.9.22.jar
2026-03-07 16:07:49,221 [Worker-45: Launching Executing clean in C__Users_user_Documents_Juan PC guillermo SpringAngularAWS_WORKSPACES_workspacegRPC_restaurantes] INFO  o.eclipse.m2e.core.internal.Bundles - 	Entry: C:\Users\user\.p2\pool\plugins\org.eclipse.m2e.maven.runtime_3.9.900.20240824-1409\jars\maven-resolver-transport-file-1.9.22.jar
2026-03-07 16:07:49,221 [Worker-45: Launching Executing clean in C__Users_user_Documents_Juan PC guillermo SpringAngularAWS_WORKSPACES_workspacegRPC_restaurantes] INFO  o.eclipse.m2e.core.internal.Bundles - 	Entry: C:\Users\user\.p2\pool\plugins\org.eclipse.m2e.maven.runtime_3.9.900.20240824-1409\jars\maven-resolver-transport-http-1.9.22.jar
2026-03-07 16:07:49,221 [Worker-45: Launching Executing clean in C__Users_user_Documents_Juan PC guillermo SpringAngularAWS_WORKSPACES_workspacegRPC_restaurantes] INFO  o.eclipse.m2e.core.internal.Bundles - 	Entry: C:\Users\user\.p2\pool\plugins\org.eclipse.m2e.maven.runtime_3.9.900.20240824-1409\jars\maven-resolver-transport-wagon-1.9.22.jar
2026-03-07 16:07:49,221 [Worker-45: Launching Executing clean in C__Users_user_Documents_Juan PC guillermo SpringAngularAWS_WORKSPACES_workspacegRPC_restaurantes] INFO  o.eclipse.m2e.core.internal.Bundles - 	Entry: C:\Users\user\.p2\pool\plugins\org.eclipse.m2e.maven.runtime_3.9.900.20240824-1409\jars\maven-resolver-util-1.9.22.jar
2026-03-07 16:07:49,222 [Worker-45: Launching Executing clean in C__Users_user_Documents_Juan PC guillermo SpringAngularAWS_WORKSPACES_workspacegRPC_restaurantes] INFO  o.eclipse.m2e.core.internal.Bundles - 	Entry: C:\Users\user\.p2\pool\plugins\org.eclipse.m2e.maven.runtime_3.9.900.20240824-1409\jars\maven-settings-3.9.9.jar
2026-03-07 16:07:49,222 [Worker-45: Launching Executing clean in C__Users_user_Documents_Juan PC guillermo SpringAngularAWS_WORKSPACES_workspacegRPC_restaurantes] INFO  o.eclipse.m2e.core.internal.Bundles - 	Entry: C:\Users\user\.p2\pool\plugins\org.eclipse.m2e.maven.runtime_3.9.900.20240824-1409\jars\maven-settings-builder-3.9.9.jar
2026-03-07 16:07:49,222 [Worker-45: Launching Executing clean in C__Users_user_Documents_Juan PC guillermo SpringAngularAWS_WORKSPACES_workspacegRPC_restaurantes] INFO  o.eclipse.m2e.core.internal.Bundles - 	Entry: C:\Users\user\.p2\pool\plugins\org.eclipse.m2e.maven.runtime_3.9.900.20240824-1409\jars\maven-shared-utils-3.4.2.jar
2026-03-07 16:07:49,222 [Worker-45: Launching Executing clean in C__Users_user_Documents_Juan PC guillermo SpringAngularAWS_WORKSPACES_workspacegRPC_restaurantes] INFO  o.eclipse.m2e.core.internal.Bundles - 	Entry: C:\Users\user\.p2\pool\plugins\org.eclipse.m2e.maven.runtime_3.9.900.20240824-1409\jars\org.eclipse.sisu.inject-0.9.0.M3.jar
2026-03-07 16:07:49,222 [Worker-45: Launching Executing clean in C__Users_user_Documents_Juan PC guillermo SpringAngularAWS_WORKSPACES_workspacegRPC_restaurantes] INFO  o.eclipse.m2e.core.internal.Bundles - 	Entry: C:\Users\user\.p2\pool\plugins\org.eclipse.m2e.maven.runtime_3.9.900.20240824-1409\jars\org.eclipse.sisu.plexus-0.9.0.M3.jar
2026-03-07 16:07:49,222 [Worker-45: Launching Executing clean in C__Users_user_Documents_Juan PC guillermo SpringAngularAWS_WORKSPACES_workspacegRPC_restaurantes] INFO  o.eclipse.m2e.core.internal.Bundles - 	Entry: C:\Users\user\.p2\pool\plugins\org.eclipse.m2e.maven.runtime_3.9.900.20240824-1409\jars\plexus-build-api-0.0.7.jar
2026-03-07 16:07:49,222 [Worker-45: Launching Executing clean in C__Users_user_Documents_Juan PC guillermo SpringAngularAWS_WORKSPACES_workspacegRPC_restaurantes] INFO  o.eclipse.m2e.core.internal.Bundles - 	Entry: C:\Users\user\.p2\pool\plugins\org.eclipse.m2e.maven.runtime_3.9.900.20240824-1409\jars\plexus-build-api-1.2.0.jar
2026-03-07 16:07:49,222 [Worker-45: Launching Executing clean in C__Users_user_Documents_Juan PC guillermo SpringAngularAWS_WORKSPACES_workspacegRPC_restaurantes] INFO  o.eclipse.m2e.core.internal.Bundles - 	Entry: C:\Users\user\.p2\pool\plugins\org.eclipse.m2e.maven.runtime_3.9.900.20240824-1409\jars\plexus-cipher-2.0.jar
2026-03-07 16:07:49,222 [Worker-45: Launching Executing clean in C__Users_user_Documents_Juan PC guillermo SpringAngularAWS_WORKSPACES_workspacegRPC_restaurantes] INFO  o.eclipse.m2e.core.internal.Bundles - 	Entry: C:\Users\user\.p2\pool\plugins\org.eclipse.m2e.maven.runtime_3.9.900.20240824-1409\jars\plexus-classworlds-2.8.0.jar
2026-03-07 16:07:49,222 [Worker-45: Launching Executing clean in C__Users_user_Documents_Juan PC guillermo SpringAngularAWS_WORKSPACES_workspacegRPC_restaurantes] INFO  o.eclipse.m2e.core.internal.Bundles - 	Entry: C:\Users\user\.p2\pool\plugins\org.eclipse.m2e.maven.runtime_3.9.900.20240824-1409\jars\plexus-component-annotations-2.1.0.jar
2026-03-07 16:07:49,223 [Worker-45: Launching Executing clean in C__Users_user_Documents_Juan PC guillermo SpringAngularAWS_WORKSPACES_workspacegRPC_restaurantes] INFO  o.eclipse.m2e.core.internal.Bundles - 	Entry: C:\Users\user\.p2\pool\plugins\org.eclipse.m2e.maven.runtime_3.9.900.20240824-1409\jars\plexus-interpolation-1.27.jar
2026-03-07 16:07:49,223 [Worker-45: Launching Executing clean in C__Users_user_Documents_Juan PC guillermo SpringAngularAWS_WORKSPACES_workspacegRPC_restaurantes] INFO  o.eclipse.m2e.core.internal.Bundles - 	Entry: C:\Users\user\.p2\pool\plugins\org.eclipse.m2e.maven.runtime_3.9.900.20240824-1409\jars\plexus-sec-dispatcher-2.0.jar
2026-03-07 16:07:49,223 [Worker-45: Launching Executing clean in C__Users_user_Documents_Juan PC guillermo SpringAngularAWS_WORKSPACES_workspacegRPC_restaurantes] INFO  o.eclipse.m2e.core.internal.Bundles - 	Entry: C:\Users\user\.p2\pool\plugins\org.eclipse.m2e.maven.runtime_3.9.900.20240824-1409\jars\plexus-utils-3.5.1.jar
2026-03-07 16:07:49,223 [Worker-45: Launching Executing clean in C__Users_user_Documents_Juan PC guillermo SpringAngularAWS_WORKSPACES_workspacegRPC_restaurantes] INFO  o.eclipse.m2e.core.internal.Bundles - 	Entry: C:\Users\user\.p2\pool\plugins\org.eclipse.m2e.maven.runtime_3.9.900.20240824-1409\jars\plexus-xml-3.0.1.jar
2026-03-07 16:07:49,223 [Worker-45: Launching Executing clean in C__Users_user_Documents_Juan PC guillermo SpringAngularAWS_WORKSPACES_workspacegRPC_restaurantes] INFO  o.eclipse.m2e.core.internal.Bundles - 	Entry: C:\Users\user\.p2\pool\plugins\org.eclipse.m2e.maven.runtime_3.9.900.20240824-1409\jars\wagon-file-3.5.3.jar
2026-03-07 16:07:49,223 [Worker-45: Launching Executing clean in C__Users_user_Documents_Juan PC guillermo SpringAngularAWS_WORKSPACES_workspacegRPC_restaurantes] INFO  o.eclipse.m2e.core.internal.Bundles - 	Entry: C:\Users\user\.p2\pool\plugins\org.eclipse.m2e.maven.runtime_3.9.900.20240824-1409\jars\wagon-http-3.5.3.jar
2026-03-07 16:07:49,223 [Worker-45: Launching Executing clean in C__Users_user_Documents_Juan PC guillermo SpringAngularAWS_WORKSPACES_workspacegRPC_restaurantes] INFO  o.eclipse.m2e.core.internal.Bundles - 	Entry: C:\Users\user\.p2\pool\plugins\org.eclipse.m2e.maven.runtime_3.9.900.20240824-1409\jars\wagon-http-shared-3.5.3.jar
2026-03-07 16:07:49,223 [Worker-45: Launching Executing clean in C__Users_user_Documents_Juan PC guillermo SpringAngularAWS_WORKSPACES_workspacegRPC_restaurantes] INFO  o.eclipse.m2e.core.internal.Bundles - 	Entry: C:\Users\user\.p2\pool\plugins\org.eclipse.m2e.maven.runtime_3.9.900.20240824-1409\jars\wagon-provider-api-3.5.3.jar
2026-03-07 16:07:49,223 [Worker-45: Launching Executing clean in C__Users_user_Documents_Juan PC guillermo SpringAngularAWS_WORKSPACES_workspacegRPC_restaurantes] INFO  o.eclipse.m2e.core.internal.Bundles - getClasspathEntries(Bundle=com.google.guava_33.4.0.jre [544])
2026-03-07 16:07:49,224 [Worker-45: Launching Executing clean in C__Users_user_Documents_Juan PC guillermo SpringAngularAWS_WORKSPACES_workspacegRPC_restaurantes] INFO  o.eclipse.m2e.core.internal.Bundles - 	Entry: C:\Users\user\.p2\pool\plugins\com.google.guava_33.4.0.jre.jar
2026-03-07 16:07:49,224 [Worker-45: Launching Executing clean in C__Users_user_Documents_Juan PC guillermo SpringAngularAWS_WORKSPACES_workspacegRPC_restaurantes] INFO  o.eclipse.m2e.core.internal.Bundles - getClasspathEntries(Bundle=slf4j.api_2.0.17 [609])
2026-03-07 16:07:49,224 [Worker-45: Launching Executing clean in C__Users_user_Documents_Juan PC guillermo SpringAngularAWS_WORKSPACES_workspacegRPC_restaurantes] INFO  o.eclipse.m2e.core.internal.Bundles - 	Entry: C:\Users\user\.p2\pool\plugins\slf4j.api_2.0.17.jar
2026-03-07 16:07:49,224 [Worker-45: Launching Executing clean in C__Users_user_Documents_Juan PC guillermo SpringAngularAWS_WORKSPACES_workspacegRPC_restaurantes] INFO  o.eclipse.m2e.core.internal.Bundles - getClasspathEntries(Bundle=jakarta.inject.jakarta.inject-api_1.0.5 [22])
2026-03-07 16:07:49,224 [Worker-45: Launching Executing clean in C__Users_user_Documents_Juan PC guillermo SpringAngularAWS_WORKSPACES_workspacegRPC_restaurantes] INFO  o.eclipse.m2e.core.internal.Bundles - 	Entry: C:\Users\user\.p2\pool\plugins\jakarta.inject.jakarta.inject-api_1.0.5.jar
2026-03-07 16:07:49,224 [Worker-45: Launching Executing clean in C__Users_user_Documents_Juan PC guillermo SpringAngularAWS_WORKSPACES_workspacegRPC_restaurantes] INFO  o.eclipse.m2e.core.internal.Bundles - getClasspathEntries(Bundle=javax.annotation_1.3.5.v20200909-1856 [552])
2026-03-07 16:07:49,225 [Worker-45: Launching Executing clean in C__Users_user_Documents_Juan PC guillermo SpringAngularAWS_WORKSPACES_workspacegRPC_restaurantes] INFO  o.eclipse.m2e.core.internal.Bundles - 	Entry: C:\Users\user\.p2\pool\plugins\javax.annotation_1.3.5.v20200909-1856.jar
2026-03-07 16:07:49,225 [Worker-45: Launching Executing clean in C__Users_user_Documents_Juan PC guillermo SpringAngularAWS_WORKSPACES_workspacegRPC_restaurantes] INFO  o.eclipse.m2e.core.internal.Bundles - getClasspathEntries(Bundle=org.apache.commons.cli_1.9.0 [47])
2026-03-07 16:07:49,225 [Worker-45: Launching Executing clean in C__Users_user_Documents_Juan PC guillermo SpringAngularAWS_WORKSPACES_workspacegRPC_restaurantes] INFO  o.eclipse.m2e.core.internal.Bundles - 	Entry: C:\Users\user\.p2\pool\plugins\org.apache.commons.cli_1.9.0.jar
2026-03-07 16:07:49,225 [Worker-45: Launching Executing clean in C__Users_user_Documents_Juan PC guillermo SpringAngularAWS_WORKSPACES_workspacegRPC_restaurantes] INFO  o.eclipse.m2e.core.internal.Bundles - getClasspathEntries(Bundle=org.apache.commons.commons-codec_1.16.0 [50])
2026-03-07 16:07:49,225 [Worker-45: Launching Executing clean in C__Users_user_Documents_Juan PC guillermo SpringAngularAWS_WORKSPACES_workspacegRPC_restaurantes] INFO  o.eclipse.m2e.core.internal.Bundles - 	Entry: C:\Users\user\.p2\pool\plugins\org.apache.commons.commons-codec_1.16.0.jar
2026-03-07 16:07:49,225 [Worker-45: Launching Executing clean in C__Users_user_Documents_Juan PC guillermo SpringAngularAWS_WORKSPACES_workspacegRPC_restaurantes] INFO  o.eclipse.m2e.core.internal.Bundles - getClasspathEntries(Bundle=com.google.guava.failureaccess_1.0.2 [11])
2026-03-07 16:07:49,226 [Worker-45: Launching Executing clean in C__Users_user_Documents_Juan PC guillermo SpringAngularAWS_WORKSPACES_workspacegRPC_restaurantes] INFO  o.eclipse.m2e.core.internal.Bundles - 	Entry: C:\Users\user\.p2\pool\plugins\com.google.guava.failureaccess_1.0.2.jar
2026-03-07 16:07:49,228 [Worker-45: Launching Executing clean in C__Users_user_Documents_Juan PC guillermo SpringAngularAWS_WORKSPACES_workspacegRPC_restaurantes] INFO  o.e.m.i.launch.MavenLaunchDelegate - Run build in "C:\Users\user\Documents\Juan PC guillermo SpringAngularAWS\WORKSPACES\workspacegRPC\restaurantes":
2026-03-07 16:07:49,228 [Worker-45: Launching Executing clean in C__Users_user_Documents_Juan PC guillermo SpringAngularAWS_WORKSPACES_workspacegRPC_restaurantes] INFO  o.e.m.i.launch.MavenLaunchDelegate -  mvn  -B -Dstyle.color=always clean
2026-03-07 16:07:52,631 [Worker-39: Building] INFO  o.a.m.s.f.DefaultMavenResourcesFiltering - Copying 1 resource from src\main\resources to target\classes
2026-03-07 16:07:52,633 [Worker-39: Building] INFO  o.a.m.s.f.DefaultMavenResourcesFiltering - Copying 0 resource from src\main\resources to target\classes
2026-03-07 16:07:52,636 [Worker-39: Building] INFO  o.a.m.s.f.DefaultMavenResourcesFiltering - skip non existing resourceDirectory C:\Users\user\Documents\Juan PC guillermo SpringAngularAWS\WORKSPACES\workspacegRPC\restaurantes\src\test\resources
2026-03-07 16:07:59,909 [Worker-45: Launching Executing install in C__Users_user_Documents_Juan PC guillermo SpringAngularAWS_WORKSPACES_workspacegRPC_restaurantes] INFO  o.eclipse.m2e.core.internal.Bundles - getClasspathEntries(Bundle=org.eclipse.m2e.maven.runtime_3.9.900.20240824-1409 [300])
2026-03-07 16:07:59,909 [Worker-45: Launching Executing install in C__Users_user_Documents_Juan PC guillermo SpringAngularAWS_WORKSPACES_workspacegRPC_restaurantes] INFO  o.eclipse.m2e.core.internal.Bundles - 	Entry: C:\Users\user\.p2\pool\plugins\org.eclipse.m2e.maven.runtime_3.9.900.20240824-1409
2026-03-07 16:07:59,909 [Worker-45: Launching Executing install in C__Users_user_Documents_Juan PC guillermo SpringAngularAWS_WORKSPACES_workspacegRPC_restaurantes] INFO  o.eclipse.m2e.core.internal.Bundles - 	Entry: C:\Users\user\.p2\pool\plugins\org.eclipse.m2e.maven.runtime_3.9.900.20240824-1409\jars\aopalliance-1.0.jar
2026-03-07 16:07:59,910 [Worker-45: Launching Executing install in C__Users_user_Documents_Juan PC guillermo SpringAngularAWS_WORKSPACES_workspacegRPC_restaurantes] INFO  o.eclipse.m2e.core.internal.Bundles - 	Entry: C:\Users\user\.p2\pool\plugins\org.eclipse.m2e.maven.runtime_3.9.900.20240824-1409\jars\guice-5.1.0.jar
2026-03-07 16:07:59,910 [Worker-45: Launching Executing install in C__Users_user_Documents_Juan PC guillermo SpringAngularAWS_WORKSPACES_workspacegRPC_restaurantes] INFO  o.eclipse.m2e.core.internal.Bundles - 	Entry: C:\Users\user\.p2\pool\plugins\org.eclipse.m2e.maven.runtime_3.9.900.20240824-1409\jars\httpclient-4.5.14.jar
2026-03-07 16:07:59,910 [Worker-45: Launching Executing install in C__Users_user_Documents_Juan PC guillermo SpringAngularAWS_WORKSPACES_workspacegRPC_restaurantes] INFO  o.eclipse.m2e.core.internal.Bundles - 	Entry: C:\Users\user\.p2\pool\plugins\org.eclipse.m2e.maven.runtime_3.9.900.20240824-1409\jars\httpcore-4.4.16.jar
2026-03-07 16:07:59,910 [Worker-45: Launching Executing install in C__Users_user_Documents_Juan PC guillermo SpringAngularAWS_WORKSPACES_workspacegRPC_restaurantes] INFO  o.eclipse.m2e.core.internal.Bundles - 	Entry: C:\Users\user\.p2\pool\plugins\org.eclipse.m2e.maven.runtime_3.9.900.20240824-1409\jars\jansi-2.4.1.jar
2026-03-07 16:07:59,910 [Worker-45: Launching Executing install in C__Users_user_Documents_Juan PC guillermo SpringAngularAWS_WORKSPACES_workspacegRPC_restaurantes] INFO  o.eclipse.m2e.core.internal.Bundles - 	Entry: C:\Users\user\.p2\pool\plugins\org.eclipse.m2e.maven.runtime_3.9.900.20240824-1409\jars\jcl-over-slf4j-1.7.36.jar
2026-03-07 16:07:59,910 [Worker-45: Launching Executing install in C__Users_user_Documents_Juan PC guillermo SpringAngularAWS_WORKSPACES_workspacegRPC_restaurantes] INFO  o.eclipse.m2e.core.internal.Bundles - 	Entry: C:\Users\user\.p2\pool\plugins\org.eclipse.m2e.maven.runtime_3.9.900.20240824-1409\jars\maven-artifact-3.9.9.jar
2026-03-07 16:07:59,910 [Worker-45: Launching Executing install in C__Users_user_Documents_Juan PC guillermo SpringAngularAWS_WORKSPACES_workspacegRPC_restaurantes] INFO  o.eclipse.m2e.core.internal.Bundles - 	Entry: C:\Users\user\.p2\pool\plugins\org.eclipse.m2e.maven.runtime_3.9.900.20240824-1409\jars\maven-builder-support-3.9.9.jar
2026-03-07 16:07:59,910 [Worker-45: Launching Executing install in C__Users_user_Documents_Juan PC guillermo SpringAngularAWS_WORKSPACES_workspacegRPC_restaurantes] INFO  o.eclipse.m2e.core.internal.Bundles - 	Entry: C:\Users\user\.p2\pool\plugins\org.eclipse.m2e.maven.runtime_3.9.900.20240824-1409\jars\maven-compat-3.9.9.jar
2026-03-07 16:07:59,910 [Worker-45: Launching Executing install in C__Users_user_Documents_Juan PC guillermo SpringAngularAWS_WORKSPACES_workspacegRPC_restaurantes] INFO  o.eclipse.m2e.core.internal.Bundles - 	Entry: C:\Users\user\.p2\pool\plugins\org.eclipse.m2e.maven.runtime_3.9.900.20240824-1409\jars\maven-core-3.9.9.jar
2026-03-07 16:07:59,910 [Worker-45: Launching Executing install in C__Users_user_Documents_Juan PC guillermo SpringAngularAWS_WORKSPACES_workspacegRPC_restaurantes] INFO  o.eclipse.m2e.core.internal.Bundles - 	Entry: C:\Users\user\.p2\pool\plugins\org.eclipse.m2e.maven.runtime_3.9.900.20240824-1409\jars\maven-embedder-3.9.9.jar
2026-03-07 16:07:59,910 [Worker-45: Launching Executing install in C__Users_user_Documents_Juan PC guillermo SpringAngularAWS_WORKSPACES_workspacegRPC_restaurantes] INFO  o.eclipse.m2e.core.internal.Bundles - 	Entry: C:\Users\user\.p2\pool\plugins\org.eclipse.m2e.maven.runtime_3.9.900.20240824-1409\jars\maven-model-3.9.9.jar
2026-03-07 16:07:59,911 [Worker-45: Launching Executing install in C__Users_user_Documents_Juan PC guillermo SpringAngularAWS_WORKSPACES_workspacegRPC_restaurantes] INFO  o.eclipse.m2e.core.internal.Bundles - 	Entry: C:\Users\user\.p2\pool\plugins\org.eclipse.m2e.maven.runtime_3.9.900.20240824-1409\jars\maven-model-builder-3.9.9.jar
2026-03-07 16:07:59,911 [Worker-45: Launching Executing install in C__Users_user_Documents_Juan PC guillermo SpringAngularAWS_WORKSPACES_workspacegRPC_restaurantes] INFO  o.eclipse.m2e.core.internal.Bundles - 	Entry: C:\Users\user\.p2\pool\plugins\org.eclipse.m2e.maven.runtime_3.9.900.20240824-1409\jars\maven-plugin-api-3.9.9.jar
2026-03-07 16:07:59,911 [Worker-45: Launching Executing install in C__Users_user_Documents_Juan PC guillermo SpringAngularAWS_WORKSPACES_workspacegRPC_restaurantes] INFO  o.eclipse.m2e.core.internal.Bundles - 	Entry: C:\Users\user\.p2\pool\plugins\org.eclipse.m2e.maven.runtime_3.9.900.20240824-1409\jars\maven-repository-metadata-3.9.9.jar
2026-03-07 16:07:59,911 [Worker-45: Launching Executing install in C__Users_user_Documents_Juan PC guillermo SpringAngularAWS_WORKSPACES_workspacegRPC_restaurantes] INFO  o.eclipse.m2e.core.internal.Bundles - 	Entry: C:\Users\user\.p2\pool\plugins\org.eclipse.m2e.maven.runtime_3.9.900.20240824-1409\jars\maven-resolver-api-1.9.22.jar
2026-03-07 16:07:59,911 [Worker-45: Launching Executing install in C__Users_user_Documents_Juan PC guillermo SpringAngularAWS_WORKSPACES_workspacegRPC_restaurantes] INFO  o.eclipse.m2e.core.internal.Bundles - 	Entry: C:\Users\user\.p2\pool\plugins\org.eclipse.m2e.maven.runtime_3.9.900.20240824-1409\jars\maven-resolver-connector-basic-1.9.22.jar
2026-03-07 16:07:59,911 [Worker-45: Launching Executing install in C__Users_user_Documents_Juan PC guillermo SpringAngularAWS_WORKSPACES_workspacegRPC_restaurantes] INFO  o.eclipse.m2e.core.internal.Bundles - 	Entry: C:\Users\user\.p2\pool\plugins\org.eclipse.m2e.maven.runtime_3.9.900.20240824-1409\jars\maven-resolver-impl-1.9.22.jar
2026-03-07 16:07:59,911 [Worker-45: Launching Executing install in C__Users_user_Documents_Juan PC guillermo SpringAngularAWS_WORKSPACES_workspacegRPC_restaurantes] INFO  o.eclipse.m2e.core.internal.Bundles - 	Entry: C:\Users\user\.p2\pool\plugins\org.eclipse.m2e.maven.runtime_3.9.900.20240824-1409\jars\maven-resolver-named-locks-1.9.22.jar
2026-03-07 16:07:59,911 [Worker-45: Launching Executing install in C__Users_user_Documents_Juan PC guillermo SpringAngularAWS_WORKSPACES_workspacegRPC_restaurantes] INFO  o.eclipse.m2e.core.internal.Bundles - 	Entry: C:\Users\user\.p2\pool\plugins\org.eclipse.m2e.maven.runtime_3.9.900.20240824-1409\jars\maven-resolver-provider-3.9.9.jar
2026-03-07 16:07:59,911 [Worker-45: Launching Executing install in C__Users_user_Documents_Juan PC guillermo SpringAngularAWS_WORKSPACES_workspacegRPC_restaurantes] INFO  o.eclipse.m2e.core.internal.Bundles - 	Entry: C:\Users\user\.p2\pool\plugins\org.eclipse.m2e.maven.runtime_3.9.900.20240824-1409\jars\maven-resolver-spi-1.9.22.jar
2026-03-07 16:07:59,911 [Worker-45: Launching Executing install in C__Users_user_Documents_Juan PC guillermo SpringAngularAWS_WORKSPACES_workspacegRPC_restaurantes] INFO  o.eclipse.m2e.core.internal.Bundles - 	Entry: C:\Users\user\.p2\pool\plugins\org.eclipse.m2e.maven.runtime_3.9.900.20240824-1409\jars\maven-resolver-transport-file-1.9.22.jar
2026-03-07 16:07:59,912 [Worker-45: Launching Executing install in C__Users_user_Documents_Juan PC guillermo SpringAngularAWS_WORKSPACES_workspacegRPC_restaurantes] INFO  o.eclipse.m2e.core.internal.Bundles - 	Entry: C:\Users\user\.p2\pool\plugins\org.eclipse.m2e.maven.runtime_3.9.900.20240824-1409\jars\maven-resolver-transport-http-1.9.22.jar
2026-03-07 16:07:59,912 [Worker-45: Launching Executing install in C__Users_user_Documents_Juan PC guillermo SpringAngularAWS_WORKSPACES_workspacegRPC_restaurantes] INFO  o.eclipse.m2e.core.internal.Bundles - 	Entry: C:\Users\user\.p2\pool\plugins\org.eclipse.m2e.maven.runtime_3.9.900.20240824-1409\jars\maven-resolver-transport-wagon-1.9.22.jar
2026-03-07 16:07:59,912 [Worker-45: Launching Executing install in C__Users_user_Documents_Juan PC guillermo SpringAngularAWS_WORKSPACES_workspacegRPC_restaurantes] INFO  o.eclipse.m2e.core.internal.Bundles - 	Entry: C:\Users\user\.p2\pool\plugins\org.eclipse.m2e.maven.runtime_3.9.900.20240824-1409\jars\maven-resolver-util-1.9.22.jar
2026-03-07 16:07:59,912 [Worker-45: Launching Executing install in C__Users_user_Documents_Juan PC guillermo SpringAngularAWS_WORKSPACES_workspacegRPC_restaurantes] INFO  o.eclipse.m2e.core.internal.Bundles - 	Entry: C:\Users\user\.p2\pool\plugins\org.eclipse.m2e.maven.runtime_3.9.900.20240824-1409\jars\maven-settings-3.9.9.jar
2026-03-07 16:07:59,912 [Worker-45: Launching Executing install in C__Users_user_Documents_Juan PC guillermo SpringAngularAWS_WORKSPACES_workspacegRPC_restaurantes] INFO  o.eclipse.m2e.core.internal.Bundles - 	Entry: C:\Users\user\.p2\pool\plugins\org.eclipse.m2e.maven.runtime_3.9.900.20240824-1409\jars\maven-settings-builder-3.9.9.jar
2026-03-07 16:07:59,912 [Worker-45: Launching Executing install in C__Users_user_Documents_Juan PC guillermo SpringAngularAWS_WORKSPACES_workspacegRPC_restaurantes] INFO  o.eclipse.m2e.core.internal.Bundles - 	Entry: C:\Users\user\.p2\pool\plugins\org.eclipse.m2e.maven.runtime_3.9.900.20240824-1409\jars\maven-shared-utils-3.4.2.jar
2026-03-07 16:07:59,912 [Worker-45: Launching Executing install in C__Users_user_Documents_Juan PC guillermo SpringAngularAWS_WORKSPACES_workspacegRPC_restaurantes] INFO  o.eclipse.m2e.core.internal.Bundles - 	Entry: C:\Users\user\.p2\pool\plugins\org.eclipse.m2e.maven.runtime_3.9.900.20240824-1409\jars\org.eclipse.sisu.inject-0.9.0.M3.jar
2026-03-07 16:07:59,912 [Worker-45: Launching Executing install in C__Users_user_Documents_Juan PC guillermo SpringAngularAWS_WORKSPACES_workspacegRPC_restaurantes] INFO  o.eclipse.m2e.core.internal.Bundles - 	Entry: C:\Users\user\.p2\pool\plugins\org.eclipse.m2e.maven.runtime_3.9.900.20240824-1409\jars\org.eclipse.sisu.plexus-0.9.0.M3.jar
2026-03-07 16:07:59,912 [Worker-45: Launching Executing install in C__Users_user_Documents_Juan PC guillermo SpringAngularAWS_WORKSPACES_workspacegRPC_restaurantes] INFO  o.eclipse.m2e.core.internal.Bundles - 	Entry: C:\Users\user\.p2\pool\plugins\org.eclipse.m2e.maven.runtime_3.9.900.20240824-1409\jars\plexus-build-api-0.0.7.jar
2026-03-07 16:07:59,912 [Worker-45: Launching Executing install in C__Users_user_Documents_Juan PC guillermo SpringAngularAWS_WORKSPACES_workspacegRPC_restaurantes] INFO  o.eclipse.m2e.core.internal.Bundles - 	Entry: C:\Users\user\.p2\pool\plugins\org.eclipse.m2e.maven.runtime_3.9.900.20240824-1409\jars\plexus-build-api-1.2.0.jar
2026-03-07 16:07:59,913 [Worker-45: Launching Executing install in C__Users_user_Documents_Juan PC guillermo SpringAngularAWS_WORKSPACES_workspacegRPC_restaurantes] INFO  o.eclipse.m2e.core.internal.Bundles - 	Entry: C:\Users\user\.p2\pool\plugins\org.eclipse.m2e.maven.runtime_3.9.900.20240824-1409\jars\plexus-cipher-2.0.jar
2026-03-07 16:07:59,913 [Worker-45: Launching Executing install in C__Users_user_Documents_Juan PC guillermo SpringAngularAWS_WORKSPACES_workspacegRPC_restaurantes] INFO  o.eclipse.m2e.core.internal.Bundles - 	Entry: C:\Users\user\.p2\pool\plugins\org.eclipse.m2e.maven.runtime_3.9.900.20240824-1409\jars\plexus-classworlds-2.8.0.jar
2026-03-07 16:07:59,913 [Worker-45: Launching Executing install in C__Users_user_Documents_Juan PC guillermo SpringAngularAWS_WORKSPACES_workspacegRPC_restaurantes] INFO  o.eclipse.m2e.core.internal.Bundles - 	Entry: C:\Users\user\.p2\pool\plugins\org.eclipse.m2e.maven.runtime_3.9.900.20240824-1409\jars\plexus-component-annotations-2.1.0.jar
2026-03-07 16:07:59,913 [Worker-45: Launching Executing install in C__Users_user_Documents_Juan PC guillermo SpringAngularAWS_WORKSPACES_workspacegRPC_restaurantes] INFO  o.eclipse.m2e.core.internal.Bundles - 	Entry: C:\Users\user\.p2\pool\plugins\org.eclipse.m2e.maven.runtime_3.9.900.20240824-1409\jars\plexus-interpolation-1.27.jar
2026-03-07 16:07:59,913 [Worker-45: Launching Executing install in C__Users_user_Documents_Juan PC guillermo SpringAngularAWS_WORKSPACES_workspacegRPC_restaurantes] INFO  o.eclipse.m2e.core.internal.Bundles - 	Entry: C:\Users\user\.p2\pool\plugins\org.eclipse.m2e.maven.runtime_3.9.900.20240824-1409\jars\plexus-sec-dispatcher-2.0.jar
2026-03-07 16:07:59,913 [Worker-45: Launching Executing install in C__Users_user_Documents_Juan PC guillermo SpringAngularAWS_WORKSPACES_workspacegRPC_restaurantes] INFO  o.eclipse.m2e.core.internal.Bundles - 	Entry: C:\Users\user\.p2\pool\plugins\org.eclipse.m2e.maven.runtime_3.9.900.20240824-1409\jars\plexus-utils-3.5.1.jar
2026-03-07 16:07:59,913 [Worker-45: Launching Executing install in C__Users_user_Documents_Juan PC guillermo SpringAngularAWS_WORKSPACES_workspacegRPC_restaurantes] INFO  o.eclipse.m2e.core.internal.Bundles - 	Entry: C:\Users\user\.p2\pool\plugins\org.eclipse.m2e.maven.runtime_3.9.900.20240824-1409\jars\plexus-xml-3.0.1.jar
2026-03-07 16:07:59,913 [Worker-45: Launching Executing install in C__Users_user_Documents_Juan PC guillermo SpringAngularAWS_WORKSPACES_workspacegRPC_restaurantes] INFO  o.eclipse.m2e.core.internal.Bundles - 	Entry: C:\Users\user\.p2\pool\plugins\org.eclipse.m2e.maven.runtime_3.9.900.20240824-1409\jars\wagon-file-3.5.3.jar
2026-03-07 16:07:59,913 [Worker-45: Launching Executing install in C__Users_user_Documents_Juan PC guillermo SpringAngularAWS_WORKSPACES_workspacegRPC_restaurantes] INFO  o.eclipse.m2e.core.internal.Bundles - 	Entry: C:\Users\user\.p2\pool\plugins\org.eclipse.m2e.maven.runtime_3.9.900.20240824-1409\jars\wagon-http-3.5.3.jar
2026-03-07 16:07:59,913 [Worker-45: Launching Executing install in C__Users_user_Documents_Juan PC guillermo SpringAngularAWS_WORKSPACES_workspacegRPC_restaurantes] INFO  o.eclipse.m2e.core.internal.Bundles - 	Entry: C:\Users\user\.p2\pool\plugins\org.eclipse.m2e.maven.runtime_3.9.900.20240824-1409\jars\wagon-http-shared-3.5.3.jar
2026-03-07 16:07:59,913 [Worker-45: Launching Executing install in C__Users_user_Documents_Juan PC guillermo SpringAngularAWS_WORKSPACES_workspacegRPC_restaurantes] INFO  o.eclipse.m2e.core.internal.Bundles - 	Entry: C:\Users\user\.p2\pool\plugins\org.eclipse.m2e.maven.runtime_3.9.900.20240824-1409\jars\wagon-provider-api-3.5.3.jar
2026-03-07 16:07:59,914 [Worker-45: Launching Executing install in C__Users_user_Documents_Juan PC guillermo SpringAngularAWS_WORKSPACES_workspacegRPC_restaurantes] INFO  o.eclipse.m2e.core.internal.Bundles - getClasspathEntries(Bundle=com.google.guava_33.4.0.jre [544])
2026-03-07 16:07:59,914 [Worker-45: Launching Executing install in C__Users_user_Documents_Juan PC guillermo SpringAngularAWS_WORKSPACES_workspacegRPC_restaurantes] INFO  o.eclipse.m2e.core.internal.Bundles - 	Entry: C:\Users\user\.p2\pool\plugins\com.google.guava_33.4.0.jre.jar
2026-03-07 16:07:59,914 [Worker-45: Launching Executing install in C__Users_user_Documents_Juan PC guillermo SpringAngularAWS_WORKSPACES_workspacegRPC_restaurantes] INFO  o.eclipse.m2e.core.internal.Bundles - getClasspathEntries(Bundle=slf4j.api_2.0.17 [609])
2026-03-07 16:07:59,915 [Worker-45: Launching Executing install in C__Users_user_Documents_Juan PC guillermo SpringAngularAWS_WORKSPACES_workspacegRPC_restaurantes] INFO  o.eclipse.m2e.core.internal.Bundles - 	Entry: C:\Users\user\.p2\pool\plugins\slf4j.api_2.0.17.jar
2026-03-07 16:07:59,915 [Worker-45: Launching Executing install in C__Users_user_Documents_Juan PC guillermo SpringAngularAWS_WORKSPACES_workspacegRPC_restaurantes] INFO  o.eclipse.m2e.core.internal.Bundles - getClasspathEntries(Bundle=jakarta.inject.jakarta.inject-api_1.0.5 [22])
2026-03-07 16:07:59,915 [Worker-45: Launching Executing install in C__Users_user_Documents_Juan PC guillermo SpringAngularAWS_WORKSPACES_workspacegRPC_restaurantes] INFO  o.eclipse.m2e.core.internal.Bundles - 	Entry: C:\Users\user\.p2\pool\plugins\jakarta.inject.jakarta.inject-api_1.0.5.jar
2026-03-07 16:07:59,915 [Worker-45: Launching Executing install in C__Users_user_Documents_Juan PC guillermo SpringAngularAWS_WORKSPACES_workspacegRPC_restaurantes] INFO  o.eclipse.m2e.core.internal.Bundles - getClasspathEntries(Bundle=javax.annotation_1.3.5.v20200909-1856 [552])
2026-03-07 16:07:59,916 [Worker-45: Launching Executing install in C__Users_user_Documents_Juan PC guillermo SpringAngularAWS_WORKSPACES_workspacegRPC_restaurantes] INFO  o.eclipse.m2e.core.internal.Bundles - 	Entry: C:\Users\user\.p2\pool\plugins\javax.annotation_1.3.5.v20200909-1856.jar
2026-03-07 16:07:59,916 [Worker-45: Launching Executing install in C__Users_user_Documents_Juan PC guillermo SpringAngularAWS_WORKSPACES_workspacegRPC_restaurantes] INFO  o.eclipse.m2e.core.internal.Bundles - getClasspathEntries(Bundle=org.apache.commons.cli_1.9.0 [47])
2026-03-07 16:07:59,916 [Worker-45: Launching Executing install in C__Users_user_Documents_Juan PC guillermo SpringAngularAWS_WORKSPACES_workspacegRPC_restaurantes] INFO  o.eclipse.m2e.core.internal.Bundles - 	Entry: C:\Users\user\.p2\pool\plugins\org.apache.commons.cli_1.9.0.jar
2026-03-07 16:07:59,916 [Worker-45: Launching Executing install in C__Users_user_Documents_Juan PC guillermo SpringAngularAWS_WORKSPACES_workspacegRPC_restaurantes] INFO  o.eclipse.m2e.core.internal.Bundles - getClasspathEntries(Bundle=org.apache.commons.commons-codec_1.16.0 [50])
2026-03-07 16:07:59,917 [Worker-45: Launching Executing install in C__Users_user_Documents_Juan PC guillermo SpringAngularAWS_WORKSPACES_workspacegRPC_restaurantes] INFO  o.eclipse.m2e.core.internal.Bundles - 	Entry: C:\Users\user\.p2\pool\plugins\org.apache.commons.commons-codec_1.16.0.jar
2026-03-07 16:07:59,917 [Worker-45: Launching Executing install in C__Users_user_Documents_Juan PC guillermo SpringAngularAWS_WORKSPACES_workspacegRPC_restaurantes] INFO  o.eclipse.m2e.core.internal.Bundles - getClasspathEntries(Bundle=com.google.guava.failureaccess_1.0.2 [11])
2026-03-07 16:07:59,917 [Worker-45: Launching Executing install in C__Users_user_Documents_Juan PC guillermo SpringAngularAWS_WORKSPACES_workspacegRPC_restaurantes] INFO  o.eclipse.m2e.core.internal.Bundles - 	Entry: C:\Users\user\.p2\pool\plugins\com.google.guava.failureaccess_1.0.2.jar
2026-03-07 16:07:59,920 [Worker-45: Launching Executing install in C__Users_user_Documents_Juan PC guillermo SpringAngularAWS_WORKSPACES_workspacegRPC_restaurantes] INFO  o.e.m.i.launch.MavenLaunchDelegate - Run build in "C:\Users\user\Documents\Juan PC guillermo SpringAngularAWS\WORKSPACES\workspacegRPC\restaurantes":
2026-03-07 16:07:59,920 [Worker-45: Launching Executing install in C__Users_user_Documents_Juan PC guillermo SpringAngularAWS_WORKSPACES_workspacegRPC_restaurantes] INFO  o.e.m.i.launch.MavenLaunchDelegate -  mvn  -B -Dstyle.color=always install
2026-03-07 16:10:02,681 [Worker-42: Building] INFO  o.a.m.s.f.DefaultMavenResourcesFiltering - Copying 1 resource from src\main\resources to target\classes
2026-03-07 16:10:02,688 [Worker-42: Building] INFO  o.a.m.s.f.DefaultMavenResourcesFiltering - Copying 0 resource from src\main\resources to target\classes
2026-03-07 16:10:02,690 [Worker-42: Building] INFO  o.a.m.s.f.DefaultMavenResourcesFiltering - skip non existing resourceDirectory C:\Users\user\Documents\Juan PC guillermo SpringAngularAWS\WORKSPACES\workspacegRPC\restaurantes\src\test\resources
2026-03-07 16:10:09,180 [Worker-43: Launching Executing clean in C__Users_user_Documents_Juan PC guillermo SpringAngularAWS_WORKSPACES_workspacegRPC_restaurantes] INFO  o.eclipse.m2e.core.internal.Bundles - getClasspathEntries(Bundle=org.eclipse.m2e.maven.runtime_3.9.900.20240824-1409 [300])
2026-03-07 16:10:09,181 [Worker-43: Launching Executing clean in C__Users_user_Documents_Juan PC guillermo SpringAngularAWS_WORKSPACES_workspacegRPC_restaurantes] INFO  o.eclipse.m2e.core.internal.Bundles - 	Entry: C:\Users\user\.p2\pool\plugins\org.eclipse.m2e.maven.runtime_3.9.900.20240824-1409
2026-03-07 16:10:09,181 [Worker-43: Launching Executing clean in C__Users_user_Documents_Juan PC guillermo SpringAngularAWS_WORKSPACES_workspacegRPC_restaurantes] INFO  o.eclipse.m2e.core.internal.Bundles - 	Entry: C:\Users\user\.p2\pool\plugins\org.eclipse.m2e.maven.runtime_3.9.900.20240824-1409\jars\aopalliance-1.0.jar
2026-03-07 16:10:09,181 [Worker-43: Launching Executing clean in C__Users_user_Documents_Juan PC guillermo SpringAngularAWS_WORKSPACES_workspacegRPC_restaurantes] INFO  o.eclipse.m2e.core.internal.Bundles - 	Entry: C:\Users\user\.p2\pool\plugins\org.eclipse.m2e.maven.runtime_3.9.900.20240824-1409\jars\guice-5.1.0.jar
2026-03-07 16:10:09,181 [Worker-43: Launching Executing clean in C__Users_user_Documents_Juan PC guillermo SpringAngularAWS_WORKSPACES_workspacegRPC_restaurantes] INFO  o.eclipse.m2e.core.internal.Bundles - 	Entry: C:\Users\user\.p2\pool\plugins\org.eclipse.m2e.maven.runtime_3.9.900.20240824-1409\jars\httpclient-4.5.14.jar
2026-03-07 16:10:09,181 [Worker-43: Launching Executing clean in C__Users_user_Documents_Juan PC guillermo SpringAngularAWS_WORKSPACES_workspacegRPC_restaurantes] INFO  o.eclipse.m2e.core.internal.Bundles - 	Entry: C:\Users\user\.p2\pool\plugins\org.eclipse.m2e.maven.runtime_3.9.900.20240824-1409\jars\httpcore-4.4.16.jar
2026-03-07 16:10:09,181 [Worker-43: Launching Executing clean in C__Users_user_Documents_Juan PC guillermo SpringAngularAWS_WORKSPACES_workspacegRPC_restaurantes] INFO  o.eclipse.m2e.core.internal.Bundles - 	Entry: C:\Users\user\.p2\pool\plugins\org.eclipse.m2e.maven.runtime_3.9.900.20240824-1409\jars\jansi-2.4.1.jar
2026-03-07 16:10:09,181 [Worker-43: Launching Executing clean in C__Users_user_Documents_Juan PC guillermo SpringAngularAWS_WORKSPACES_workspacegRPC_restaurantes] INFO  o.eclipse.m2e.core.internal.Bundles - 	Entry: C:\Users\user\.p2\pool\plugins\org.eclipse.m2e.maven.runtime_3.9.900.20240824-1409\jars\jcl-over-slf4j-1.7.36.jar
2026-03-07 16:10:09,181 [Worker-43: Launching Executing clean in C__Users_user_Documents_Juan PC guillermo SpringAngularAWS_WORKSPACES_workspacegRPC_restaurantes] INFO  o.eclipse.m2e.core.internal.Bundles - 	Entry: C:\Users\user\.p2\pool\plugins\org.eclipse.m2e.maven.runtime_3.9.900.20240824-1409\jars\maven-artifact-3.9.9.jar
2026-03-07 16:10:09,181 [Worker-43: Launching Executing clean in C__Users_user_Documents_Juan PC guillermo SpringAngularAWS_WORKSPACES_workspacegRPC_restaurantes] INFO  o.eclipse.m2e.core.internal.Bundles - 	Entry: C:\Users\user\.p2\pool\plugins\org.eclipse.m2e.maven.runtime_3.9.900.20240824-1409\jars\maven-builder-support-3.9.9.jar
2026-03-07 16:10:09,182 [Worker-43: Launching Executing clean in C__Users_user_Documents_Juan PC guillermo SpringAngularAWS_WORKSPACES_workspacegRPC_restaurantes] INFO  o.eclipse.m2e.core.internal.Bundles - 	Entry: C:\Users\user\.p2\pool\plugins\org.eclipse.m2e.maven.runtime_3.9.900.20240824-1409\jars\maven-compat-3.9.9.jar
2026-03-07 16:10:09,182 [Worker-43: Launching Executing clean in C__Users_user_Documents_Juan PC guillermo SpringAngularAWS_WORKSPACES_workspacegRPC_restaurantes] INFO  o.eclipse.m2e.core.internal.Bundles - 	Entry: C:\Users\user\.p2\pool\plugins\org.eclipse.m2e.maven.runtime_3.9.900.20240824-1409\jars\maven-core-3.9.9.jar
2026-03-07 16:10:09,182 [Worker-43: Launching Executing clean in C__Users_user_Documents_Juan PC guillermo SpringAngularAWS_WORKSPACES_workspacegRPC_restaurantes] INFO  o.eclipse.m2e.core.internal.Bundles - 	Entry: C:\Users\user\.p2\pool\plugins\org.eclipse.m2e.maven.runtime_3.9.900.20240824-1409\jars\maven-embedder-3.9.9.jar
2026-03-07 16:10:09,182 [Worker-43: Launching Executing clean in C__Users_user_Documents_Juan PC guillermo SpringAngularAWS_WORKSPACES_workspacegRPC_restaurantes] INFO  o.eclipse.m2e.core.internal.Bundles - 	Entry: C:\Users\user\.p2\pool\plugins\org.eclipse.m2e.maven.runtime_3.9.900.20240824-1409\jars\maven-model-3.9.9.jar
2026-03-07 16:10:09,182 [Worker-43: Launching Executing clean in C__Users_user_Documents_Juan PC guillermo SpringAngularAWS_WORKSPACES_workspacegRPC_restaurantes] INFO  o.eclipse.m2e.core.internal.Bundles - 	Entry: C:\Users\user\.p2\pool\plugins\org.eclipse.m2e.maven.runtime_3.9.900.20240824-1409\jars\maven-model-builder-3.9.9.jar
2026-03-07 16:10:09,182 [Worker-43: Launching Executing clean in C__Users_user_Documents_Juan PC guillermo SpringAngularAWS_WORKSPACES_workspacegRPC_restaurantes] INFO  o.eclipse.m2e.core.internal.Bundles - 	Entry: C:\Users\user\.p2\pool\plugins\org.eclipse.m2e.maven.runtime_3.9.900.20240824-1409\jars\maven-plugin-api-3.9.9.jar
2026-03-07 16:10:09,182 [Worker-43: Launching Executing clean in C__Users_user_Documents_Juan PC guillermo SpringAngularAWS_WORKSPACES_workspacegRPC_restaurantes] INFO  o.eclipse.m2e.core.internal.Bundles - 	Entry: C:\Users\user\.p2\pool\plugins\org.eclipse.m2e.maven.runtime_3.9.900.20240824-1409\jars\maven-repository-metadata-3.9.9.jar
2026-03-07 16:10:09,183 [Worker-43: Launching Executing clean in C__Users_user_Documents_Juan PC guillermo SpringAngularAWS_WORKSPACES_workspacegRPC_restaurantes] INFO  o.eclipse.m2e.core.internal.Bundles - 	Entry: C:\Users\user\.p2\pool\plugins\org.eclipse.m2e.maven.runtime_3.9.900.20240824-1409\jars\maven-resolver-api-1.9.22.jar
2026-03-07 16:10:09,183 [Worker-43: Launching Executing clean in C__Users_user_Documents_Juan PC guillermo SpringAngularAWS_WORKSPACES_workspacegRPC_restaurantes] INFO  o.eclipse.m2e.core.internal.Bundles - 	Entry: C:\Users\user\.p2\pool\plugins\org.eclipse.m2e.maven.runtime_3.9.900.20240824-1409\jars\maven-resolver-connector-basic-1.9.22.jar
2026-03-07 16:10:09,183 [Worker-43: Launching Executing clean in C__Users_user_Documents_Juan PC guillermo SpringAngularAWS_WORKSPACES_workspacegRPC_restaurantes] INFO  o.eclipse.m2e.core.internal.Bundles - 	Entry: C:\Users\user\.p2\pool\plugins\org.eclipse.m2e.maven.runtime_3.9.900.20240824-1409\jars\maven-resolver-impl-1.9.22.jar
2026-03-07 16:10:09,183 [Worker-43: Launching Executing clean in C__Users_user_Documents_Juan PC guillermo SpringAngularAWS_WORKSPACES_workspacegRPC_restaurantes] INFO  o.eclipse.m2e.core.internal.Bundles - 	Entry: C:\Users\user\.p2\pool\plugins\org.eclipse.m2e.maven.runtime_3.9.900.20240824-1409\jars\maven-resolver-named-locks-1.9.22.jar
2026-03-07 16:10:09,183 [Worker-43: Launching Executing clean in C__Users_user_Documents_Juan PC guillermo SpringAngularAWS_WORKSPACES_workspacegRPC_restaurantes] INFO  o.eclipse.m2e.core.internal.Bundles - 	Entry: C:\Users\user\.p2\pool\plugins\org.eclipse.m2e.maven.runtime_3.9.900.20240824-1409\jars\maven-resolver-provider-3.9.9.jar
2026-03-07 16:10:09,183 [Worker-43: Launching Executing clean in C__Users_user_Documents_Juan PC guillermo SpringAngularAWS_WORKSPACES_workspacegRPC_restaurantes] INFO  o.eclipse.m2e.core.internal.Bundles - 	Entry: C:\Users\user\.p2\pool\plugins\org.eclipse.m2e.maven.runtime_3.9.900.20240824-1409\jars\maven-resolver-spi-1.9.22.jar
2026-03-07 16:10:09,183 [Worker-43: Launching Executing clean in C__Users_user_Documents_Juan PC guillermo SpringAngularAWS_WORKSPACES_workspacegRPC_restaurantes] INFO  o.eclipse.m2e.core.internal.Bundles - 	Entry: C:\Users\user\.p2\pool\plugins\org.eclipse.m2e.maven.runtime_3.9.900.20240824-1409\jars\maven-resolver-transport-file-1.9.22.jar
2026-03-07 16:10:09,183 [Worker-43: Launching Executing clean in C__Users_user_Documents_Juan PC guillermo SpringAngularAWS_WORKSPACES_workspacegRPC_restaurantes] INFO  o.eclipse.m2e.core.internal.Bundles - 	Entry: C:\Users\user\.p2\pool\plugins\org.eclipse.m2e.maven.runtime_3.9.900.20240824-1409\jars\maven-resolver-transport-http-1.9.22.jar
2026-03-07 16:10:09,183 [Worker-43: Launching Executing clean in C__Users_user_Documents_Juan PC guillermo SpringAngularAWS_WORKSPACES_workspacegRPC_restaurantes] INFO  o.eclipse.m2e.core.internal.Bundles - 	Entry: C:\Users\user\.p2\pool\plugins\org.eclipse.m2e.maven.runtime_3.9.900.20240824-1409\jars\maven-resolver-transport-wagon-1.9.22.jar
2026-03-07 16:10:09,184 [Worker-43: Launching Executing clean in C__Users_user_Documents_Juan PC guillermo SpringAngularAWS_WORKSPACES_workspacegRPC_restaurantes] INFO  o.eclipse.m2e.core.internal.Bundles - 	Entry: C:\Users\user\.p2\pool\plugins\org.eclipse.m2e.maven.runtime_3.9.900.20240824-1409\jars\maven-resolver-util-1.9.22.jar
2026-03-07 16:10:09,184 [Worker-43: Launching Executing clean in C__Users_user_Documents_Juan PC guillermo SpringAngularAWS_WORKSPACES_workspacegRPC_restaurantes] INFO  o.eclipse.m2e.core.internal.Bundles - 	Entry: C:\Users\user\.p2\pool\plugins\org.eclipse.m2e.maven.runtime_3.9.900.20240824-1409\jars\maven-settings-3.9.9.jar
2026-03-07 16:10:09,184 [Worker-43: Launching Executing clean in C__Users_user_Documents_Juan PC guillermo SpringAngularAWS_WORKSPACES_workspacegRPC_restaurantes] INFO  o.eclipse.m2e.core.internal.Bundles - 	Entry: C:\Users\user\.p2\pool\plugins\org.eclipse.m2e.maven.runtime_3.9.900.20240824-1409\jars\maven-settings-builder-3.9.9.jar
2026-03-07 16:10:09,184 [Worker-43: Launching Executing clean in C__Users_user_Documents_Juan PC guillermo SpringAngularAWS_WORKSPACES_workspacegRPC_restaurantes] INFO  o.eclipse.m2e.core.internal.Bundles - 	Entry: C:\Users\user\.p2\pool\plugins\org.eclipse.m2e.maven.runtime_3.9.900.20240824-1409\jars\maven-shared-utils-3.4.2.jar
2026-03-07 16:10:09,184 [Worker-43: Launching Executing clean in C__Users_user_Documents_Juan PC guillermo SpringAngularAWS_WORKSPACES_workspacegRPC_restaurantes] INFO  o.eclipse.m2e.core.internal.Bundles - 	Entry: C:\Users\user\.p2\pool\plugins\org.eclipse.m2e.maven.runtime_3.9.900.20240824-1409\jars\org.eclipse.sisu.inject-0.9.0.M3.jar
2026-03-07 16:10:09,184 [Worker-43: Launching Executing clean in C__Users_user_Documents_Juan PC guillermo SpringAngularAWS_WORKSPACES_workspacegRPC_restaurantes] INFO  o.eclipse.m2e.core.internal.Bundles - 	Entry: C:\Users\user\.p2\pool\plugins\org.eclipse.m2e.maven.runtime_3.9.900.20240824-1409\jars\org.eclipse.sisu.plexus-0.9.0.M3.jar
2026-03-07 16:10:09,184 [Worker-43: Launching Executing clean in C__Users_user_Documents_Juan PC guillermo SpringAngularAWS_WORKSPACES_workspacegRPC_restaurantes] INFO  o.eclipse.m2e.core.internal.Bundles - 	Entry: C:\Users\user\.p2\pool\plugins\org.eclipse.m2e.maven.runtime_3.9.900.20240824-1409\jars\plexus-build-api-0.0.7.jar
2026-03-07 16:10:09,184 [Worker-43: Launching Executing clean in C__Users_user_Documents_Juan PC guillermo SpringAngularAWS_WORKSPACES_workspacegRPC_restaurantes] INFO  o.eclipse.m2e.core.internal.Bundles - 	Entry: C:\Users\user\.p2\pool\plugins\org.eclipse.m2e.maven.runtime_3.9.900.20240824-1409\jars\plexus-build-api-1.2.0.jar
2026-03-07 16:10:09,184 [Worker-43: Launching Executing clean in C__Users_user_Documents_Juan PC guillermo SpringAngularAWS_WORKSPACES_workspacegRPC_restaurantes] INFO  o.eclipse.m2e.core.internal.Bundles - 	Entry: C:\Users\user\.p2\pool\plugins\org.eclipse.m2e.maven.runtime_3.9.900.20240824-1409\jars\plexus-cipher-2.0.jar
2026-03-07 16:10:09,184 [Worker-43: Launching Executing clean in C__Users_user_Documents_Juan PC guillermo SpringAngularAWS_WORKSPACES_workspacegRPC_restaurantes] INFO  o.eclipse.m2e.core.internal.Bundles - 	Entry: C:\Users\user\.p2\pool\plugins\org.eclipse.m2e.maven.runtime_3.9.900.20240824-1409\jars\plexus-classworlds-2.8.0.jar
2026-03-07 16:10:09,185 [Worker-43: Launching Executing clean in C__Users_user_Documents_Juan PC guillermo SpringAngularAWS_WORKSPACES_workspacegRPC_restaurantes] INFO  o.eclipse.m2e.core.internal.Bundles - 	Entry: C:\Users\user\.p2\pool\plugins\org.eclipse.m2e.maven.runtime_3.9.900.20240824-1409\jars\plexus-component-annotations-2.1.0.jar
2026-03-07 16:10:09,185 [Worker-43: Launching Executing clean in C__Users_user_Documents_Juan PC guillermo SpringAngularAWS_WORKSPACES_workspacegRPC_restaurantes] INFO  o.eclipse.m2e.core.internal.Bundles - 	Entry: C:\Users\user\.p2\pool\plugins\org.eclipse.m2e.maven.runtime_3.9.900.20240824-1409\jars\plexus-interpolation-1.27.jar
2026-03-07 16:10:09,185 [Worker-43: Launching Executing clean in C__Users_user_Documents_Juan PC guillermo SpringAngularAWS_WORKSPACES_workspacegRPC_restaurantes] INFO  o.eclipse.m2e.core.internal.Bundles - 	Entry: C:\Users\user\.p2\pool\plugins\org.eclipse.m2e.maven.runtime_3.9.900.20240824-1409\jars\plexus-sec-dispatcher-2.0.jar
2026-03-07 16:10:09,185 [Worker-43: Launching Executing clean in C__Users_user_Documents_Juan PC guillermo SpringAngularAWS_WORKSPACES_workspacegRPC_restaurantes] INFO  o.eclipse.m2e.core.internal.Bundles - 	Entry: C:\Users\user\.p2\pool\plugins\org.eclipse.m2e.maven.runtime_3.9.900.20240824-1409\jars\plexus-utils-3.5.1.jar
2026-03-07 16:10:09,185 [Worker-43: Launching Executing clean in C__Users_user_Documents_Juan PC guillermo SpringAngularAWS_WORKSPACES_workspacegRPC_restaurantes] INFO  o.eclipse.m2e.core.internal.Bundles - 	Entry: C:\Users\user\.p2\pool\plugins\org.eclipse.m2e.maven.runtime_3.9.900.20240824-1409\jars\plexus-xml-3.0.1.jar
2026-03-07 16:10:09,185 [Worker-43: Launching Executing clean in C__Users_user_Documents_Juan PC guillermo SpringAngularAWS_WORKSPACES_workspacegRPC_restaurantes] INFO  o.eclipse.m2e.core.internal.Bundles - 	Entry: C:\Users\user\.p2\pool\plugins\org.eclipse.m2e.maven.runtime_3.9.900.20240824-1409\jars\wagon-file-3.5.3.jar
2026-03-07 16:10:09,185 [Worker-43: Launching Executing clean in C__Users_user_Documents_Juan PC guillermo SpringAngularAWS_WORKSPACES_workspacegRPC_restaurantes] INFO  o.eclipse.m2e.core.internal.Bundles - 	Entry: C:\Users\user\.p2\pool\plugins\org.eclipse.m2e.maven.runtime_3.9.900.20240824-1409\jars\wagon-http-3.5.3.jar
2026-03-07 16:10:09,185 [Worker-43: Launching Executing clean in C__Users_user_Documents_Juan PC guillermo SpringAngularAWS_WORKSPACES_workspacegRPC_restaurantes] INFO  o.eclipse.m2e.core.internal.Bundles - 	Entry: C:\Users\user\.p2\pool\plugins\org.eclipse.m2e.maven.runtime_3.9.900.20240824-1409\jars\wagon-http-shared-3.5.3.jar
2026-03-07 16:10:09,186 [Worker-43: Launching Executing clean in C__Users_user_Documents_Juan PC guillermo SpringAngularAWS_WORKSPACES_workspacegRPC_restaurantes] INFO  o.eclipse.m2e.core.internal.Bundles - 	Entry: C:\Users\user\.p2\pool\plugins\org.eclipse.m2e.maven.runtime_3.9.900.20240824-1409\jars\wagon-provider-api-3.5.3.jar
2026-03-07 16:10:09,186 [Worker-43: Launching Executing clean in C__Users_user_Documents_Juan PC guillermo SpringAngularAWS_WORKSPACES_workspacegRPC_restaurantes] INFO  o.eclipse.m2e.core.internal.Bundles - getClasspathEntries(Bundle=com.google.guava_33.4.0.jre [544])
2026-03-07 16:10:09,186 [Worker-43: Launching Executing clean in C__Users_user_Documents_Juan PC guillermo SpringAngularAWS_WORKSPACES_workspacegRPC_restaurantes] INFO  o.eclipse.m2e.core.internal.Bundles - 	Entry: C:\Users\user\.p2\pool\plugins\com.google.guava_33.4.0.jre.jar
2026-03-07 16:10:09,186 [Worker-43: Launching Executing clean in C__Users_user_Documents_Juan PC guillermo SpringAngularAWS_WORKSPACES_workspacegRPC_restaurantes] INFO  o.eclipse.m2e.core.internal.Bundles - getClasspathEntries(Bundle=slf4j.api_2.0.17 [609])
2026-03-07 16:10:09,187 [Worker-43: Launching Executing clean in C__Users_user_Documents_Juan PC guillermo SpringAngularAWS_WORKSPACES_workspacegRPC_restaurantes] INFO  o.eclipse.m2e.core.internal.Bundles - 	Entry: C:\Users\user\.p2\pool\plugins\slf4j.api_2.0.17.jar
2026-03-07 16:10:09,187 [Worker-43: Launching Executing clean in C__Users_user_Documents_Juan PC guillermo SpringAngularAWS_WORKSPACES_workspacegRPC_restaurantes] INFO  o.eclipse.m2e.core.internal.Bundles - getClasspathEntries(Bundle=jakarta.inject.jakarta.inject-api_1.0.5 [22])
2026-03-07 16:10:09,187 [Worker-43: Launching Executing clean in C__Users_user_Documents_Juan PC guillermo SpringAngularAWS_WORKSPACES_workspacegRPC_restaurantes] INFO  o.eclipse.m2e.core.internal.Bundles - 	Entry: C:\Users\user\.p2\pool\plugins\jakarta.inject.jakarta.inject-api_1.0.5.jar
2026-03-07 16:10:09,187 [Worker-43: Launching Executing clean in C__Users_user_Documents_Juan PC guillermo SpringAngularAWS_WORKSPACES_workspacegRPC_restaurantes] INFO  o.eclipse.m2e.core.internal.Bundles - getClasspathEntries(Bundle=javax.annotation_1.3.5.v20200909-1856 [552])
2026-03-07 16:10:09,187 [Worker-43: Launching Executing clean in C__Users_user_Documents_Juan PC guillermo SpringAngularAWS_WORKSPACES_workspacegRPC_restaurantes] INFO  o.eclipse.m2e.core.internal.Bundles - 	Entry: C:\Users\user\.p2\pool\plugins\javax.annotation_1.3.5.v20200909-1856.jar
2026-03-07 16:10:09,187 [Worker-43: Launching Executing clean in C__Users_user_Documents_Juan PC guillermo SpringAngularAWS_WORKSPACES_workspacegRPC_restaurantes] INFO  o.eclipse.m2e.core.internal.Bundles - getClasspathEntries(Bundle=org.apache.commons.cli_1.9.0 [47])
2026-03-07 16:10:09,187 [Worker-43: Launching Executing clean in C__Users_user_Documents_Juan PC guillermo SpringAngularAWS_WORKSPACES_workspacegRPC_restaurantes] INFO  o.eclipse.m2e.core.internal.Bundles - 	Entry: C:\Users\user\.p2\pool\plugins\org.apache.commons.cli_1.9.0.jar
2026-03-07 16:10:09,187 [Worker-43: Launching Executing clean in C__Users_user_Documents_Juan PC guillermo SpringAngularAWS_WORKSPACES_workspacegRPC_restaurantes] INFO  o.eclipse.m2e.core.internal.Bundles - getClasspathEntries(Bundle=org.apache.commons.commons-codec_1.16.0 [50])
2026-03-07 16:10:09,188 [Worker-43: Launching Executing clean in C__Users_user_Documents_Juan PC guillermo SpringAngularAWS_WORKSPACES_workspacegRPC_restaurantes] INFO  o.eclipse.m2e.core.internal.Bundles - 	Entry: C:\Users\user\.p2\pool\plugins\org.apache.commons.commons-codec_1.16.0.jar
2026-03-07 16:10:09,188 [Worker-43: Launching Executing clean in C__Users_user_Documents_Juan PC guillermo SpringAngularAWS_WORKSPACES_workspacegRPC_restaurantes] INFO  o.eclipse.m2e.core.internal.Bundles - getClasspathEntries(Bundle=com.google.guava.failureaccess_1.0.2 [11])
2026-03-07 16:10:09,188 [Worker-43: Launching Executing clean in C__Users_user_Documents_Juan PC guillermo SpringAngularAWS_WORKSPACES_workspacegRPC_restaurantes] INFO  o.eclipse.m2e.core.internal.Bundles - 	Entry: C:\Users\user\.p2\pool\plugins\com.google.guava.failureaccess_1.0.2.jar
2026-03-07 16:10:09,189 [Worker-43: Launching Executing clean in C__Users_user_Documents_Juan PC guillermo SpringAngularAWS_WORKSPACES_workspacegRPC_restaurantes] INFO  o.e.m.i.launch.MavenLaunchDelegate - Run build in "C:\Users\user\Documents\Juan PC guillermo SpringAngularAWS\WORKSPACES\workspacegRPC\restaurantes":
2026-03-07 16:10:09,189 [Worker-43: Launching Executing clean in C__Users_user_Documents_Juan PC guillermo SpringAngularAWS_WORKSPACES_workspacegRPC_restaurantes] INFO  o.e.m.i.launch.MavenLaunchDelegate -  mvn  -B -Dstyle.color=always clean
2026-03-07 16:10:12,095 [Worker-43: Building] INFO  o.a.m.s.f.DefaultMavenResourcesFiltering - Copying 1 resource from src\main\resources to target\classes
2026-03-07 16:10:12,096 [Worker-43: Building] INFO  o.a.m.s.f.DefaultMavenResourcesFiltering - Copying 0 resource from src\main\resources to target\classes
2026-03-07 16:10:12,099 [Worker-43: Building] INFO  o.a.m.s.f.DefaultMavenResourcesFiltering - skip non existing resourceDirectory C:\Users\user\Documents\Juan PC guillermo SpringAngularAWS\WORKSPACES\workspacegRPC\restaurantes\src\test\resources
2026-03-07 16:10:16,357 [Worker-44: Launching Executing install in C__Users_user_Documents_Juan PC guillermo SpringAngularAWS_WORKSPACES_workspacegRPC_restaurantes] INFO  o.eclipse.m2e.core.internal.Bundles - getClasspathEntries(Bundle=org.eclipse.m2e.maven.runtime_3.9.900.20240824-1409 [300])
2026-03-07 16:10:16,357 [Worker-44: Launching Executing install in C__Users_user_Documents_Juan PC guillermo SpringAngularAWS_WORKSPACES_workspacegRPC_restaurantes] INFO  o.eclipse.m2e.core.internal.Bundles - 	Entry: C:\Users\user\.p2\pool\plugins\org.eclipse.m2e.maven.runtime_3.9.900.20240824-1409
2026-03-07 16:10:16,358 [Worker-44: Launching Executing install in C__Users_user_Documents_Juan PC guillermo SpringAngularAWS_WORKSPACES_workspacegRPC_restaurantes] INFO  o.eclipse.m2e.core.internal.Bundles - 	Entry: C:\Users\user\.p2\pool\plugins\org.eclipse.m2e.maven.runtime_3.9.900.20240824-1409\jars\aopalliance-1.0.jar
2026-03-07 16:10:16,358 [Worker-44: Launching Executing install in C__Users_user_Documents_Juan PC guillermo SpringAngularAWS_WORKSPACES_workspacegRPC_restaurantes] INFO  o.eclipse.m2e.core.internal.Bundles - 	Entry: C:\Users\user\.p2\pool\plugins\org.eclipse.m2e.maven.runtime_3.9.900.20240824-1409\jars\guice-5.1.0.jar
2026-03-07 16:10:16,358 [Worker-44: Launching Executing install in C__Users_user_Documents_Juan PC guillermo SpringAngularAWS_WORKSPACES_workspacegRPC_restaurantes] INFO  o.eclipse.m2e.core.internal.Bundles - 	Entry: C:\Users\user\.p2\pool\plugins\org.eclipse.m2e.maven.runtime_3.9.900.20240824-1409\jars\httpclient-4.5.14.jar
2026-03-07 16:10:16,358 [Worker-44: Launching Executing install in C__Users_user_Documents_Juan PC guillermo SpringAngularAWS_WORKSPACES_workspacegRPC_restaurantes] INFO  o.eclipse.m2e.core.internal.Bundles - 	Entry: C:\Users\user\.p2\pool\plugins\org.eclipse.m2e.maven.runtime_3.9.900.20240824-1409\jars\httpcore-4.4.16.jar
2026-03-07 16:10:16,358 [Worker-44: Launching Executing install in C__Users_user_Documents_Juan PC guillermo SpringAngularAWS_WORKSPACES_workspacegRPC_restaurantes] INFO  o.eclipse.m2e.core.internal.Bundles - 	Entry: C:\Users\user\.p2\pool\plugins\org.eclipse.m2e.maven.runtime_3.9.900.20240824-1409\jars\jansi-2.4.1.jar
2026-03-07 16:10:16,358 [Worker-44: Launching Executing install in C__Users_user_Documents_Juan PC guillermo SpringAngularAWS_WORKSPACES_workspacegRPC_restaurantes] INFO  o.eclipse.m2e.core.internal.Bundles - 	Entry: C:\Users\user\.p2\pool\plugins\org.eclipse.m2e.maven.runtime_3.9.900.20240824-1409\jars\jcl-over-slf4j-1.7.36.jar
2026-03-07 16:10:16,358 [Worker-44: Launching Executing install in C__Users_user_Documents_Juan PC guillermo SpringAngularAWS_WORKSPACES_workspacegRPC_restaurantes] INFO  o.eclipse.m2e.core.internal.Bundles - 	Entry: C:\Users\user\.p2\pool\plugins\org.eclipse.m2e.maven.runtime_3.9.900.20240824-1409\jars\maven-artifact-3.9.9.jar
2026-03-07 16:10:16,358 [Worker-44: Launching Executing install in C__Users_user_Documents_Juan PC guillermo SpringAngularAWS_WORKSPACES_workspacegRPC_restaurantes] INFO  o.eclipse.m2e.core.internal.Bundles - 	Entry: C:\Users\user\.p2\pool\plugins\org.eclipse.m2e.maven.runtime_3.9.900.20240824-1409\jars\maven-builder-support-3.9.9.jar
2026-03-07 16:10:16,358 [Worker-44: Launching Executing install in C__Users_user_Documents_Juan PC guillermo SpringAngularAWS_WORKSPACES_workspacegRPC_restaurantes] INFO  o.eclipse.m2e.core.internal.Bundles - 	Entry: C:\Users\user\.p2\pool\plugins\org.eclipse.m2e.maven.runtime_3.9.900.20240824-1409\jars\maven-compat-3.9.9.jar
2026-03-07 16:10:16,358 [Worker-44: Launching Executing install in C__Users_user_Documents_Juan PC guillermo SpringAngularAWS_WORKSPACES_workspacegRPC_restaurantes] INFO  o.eclipse.m2e.core.internal.Bundles - 	Entry: C:\Users\user\.p2\pool\plugins\org.eclipse.m2e.maven.runtime_3.9.900.20240824-1409\jars\maven-core-3.9.9.jar
2026-03-07 16:10:16,359 [Worker-44: Launching Executing install in C__Users_user_Documents_Juan PC guillermo SpringAngularAWS_WORKSPACES_workspacegRPC_restaurantes] INFO  o.eclipse.m2e.core.internal.Bundles - 	Entry: C:\Users\user\.p2\pool\plugins\org.eclipse.m2e.maven.runtime_3.9.900.20240824-1409\jars\maven-embedder-3.9.9.jar
2026-03-07 16:10:16,359 [Worker-44: Launching Executing install in C__Users_user_Documents_Juan PC guillermo SpringAngularAWS_WORKSPACES_workspacegRPC_restaurantes] INFO  o.eclipse.m2e.core.internal.Bundles - 	Entry: C:\Users\user\.p2\pool\plugins\org.eclipse.m2e.maven.runtime_3.9.900.20240824-1409\jars\maven-model-3.9.9.jar
2026-03-07 16:10:16,359 [Worker-44: Launching Executing install in C__Users_user_Documents_Juan PC guillermo SpringAngularAWS_WORKSPACES_workspacegRPC_restaurantes] INFO  o.eclipse.m2e.core.internal.Bundles - 	Entry: C:\Users\user\.p2\pool\plugins\org.eclipse.m2e.maven.runtime_3.9.900.20240824-1409\jars\maven-model-builder-3.9.9.jar
2026-03-07 16:10:16,359 [Worker-44: Launching Executing install in C__Users_user_Documents_Juan PC guillermo SpringAngularAWS_WORKSPACES_workspacegRPC_restaurantes] INFO  o.eclipse.m2e.core.internal.Bundles - 	Entry: C:\Users\user\.p2\pool\plugins\org.eclipse.m2e.maven.runtime_3.9.900.20240824-1409\jars\maven-plugin-api-3.9.9.jar
2026-03-07 16:10:16,359 [Worker-44: Launching Executing install in C__Users_user_Documents_Juan PC guillermo SpringAngularAWS_WORKSPACES_workspacegRPC_restaurantes] INFO  o.eclipse.m2e.core.internal.Bundles - 	Entry: C:\Users\user\.p2\pool\plugins\org.eclipse.m2e.maven.runtime_3.9.900.20240824-1409\jars\maven-repository-metadata-3.9.9.jar
2026-03-07 16:10:16,359 [Worker-44: Launching Executing install in C__Users_user_Documents_Juan PC guillermo SpringAngularAWS_WORKSPACES_workspacegRPC_restaurantes] INFO  o.eclipse.m2e.core.internal.Bundles - 	Entry: C:\Users\user\.p2\pool\plugins\org.eclipse.m2e.maven.runtime_3.9.900.20240824-1409\jars\maven-resolver-api-1.9.22.jar
2026-03-07 16:10:16,359 [Worker-44: Launching Executing install in C__Users_user_Documents_Juan PC guillermo SpringAngularAWS_WORKSPACES_workspacegRPC_restaurantes] INFO  o.eclipse.m2e.core.internal.Bundles - 	Entry: C:\Users\user\.p2\pool\plugins\org.eclipse.m2e.maven.runtime_3.9.900.20240824-1409\jars\maven-resolver-connector-basic-1.9.22.jar
2026-03-07 16:10:16,359 [Worker-44: Launching Executing install in C__Users_user_Documents_Juan PC guillermo SpringAngularAWS_WORKSPACES_workspacegRPC_restaurantes] INFO  o.eclipse.m2e.core.internal.Bundles - 	Entry: C:\Users\user\.p2\pool\plugins\org.eclipse.m2e.maven.runtime_3.9.900.20240824-1409\jars\maven-resolver-impl-1.9.22.jar
2026-03-07 16:10:16,359 [Worker-44: Launching Executing install in C__Users_user_Documents_Juan PC guillermo SpringAngularAWS_WORKSPACES_workspacegRPC_restaurantes] INFO  o.eclipse.m2e.core.internal.Bundles - 	Entry: C:\Users\user\.p2\pool\plugins\org.eclipse.m2e.maven.runtime_3.9.900.20240824-1409\jars\maven-resolver-named-locks-1.9.22.jar
2026-03-07 16:10:16,359 [Worker-44: Launching Executing install in C__Users_user_Documents_Juan PC guillermo SpringAngularAWS_WORKSPACES_workspacegRPC_restaurantes] INFO  o.eclipse.m2e.core.internal.Bundles - 	Entry: C:\Users\user\.p2\pool\plugins\org.eclipse.m2e.maven.runtime_3.9.900.20240824-1409\jars\maven-resolver-provider-3.9.9.jar
2026-03-07 16:10:16,360 [Worker-44: Launching Executing install in C__Users_user_Documents_Juan PC guillermo SpringAngularAWS_WORKSPACES_workspacegRPC_restaurantes] INFO  o.eclipse.m2e.core.internal.Bundles - 	Entry: C:\Users\user\.p2\pool\plugins\org.eclipse.m2e.maven.runtime_3.9.900.20240824-1409\jars\maven-resolver-spi-1.9.22.jar
2026-03-07 16:10:16,360 [Worker-44: Launching Executing install in C__Users_user_Documents_Juan PC guillermo SpringAngularAWS_WORKSPACES_workspacegRPC_restaurantes] INFO  o.eclipse.m2e.core.internal.Bundles - 	Entry: C:\Users\user\.p2\pool\plugins\org.eclipse.m2e.maven.runtime_3.9.900.20240824-1409\jars\maven-resolver-transport-file-1.9.22.jar
2026-03-07 16:10:16,360 [Worker-44: Launching Executing install in C__Users_user_Documents_Juan PC guillermo SpringAngularAWS_WORKSPACES_workspacegRPC_restaurantes] INFO  o.eclipse.m2e.core.internal.Bundles - 	Entry: C:\Users\user\.p2\pool\plugins\org.eclipse.m2e.maven.runtime_3.9.900.20240824-1409\jars\maven-resolver-transport-http-1.9.22.jar
2026-03-07 16:10:16,360 [Worker-44: Launching Executing install in C__Users_user_Documents_Juan PC guillermo SpringAngularAWS_WORKSPACES_workspacegRPC_restaurantes] INFO  o.eclipse.m2e.core.internal.Bundles - 	Entry: C:\Users\user\.p2\pool\plugins\org.eclipse.m2e.maven.runtime_3.9.900.20240824-1409\jars\maven-resolver-transport-wagon-1.9.22.jar
2026-03-07 16:10:16,360 [Worker-44: Launching Executing install in C__Users_user_Documents_Juan PC guillermo SpringAngularAWS_WORKSPACES_workspacegRPC_restaurantes] INFO  o.eclipse.m2e.core.internal.Bundles - 	Entry: C:\Users\user\.p2\pool\plugins\org.eclipse.m2e.maven.runtime_3.9.900.20240824-1409\jars\maven-resolver-util-1.9.22.jar
2026-03-07 16:10:16,360 [Worker-44: Launching Executing install in C__Users_user_Documents_Juan PC guillermo SpringAngularAWS_WORKSPACES_workspacegRPC_restaurantes] INFO  o.eclipse.m2e.core.internal.Bundles - 	Entry: C:\Users\user\.p2\pool\plugins\org.eclipse.m2e.maven.runtime_3.9.900.20240824-1409\jars\maven-settings-3.9.9.jar
2026-03-07 16:10:16,360 [Worker-44: Launching Executing install in C__Users_user_Documents_Juan PC guillermo SpringAngularAWS_WORKSPACES_workspacegRPC_restaurantes] INFO  o.eclipse.m2e.core.internal.Bundles - 	Entry: C:\Users\user\.p2\pool\plugins\org.eclipse.m2e.maven.runtime_3.9.900.20240824-1409\jars\maven-settings-builder-3.9.9.jar
2026-03-07 16:10:16,360 [Worker-44: Launching Executing install in C__Users_user_Documents_Juan PC guillermo SpringAngularAWS_WORKSPACES_workspacegRPC_restaurantes] INFO  o.eclipse.m2e.core.internal.Bundles - 	Entry: C:\Users\user\.p2\pool\plugins\org.eclipse.m2e.maven.runtime_3.9.900.20240824-1409\jars\maven-shared-utils-3.4.2.jar
2026-03-07 16:10:16,360 [Worker-44: Launching Executing install in C__Users_user_Documents_Juan PC guillermo SpringAngularAWS_WORKSPACES_workspacegRPC_restaurantes] INFO  o.eclipse.m2e.core.internal.Bundles - 	Entry: C:\Users\user\.p2\pool\plugins\org.eclipse.m2e.maven.runtime_3.9.900.20240824-1409\jars\org.eclipse.sisu.inject-0.9.0.M3.jar
2026-03-07 16:10:16,360 [Worker-44: Launching Executing install in C__Users_user_Documents_Juan PC guillermo SpringAngularAWS_WORKSPACES_workspacegRPC_restaurantes] INFO  o.eclipse.m2e.core.internal.Bundles - 	Entry: C:\Users\user\.p2\pool\plugins\org.eclipse.m2e.maven.runtime_3.9.900.20240824-1409\jars\org.eclipse.sisu.plexus-0.9.0.M3.jar
2026-03-07 16:10:16,360 [Worker-44: Launching Executing install in C__Users_user_Documents_Juan PC guillermo SpringAngularAWS_WORKSPACES_workspacegRPC_restaurantes] INFO  o.eclipse.m2e.core.internal.Bundles - 	Entry: C:\Users\user\.p2\pool\plugins\org.eclipse.m2e.maven.runtime_3.9.900.20240824-1409\jars\plexus-build-api-0.0.7.jar
2026-03-07 16:10:16,361 [Worker-44: Launching Executing install in C__Users_user_Documents_Juan PC guillermo SpringAngularAWS_WORKSPACES_workspacegRPC_restaurantes] INFO  o.eclipse.m2e.core.internal.Bundles - 	Entry: C:\Users\user\.p2\pool\plugins\org.eclipse.m2e.maven.runtime_3.9.900.20240824-1409\jars\plexus-build-api-1.2.0.jar
2026-03-07 16:10:16,361 [Worker-44: Launching Executing install in C__Users_user_Documents_Juan PC guillermo SpringAngularAWS_WORKSPACES_workspacegRPC_restaurantes] INFO  o.eclipse.m2e.core.internal.Bundles - 	Entry: C:\Users\user\.p2\pool\plugins\org.eclipse.m2e.maven.runtime_3.9.900.20240824-1409\jars\plexus-cipher-2.0.jar
2026-03-07 16:10:16,361 [Worker-44: Launching Executing install in C__Users_user_Documents_Juan PC guillermo SpringAngularAWS_WORKSPACES_workspacegRPC_restaurantes] INFO  o.eclipse.m2e.core.internal.Bundles - 	Entry: C:\Users\user\.p2\pool\plugins\org.eclipse.m2e.maven.runtime_3.9.900.20240824-1409\jars\plexus-classworlds-2.8.0.jar
2026-03-07 16:10:16,361 [Worker-44: Launching Executing install in C__Users_user_Documents_Juan PC guillermo SpringAngularAWS_WORKSPACES_workspacegRPC_restaurantes] INFO  o.eclipse.m2e.core.internal.Bundles - 	Entry: C:\Users\user\.p2\pool\plugins\org.eclipse.m2e.maven.runtime_3.9.900.20240824-1409\jars\plexus-component-annotations-2.1.0.jar
2026-03-07 16:10:16,361 [Worker-44: Launching Executing install in C__Users_user_Documents_Juan PC guillermo SpringAngularAWS_WORKSPACES_workspacegRPC_restaurantes] INFO  o.eclipse.m2e.core.internal.Bundles - 	Entry: C:\Users\user\.p2\pool\plugins\org.eclipse.m2e.maven.runtime_3.9.900.20240824-1409\jars\plexus-interpolation-1.27.jar
2026-03-07 16:10:16,361 [Worker-44: Launching Executing install in C__Users_user_Documents_Juan PC guillermo SpringAngularAWS_WORKSPACES_workspacegRPC_restaurantes] INFO  o.eclipse.m2e.core.internal.Bundles - 	Entry: C:\Users\user\.p2\pool\plugins\org.eclipse.m2e.maven.runtime_3.9.900.20240824-1409\jars\plexus-sec-dispatcher-2.0.jar
2026-03-07 16:10:16,361 [Worker-44: Launching Executing install in C__Users_user_Documents_Juan PC guillermo SpringAngularAWS_WORKSPACES_workspacegRPC_restaurantes] INFO  o.eclipse.m2e.core.internal.Bundles - 	Entry: C:\Users\user\.p2\pool\plugins\org.eclipse.m2e.maven.runtime_3.9.900.20240824-1409\jars\plexus-utils-3.5.1.jar
2026-03-07 16:10:16,361 [Worker-44: Launching Executing install in C__Users_user_Documents_Juan PC guillermo SpringAngularAWS_WORKSPACES_workspacegRPC_restaurantes] INFO  o.eclipse.m2e.core.internal.Bundles - 	Entry: C:\Users\user\.p2\pool\plugins\org.eclipse.m2e.maven.runtime_3.9.900.20240824-1409\jars\plexus-xml-3.0.1.jar
2026-03-07 16:10:16,361 [Worker-44: Launching Executing install in C__Users_user_Documents_Juan PC guillermo SpringAngularAWS_WORKSPACES_workspacegRPC_restaurantes] INFO  o.eclipse.m2e.core.internal.Bundles - 	Entry: C:\Users\user\.p2\pool\plugins\org.eclipse.m2e.maven.runtime_3.9.900.20240824-1409\jars\wagon-file-3.5.3.jar
2026-03-07 16:10:16,361 [Worker-44: Launching Executing install in C__Users_user_Documents_Juan PC guillermo SpringAngularAWS_WORKSPACES_workspacegRPC_restaurantes] INFO  o.eclipse.m2e.core.internal.Bundles - 	Entry: C:\Users\user\.p2\pool\plugins\org.eclipse.m2e.maven.runtime_3.9.900.20240824-1409\jars\wagon-http-3.5.3.jar
2026-03-07 16:10:16,361 [Worker-44: Launching Executing install in C__Users_user_Documents_Juan PC guillermo SpringAngularAWS_WORKSPACES_workspacegRPC_restaurantes] INFO  o.eclipse.m2e.core.internal.Bundles - 	Entry: C:\Users\user\.p2\pool\plugins\org.eclipse.m2e.maven.runtime_3.9.900.20240824-1409\jars\wagon-http-shared-3.5.3.jar
2026-03-07 16:10:16,362 [Worker-44: Launching Executing install in C__Users_user_Documents_Juan PC guillermo SpringAngularAWS_WORKSPACES_workspacegRPC_restaurantes] INFO  o.eclipse.m2e.core.internal.Bundles - 	Entry: C:\Users\user\.p2\pool\plugins\org.eclipse.m2e.maven.runtime_3.9.900.20240824-1409\jars\wagon-provider-api-3.5.3.jar
2026-03-07 16:10:16,362 [Worker-44: Launching Executing install in C__Users_user_Documents_Juan PC guillermo SpringAngularAWS_WORKSPACES_workspacegRPC_restaurantes] INFO  o.eclipse.m2e.core.internal.Bundles - getClasspathEntries(Bundle=com.google.guava_33.4.0.jre [544])
2026-03-07 16:10:16,362 [Worker-44: Launching Executing install in C__Users_user_Documents_Juan PC guillermo SpringAngularAWS_WORKSPACES_workspacegRPC_restaurantes] INFO  o.eclipse.m2e.core.internal.Bundles - 	Entry: C:\Users\user\.p2\pool\plugins\com.google.guava_33.4.0.jre.jar
2026-03-07 16:10:16,362 [Worker-44: Launching Executing install in C__Users_user_Documents_Juan PC guillermo SpringAngularAWS_WORKSPACES_workspacegRPC_restaurantes] INFO  o.eclipse.m2e.core.internal.Bundles - getClasspathEntries(Bundle=slf4j.api_2.0.17 [609])
2026-03-07 16:10:16,362 [Worker-44: Launching Executing install in C__Users_user_Documents_Juan PC guillermo SpringAngularAWS_WORKSPACES_workspacegRPC_restaurantes] INFO  o.eclipse.m2e.core.internal.Bundles - 	Entry: C:\Users\user\.p2\pool\plugins\slf4j.api_2.0.17.jar
2026-03-07 16:10:16,362 [Worker-44: Launching Executing install in C__Users_user_Documents_Juan PC guillermo SpringAngularAWS_WORKSPACES_workspacegRPC_restaurantes] INFO  o.eclipse.m2e.core.internal.Bundles - getClasspathEntries(Bundle=jakarta.inject.jakarta.inject-api_1.0.5 [22])
2026-03-07 16:10:16,363 [Worker-44: Launching Executing install in C__Users_user_Documents_Juan PC guillermo SpringAngularAWS_WORKSPACES_workspacegRPC_restaurantes] INFO  o.eclipse.m2e.core.internal.Bundles - 	Entry: C:\Users\user\.p2\pool\plugins\jakarta.inject.jakarta.inject-api_1.0.5.jar
2026-03-07 16:10:16,363 [Worker-44: Launching Executing install in C__Users_user_Documents_Juan PC guillermo SpringAngularAWS_WORKSPACES_workspacegRPC_restaurantes] INFO  o.eclipse.m2e.core.internal.Bundles - getClasspathEntries(Bundle=javax.annotation_1.3.5.v20200909-1856 [552])
2026-03-07 16:10:16,363 [Worker-44: Launching Executing install in C__Users_user_Documents_Juan PC guillermo SpringAngularAWS_WORKSPACES_workspacegRPC_restaurantes] INFO  o.eclipse.m2e.core.internal.Bundles - 	Entry: C:\Users\user\.p2\pool\plugins\javax.annotation_1.3.5.v20200909-1856.jar
2026-03-07 16:10:16,363 [Worker-44: Launching Executing install in C__Users_user_Documents_Juan PC guillermo SpringAngularAWS_WORKSPACES_workspacegRPC_restaurantes] INFO  o.eclipse.m2e.core.internal.Bundles - getClasspathEntries(Bundle=org.apache.commons.cli_1.9.0 [47])
2026-03-07 16:10:16,363 [Worker-44: Launching Executing install in C__Users_user_Documents_Juan PC guillermo SpringAngularAWS_WORKSPACES_workspacegRPC_restaurantes] INFO  o.eclipse.m2e.core.internal.Bundles - 	Entry: C:\Users\user\.p2\pool\plugins\org.apache.commons.cli_1.9.0.jar
2026-03-07 16:10:16,363 [Worker-44: Launching Executing install in C__Users_user_Documents_Juan PC guillermo SpringAngularAWS_WORKSPACES_workspacegRPC_restaurantes] INFO  o.eclipse.m2e.core.internal.Bundles - getClasspathEntries(Bundle=org.apache.commons.commons-codec_1.16.0 [50])
2026-03-07 16:10:16,364 [Worker-44: Launching Executing install in C__Users_user_Documents_Juan PC guillermo SpringAngularAWS_WORKSPACES_workspacegRPC_restaurantes] INFO  o.eclipse.m2e.core.internal.Bundles - 	Entry: C:\Users\user\.p2\pool\plugins\org.apache.commons.commons-codec_1.16.0.jar
2026-03-07 16:10:16,364 [Worker-44: Launching Executing install in C__Users_user_Documents_Juan PC guillermo SpringAngularAWS_WORKSPACES_workspacegRPC_restaurantes] INFO  o.eclipse.m2e.core.internal.Bundles - getClasspathEntries(Bundle=com.google.guava.failureaccess_1.0.2 [11])
2026-03-07 16:10:16,364 [Worker-44: Launching Executing install in C__Users_user_Documents_Juan PC guillermo SpringAngularAWS_WORKSPACES_workspacegRPC_restaurantes] INFO  o.eclipse.m2e.core.internal.Bundles - 	Entry: C:\Users\user\.p2\pool\plugins\com.google.guava.failureaccess_1.0.2.jar
2026-03-07 16:10:16,365 [Worker-44: Launching Executing install in C__Users_user_Documents_Juan PC guillermo SpringAngularAWS_WORKSPACES_workspacegRPC_restaurantes] INFO  o.e.m.i.launch.MavenLaunchDelegate - Run build in "C:\Users\user\Documents\Juan PC guillermo SpringAngularAWS\WORKSPACES\workspacegRPC\restaurantes":
2026-03-07 16:10:16,365 [Worker-44: Launching Executing install in C__Users_user_Documents_Juan PC guillermo SpringAngularAWS_WORKSPACES_workspacegRPC_restaurantes] INFO  o.e.m.i.launch.MavenLaunchDelegate -  mvn  -B -Dstyle.color=always install
